movie_id,title,title_full,genres_raw
1,Toy Story,Toy Story (1995),Animation|Children's|Comedy
2,Jumanji,Jumanji (1995),Adventure|Children's|Fantasy
3,Grumpier Old Men,Grumpier Old Men (1995),Comedy|Romance
4,Waiting to Exhale,Waiting to Exhale (1995),Comedy|Drama
5,Father of the Bride Part II,Father of the Bride Part II (1995),Comedy
6,Heat,Heat (1995),Action|Crime|Thriller
7,Sabrina,Sabrina (1995),Comedy|Romance
8,Tom and Huck,Tom and Huck (1995),Adventure|Children's
9,Sudden Death,Sudden Death (1995),Action
10,GoldenEye,GoldenEye (1995),Action|Adventure|Thriller
11,"American President, The","American President, The (1995)",Comedy|Drama|Romance
12,Dracula: Dead and Loving It,Dracula: Dead and Loving It (1995),Comedy|Horror
13,Balto,Balto (1995),Animation|Children's
14,Nixon,Nixon (1995),Drama
15,Cutthroat Island,Cutthroat Island (1995),Action|Adventure|Romance
16,Casino,Casino (1995),Drama|Thriller
17,Sense and Sensibility,Sense and Sensibility (1995),Drama|Romance
18,Four Rooms,Four Rooms (1995),Thriller
19,Ace Ventura: When Nature Calls,Ace Ventura: When Nature Calls (1995),Comedy
20,Money Train,Money Train (1995),Action
21,Get Shorty,Get Shorty (1995),Action|Comedy|Drama
22,Copycat,Copycat (1995),Crime|Drama|Thriller
23,Assassins,Assassins (1995),Thriller
24,Powder,Powder (1995),Drama|Sci-Fi
25,Leaving Las Vegas,Leaving Las Vegas (1995),Drama|Romance
26,Othello,Othello (1995),Drama
27,Now and Then,Now and Then (1995),Drama
28,Persuasion,Persuasion (1995),Romance
29,"City of Lost Children, The","City of Lost Children, The (1995)",Adventure|Sci-Fi
30,Shanghai Triad (Yao a yao yao dao waipo qiao),Shanghai Triad (Yao a yao yao dao waipo qiao) (1995),Drama
31,Dangerous Minds,Dangerous Minds (1995),Drama
32,Twelve Monkeys,Twelve Monkeys (1995),Drama|Sci-Fi
33,Wings of Courage,Wings of Courage (1995),Adventure|Romance
34,Babe,Babe (1995),Children's|Comedy|Drama
35,Carrington,Carrington (1995),Drama|Romance
36,Dead Man Walking,Dead Man Walking (1995),Drama
37,Across the Sea of Time,Across the Sea of Time (1995),Documentary
38,It Takes Two,It Takes Two (1995),Comedy
39,Clueless,Clueless (1995),Comedy|Romance
40,"Cry, the Beloved Country","Cry, the Beloved Country (1995)",Drama
41,Richard III,Richard III (1995),Drama|War
42,Dead Presidents,Dead Presidents (1995),Action|Crime|Drama
43,Restoration,Restoration (1995),Drama
44,Mortal Kombat,Mortal Kombat (1995),Action|Adventure
45,To Die For,To Die For (1995),Comedy|Drama
46,How to Make an American Quilt,How to Make an American Quilt (1995),Drama|Romance
47,Seven (Se7en),Seven (Se7en) (1995),Crime|Thriller
48,Pocahontas,Pocahontas (1995),Animation|Children's|Musical|Romance
49,When Night Is Falling,When Night Is Falling (1995),Drama|Romance
50,"Usual Suspects, The","Usual Suspects, The (1995)",Crime|Thriller
51,Guardian Angel,Guardian Angel (1994),Action|Drama|Thriller
52,Mighty Aphrodite,Mighty Aphrodite (1995),Comedy
53,Lamerica,Lamerica (1994),Drama
54,"Big Green, The","Big Green, The (1995)",Children's|Comedy
55,Georgia,Georgia (1995),Drama
56,Kids of the Round Table,Kids of the Round Table (1995),Adventure|Children's|Fantasy
57,Home for the Holidays,Home for the Holidays (1995),Drama
58,"Postino, Il (The Postman)","Postino, Il (The Postman) (1994)",Drama|Romance
59,"Confessional, The (Le Confessionnal)","Confessional, The (Le Confessionnal) (1995)",Drama|Mystery
60,"Indian in the Cupboard, The","Indian in the Cupboard, The (1995)",Adventure|Children's|Fantasy
61,Eye for an Eye,Eye for an Eye (1996),Drama|Thriller
62,Mr. Holland's Opus,Mr. Holland's Opus (1995),Drama
63,Don't Be a Menace to South Central While Drinking Your Juice in the Hood,Don't Be a Menace to South Central While Drinking Your Juice in the Hood (1996),Comedy
64,Two if by Sea,Two if by Sea (1996),Comedy|Romance
65,Bio-Dome,Bio-Dome (1996),Comedy
66,Lawnmower Man 2: Beyond Cyberspace,Lawnmower Man 2: Beyond Cyberspace (1996),Sci-Fi|Thriller
67,Two Bits,Two Bits (1995),Drama
68,French Twist (Gazon maudit),French Twist (Gazon maudit) (1995),Comedy|Romance
69,Friday,Friday (1995),Comedy
70,From Dusk Till Dawn,From Dusk Till Dawn (1996),Action|Comedy|Crime|Horror|Thriller
71,Fair Game,Fair Game (1995),Action
72,Kicking and Screaming,Kicking and Screaming (1995),Comedy|Drama
73,"Misrables, Les","Misrables, Les (1995)",Drama|Musical
74,Bed of Roses,Bed of Roses (1996),Drama|Romance
75,Big Bully,Big Bully (1996),Comedy|Drama
76,Screamers,Screamers (1995),Sci-Fi|Thriller
77,Nico Icon,Nico Icon (1995),Documentary
78,"Crossing Guard, The","Crossing Guard, The (1995)",Drama
79,"Juror, The","Juror, The (1996)",Drama|Thriller
80,"White Balloon, The (Badkonake Sefid )","White Balloon, The (Badkonake Sefid ) (1995)",Drama
81,Things to Do in Denver when You're Dead,Things to Do in Denver when You're Dead (1995),Crime|Drama|Romance
82,Antonia's Line (Antonia),Antonia's Line (Antonia) (1995),Drama
83,Once Upon a Time... When We Were Colored,Once Upon a Time... When We Were Colored (1995),Drama
84,Last Summer in the Hamptons,Last Summer in the Hamptons (1995),Comedy|Drama
85,Angels and Insects,Angels and Insects (1995),Drama|Romance
86,White Squall,White Squall (1996),Adventure|Drama
87,Dunston Checks In,Dunston Checks In (1996),Children's|Comedy
88,Black Sheep,Black Sheep (1996),Comedy
89,Nick of Time,Nick of Time (1995),Action|Thriller
90,"Journey of August King, The","Journey of August King, The (1995)",Drama
92,Mary Reilly,Mary Reilly (1996),Drama|Thriller
93,Vampire in Brooklyn,Vampire in Brooklyn (1995),Comedy|Romance
94,Beautiful Girls,Beautiful Girls (1996),Drama
95,Broken Arrow,Broken Arrow (1996),Action|Thriller
96,In the Bleak Midwinter,In the Bleak Midwinter (1995),Comedy
97,"Hate (Haine, La)","Hate (Haine, La) (1995)",Drama
98,Shopping,Shopping (1994),Action|Thriller
99,Heidi Fleiss: Hollywood Madam,Heidi Fleiss: Hollywood Madam (1995),Documentary
100,City Hall,City Hall (1996),Drama|Thriller
101,Bottle Rocket,Bottle Rocket (1996),Comedy
102,Mr. Wrong,Mr. Wrong (1996),Comedy
103,Unforgettable,Unforgettable (1996),Thriller
104,Happy Gilmore,Happy Gilmore (1996),Comedy
105,"Bridges of Madison County, The","Bridges of Madison County, The (1995)",Drama|Romance
106,Nobody Loves Me (Keiner liebt mich),Nobody Loves Me (Keiner liebt mich) (1994),Comedy|Drama
107,Muppet Treasure Island,Muppet Treasure Island (1996),Adventure|Children's|Comedy|Musical
108,Catwalk,Catwalk (1995),Documentary
109,Headless Body in Topless Bar,Headless Body in Topless Bar (1995),Comedy
110,Braveheart,Braveheart (1995),Action|Drama|War
111,Taxi Driver,Taxi Driver (1976),Drama|Thriller
112,Rumble in the Bronx,Rumble in the Bronx (1995),Action|Adventure|Crime
113,Before and After,Before and After (1996),Drama|Mystery
114,Margaret's Museum,Margaret's Museum (1995),Drama
115,Happiness Is in the Field,Happiness Is in the Field (1995),Comedy
116,Anne Frank Remembered,Anne Frank Remembered (1995),Documentary
117,"Young Poisoner's Handbook, The","Young Poisoner's Handbook, The (1995)",Crime
118,If Lucy Fell,If Lucy Fell (1996),Comedy|Romance
119,"Steal Big, Steal Little","Steal Big, Steal Little (1995)",Comedy
120,Race the Sun,Race the Sun (1996),Drama
121,"Boys of St. Vincent, The","Boys of St. Vincent, The (1993)",Drama
122,Boomerang,Boomerang (1992),Comedy|Romance
123,Chungking Express,Chungking Express (1994),Drama|Mystery|Romance
124,"Star Maker, The (Uomo delle stelle, L')","Star Maker, The (Uomo delle stelle, L') (1995)",Drama
125,Flirting With Disaster,Flirting With Disaster (1996),Comedy
126,"NeverEnding Story III, The","NeverEnding Story III, The (1994)",Adventure|Children's|Fantasy
127,"Silence of the Palace, The (Saimt el Qusur)","Silence of the Palace, The (Saimt el Qusur) (1994)",Drama
128,Jupiter's Wife,Jupiter's Wife (1994),Documentary
129,Pie in the Sky,Pie in the Sky (1995),Comedy|Romance
130,Angela,Angela (1995),Drama
131,Frankie Starlight,Frankie Starlight (1995),Drama|Romance
132,Jade,Jade (1995),Thriller
133,Nueba Yol,Nueba Yol (1995),Comedy|Drama
134,Sonic Outlaws,Sonic Outlaws (1995),Documentary
135,Down Periscope,Down Periscope (1996),Comedy
136,From the Journals of Jean Seberg,From the Journals of Jean Seberg (1995),Documentary
137,Man of the Year,Man of the Year (1995),Documentary
138,"Neon Bible, The","Neon Bible, The (1995)",Drama
139,Target,Target (1995),Action|Drama
140,Up Close and Personal,Up Close and Personal (1996),Drama|Romance
141,"Birdcage, The","Birdcage, The (1996)",Comedy
142,Shadows (Cienie),Shadows (Cienie) (1988),Drama
143,Gospa,Gospa (1995),Drama
144,"Brothers McMullen, The","Brothers McMullen, The (1995)",Comedy
145,Bad Boys,Bad Boys (1995),Action
146,"Amazing Panda Adventure, The","Amazing Panda Adventure, The (1995)",Adventure|Children's
147,"Basketball Diaries, The","Basketball Diaries, The (1995)",Drama
148,"Awfully Big Adventure, An","Awfully Big Adventure, An (1995)",Drama
149,Amateur,Amateur (1994),Crime|Drama|Thriller
150,Apollo 13,Apollo 13 (1995),Drama
151,Rob Roy,Rob Roy (1995),Drama|Romance|War
152,"Addiction, The","Addiction, The (1995)",Horror
153,Batman Forever,Batman Forever (1995),Action|Adventure|Comedy|Crime
154,Belle de jour,Belle de jour (1967),Drama
155,Beyond Rangoon,Beyond Rangoon (1995),Drama|War
156,Blue in the Face,Blue in the Face (1995),Comedy
157,Canadian Bacon,Canadian Bacon (1994),Comedy|War
158,Casper,Casper (1995),Adventure|Children's
159,Clockers,Clockers (1995),Drama
160,Congo,Congo (1995),Action|Adventure|Mystery|Sci-Fi
161,Crimson Tide,Crimson Tide (1995),Drama|Thriller|War
162,Crumb,Crumb (1994),Documentary
163,Desperado,Desperado (1995),Action|Romance|Thriller
164,Devil in a Blue Dress,Devil in a Blue Dress (1995),Crime|Film-Noir|Mystery|Thriller
165,Die Hard: With a Vengeance,Die Hard: With a Vengeance (1995),Action|Thriller
166,"Doom Generation, The","Doom Generation, The (1995)",Comedy|Drama
167,Feast of July,Feast of July (1995),Drama
168,First Knight,First Knight (1995),Action|Adventure|Drama|Romance
169,Free Willy 2: The Adventure Home,Free Willy 2: The Adventure Home (1995),Adventure|Children's|Drama
170,Hackers,Hackers (1995),Action|Crime|Thriller
171,Jeffrey,Jeffrey (1995),Comedy
172,Johnny Mnemonic,Johnny Mnemonic (1995),Action|Sci-Fi|Thriller
173,Judge Dredd,Judge Dredd (1995),Action|Adventure|Sci-Fi
174,Jury Duty,Jury Duty (1995),Comedy
175,Kids,Kids (1995),Drama
176,Living in Oblivion,Living in Oblivion (1995),Comedy
177,Lord of Illusions,Lord of Illusions (1995),Horror
178,Love & Human Remains,Love & Human Remains (1993),Comedy
179,Mad Love,Mad Love (1995),Drama|Romance
180,Mallrats,Mallrats (1995),Comedy
181,Mighty Morphin Power Rangers: The Movie,Mighty Morphin Power Rangers: The Movie (1995),Action|Children's
182,Moonlight and Valentino,Moonlight and Valentino (1995),Drama|Romance
183,Mute Witness,Mute Witness (1994),Thriller
184,Nadja,Nadja (1994),Drama
185,"Net, The","Net, The (1995)",Sci-Fi|Thriller
186,Nine Months,Nine Months (1995),Comedy
187,Party Girl,Party Girl (1995),Comedy
188,"Prophecy, The","Prophecy, The (1995)",Horror
189,Reckless,Reckless (1995),Comedy
190,Safe,Safe (1995),Thriller
191,"Scarlet Letter, The","Scarlet Letter, The (1995)",Drama
192,"Show, The","Show, The (1995)",Documentary
193,Showgirls,Showgirls (1995),Drama
194,Smoke,Smoke (1995),Drama
195,Something to Talk About,Something to Talk About (1995),Comedy|Drama|Romance
196,Species,Species (1995),Horror|Sci-Fi
197,"Stars Fell on Henrietta, The","Stars Fell on Henrietta, The (1995)",Drama
198,Strange Days,Strange Days (1995),Action|Crime|Sci-Fi
199,"Umbrellas of Cherbourg, The (Parapluies de Cherbourg, Les)","Umbrellas of Cherbourg, The (Parapluies de Cherbourg, Les) (1964)",Drama|Musical
200,"Tie That Binds, The","Tie That Binds, The (1995)",Thriller
201,Three Wishes,Three Wishes (1995),Drama
202,Total Eclipse,Total Eclipse (1995),Drama|Romance
203,"To Wong Foo, Thanks for Everything! Julie Newmar","To Wong Foo, Thanks for Everything! Julie Newmar (1995)",Comedy
204,Under Siege 2: Dark Territory,Under Siege 2: Dark Territory (1995),Action
205,Unstrung Heroes,Unstrung Heroes (1995),Comedy|Drama
206,Unzipped,Unzipped (1995),Documentary
207,"Walk in the Clouds, A","Walk in the Clouds, A (1995)",Drama|Romance
208,Waterworld,Waterworld (1995),Action|Adventure
209,White Man's Burden,White Man's Burden (1995),Drama
210,Wild Bill,Wild Bill (1995),Western
211,"Browning Version, The","Browning Version, The (1994)",Drama
212,Bushwhacked,Bushwhacked (1995),Comedy
213,Burnt By the Sun (Utomlyonnye solntsem),Burnt By the Sun (Utomlyonnye solntsem) (1994),Drama
214,Before the Rain (Pred dozhdot),Before the Rain (Pred dozhdot) (1994),Drama
215,Before Sunrise,Before Sunrise (1995),Drama|Romance
216,Billy Madison,Billy Madison (1995),Comedy
217,"Babysitter, The","Babysitter, The (1995)",Drama|Thriller
218,Boys on the Side,Boys on the Side (1995),Comedy|Drama
219,"Cure, The","Cure, The (1995)",Drama
220,Castle Freak,Castle Freak (1995),Horror
222,Circle of Friends,Circle of Friends (1995),Drama|Romance
223,Clerks,Clerks (1994),Comedy
224,Don Juan DeMarco,Don Juan DeMarco (1995),Comedy|Drama|Romance
225,Disclosure,Disclosure (1994),Drama|Thriller
226,Dream Man,Dream Man (1995),Thriller
227,Drop Zone,Drop Zone (1994),Action
228,Destiny Turns on the Radio,Destiny Turns on the Radio (1995),Comedy
229,Death and the Maiden,Death and the Maiden (1994),Drama|Thriller
230,Dolores Claiborne,Dolores Claiborne (1994),Drama|Thriller
231,Dumb & Dumber,Dumb & Dumber (1994),Comedy
232,Eat Drink Man Woman,Eat Drink Man Woman (1994),Comedy|Drama
233,Exotica,Exotica (1994),Drama
234,Exit to Eden,Exit to Eden (1994),Comedy
235,Ed Wood,Ed Wood (1994),Comedy|Drama
236,French Kiss,French Kiss (1995),Comedy|Romance
237,Forget Paris,Forget Paris (1995),Comedy|Romance
238,Far From Home: The Adventures of Yellow Dog,Far From Home: The Adventures of Yellow Dog (1995),Adventure|Children's
239,"Goofy Movie, A","Goofy Movie, A (1995)",Animation|Children's|Comedy|Romance
240,Hideaway,Hideaway (1995),Thriller
241,Fluke,Fluke (1995),Children's|Drama
242,Farinelli: il castrato,Farinelli: il castrato (1994),Drama|Musical
243,Gordy,Gordy (1995),Comedy
244,Gumby: The Movie,Gumby: The Movie (1995),Animation|Children's
245,"Glass Shield, The","Glass Shield, The (1994)",Crime|Drama
246,Hoop Dreams,Hoop Dreams (1994),Documentary
247,Heavenly Creatures,Heavenly Creatures (1994),Drama|Fantasy|Romance|Thriller
248,Houseguest,Houseguest (1994),Comedy
249,Immortal Beloved,Immortal Beloved (1994),Drama|Romance
250,Heavyweights,Heavyweights (1994),Children's|Comedy
251,"Hunted, The","Hunted, The (1995)",Action
252,I.Q.,I.Q. (1994),Comedy|Romance
253,Interview with the Vampire,Interview with the Vampire (1994),Drama|Horror
254,Jefferson in Paris,Jefferson in Paris (1995),Drama
255,"Jerky Boys, The","Jerky Boys, The (1994)",Comedy
256,Junior,Junior (1994),Comedy|Sci-Fi
257,Just Cause,Just Cause (1995),Mystery|Thriller
258,"Kid in King Arthur's Court, A","Kid in King Arthur's Court, A (1995)",Adventure|Children's|Comedy|Fantasy|Romance
259,Kiss of Death,Kiss of Death (1995),Crime|Drama|Thriller
260,Star Wars: Episode IV - A New Hope,Star Wars: Episode IV - A New Hope (1977),Action|Adventure|Fantasy|Sci-Fi
261,Little Women,Little Women (1994),Drama
262,"Little Princess, A","Little Princess, A (1995)",Children's|Drama
263,Ladybird Ladybird,Ladybird Ladybird (1994),Drama
264,"Enfer, L'","Enfer, L' (1994)",Drama
265,Like Water for Chocolate (Como agua para chocolate),Like Water for Chocolate (Como agua para chocolate) (1992),Drama|Romance
266,Legends of the Fall,Legends of the Fall (1994),Drama|Romance|War|Western
267,Major Payne,Major Payne (1994),Comedy
268,Little Odessa,Little Odessa (1994),Drama
269,My Crazy Life (Mi vida loca),My Crazy Life (Mi vida loca) (1993),Drama
270,Love Affair,Love Affair (1994),Drama|Romance
271,Losing Isaiah,Losing Isaiah (1995),Drama
272,"Madness of King George, The","Madness of King George, The (1994)",Drama
273,Mary Shelley's Frankenstein,Mary Shelley's Frankenstein (1994),Drama|Horror
274,Man of the House,Man of the House (1995),Comedy
275,Mixed Nuts,Mixed Nuts (1994),Comedy
276,Milk Money,Milk Money (1994),Comedy|Romance
277,Miracle on 34th Street,Miracle on 34th Street (1994),Drama
278,Miami Rhapsody,Miami Rhapsody (1995),Comedy
279,My Family,My Family (1995),Drama
280,Murder in the First,Murder in the First (1995),Drama|Thriller
281,Nobody's Fool,Nobody's Fool (1994),Drama
282,Nell,Nell (1994),Drama
283,New Jersey Drive,New Jersey Drive (1995),Crime|Drama
284,New York Cop,New York Cop (1996),Action|Crime
285,Beyond Bedlam,Beyond Bedlam (1993),Drama|Horror
286,Nemesis 2: Nebula,Nemesis 2: Nebula (1995),Action|Sci-Fi|Thriller
287,Nina Takes a Lover,Nina Takes a Lover (1994),Comedy|Romance
288,Natural Born Killers,Natural Born Killers (1994),Action|Thriller
289,Only You,Only You (1994),Comedy|Romance
290,Once Were Warriors,Once Were Warriors (1994),Crime|Drama
291,Poison Ivy II,Poison Ivy II (1995),Thriller
292,Outbreak,Outbreak (1995),Action|Drama|Thriller
293,"Professional, The (a.k.a. Leon: The Professional)","Professional, The (a.k.a. Leon: The Professional) (1994)",Crime|Drama|Romance|Thriller
294,"Perez Family, The","Perez Family, The (1995)",Comedy|Romance
295,"Pyromaniac's Love Story, A","Pyromaniac's Love Story, A (1995)",Comedy|Romance
296,Pulp Fiction,Pulp Fiction (1994),Crime|Drama
297,Panther,Panther (1995),Drama
298,Pushing Hands,Pushing Hands (1992),Comedy
299,Priest,Priest (1994),Drama
300,Quiz Show,Quiz Show (1994),Drama
301,Picture Bride,Picture Bride (1995),Drama|Romance
302,Queen Margot (La Reine Margot),Queen Margot (La Reine Margot) (1994),Drama|Romance
303,"Quick and the Dead, The","Quick and the Dead, The (1995)",Action|Adventure|Western
304,Roommates,Roommates (1995),Comedy|Drama
305,Ready to Wear (Pret-A-Porter),Ready to Wear (Pret-A-Porter) (1994),Comedy
306,Three Colors: Red,Three Colors: Red (1994),Drama
307,Three Colors: Blue,Three Colors: Blue (1993),Drama
308,Three Colors: White,Three Colors: White (1994),Drama
309,"Red Firecracker, Green Firecracker","Red Firecracker, Green Firecracker (1994)",Drama
310,Rent-a-Kid,Rent-a-Kid (1995),Comedy
311,Relative Fear,Relative Fear (1994),Horror|Thriller
312,Stuart Saves His Family,Stuart Saves His Family (1995),Comedy
313,"Swan Princess, The","Swan Princess, The (1994)",Animation|Children's
314,"Secret of Roan Inish, The","Secret of Roan Inish, The (1994)",Drama
315,"Specialist, The","Specialist, The (1994)",Action
316,Stargate,Stargate (1994),Action|Adventure|Sci-Fi
317,"Santa Clause, The","Santa Clause, The (1994)",Children's|Comedy|Fantasy
318,"Shawshank Redemption, The","Shawshank Redemption, The (1994)",Drama
319,Shallow Grave,Shallow Grave (1994),Thriller
320,Suture,Suture (1993),Film-Noir|Thriller
321,Strawberry and Chocolate (Fresa y chocolate),Strawberry and Chocolate (Fresa y chocolate) (1993),Drama
322,Swimming with Sharks,Swimming with Sharks (1995),Comedy|Drama
324,"Sum of Us, The","Sum of Us, The (1994)",Comedy
325,National Lampoon's Senior Trip,National Lampoon's Senior Trip (1995),Comedy
326,To Live (Huozhe),To Live (Huozhe) (1994),Drama
327,Tank Girl,Tank Girl (1995),Action|Comedy|Musical|Sci-Fi
328,Tales From the Crypt Presents: Demon Knight,Tales From the Crypt Presents: Demon Knight (1995),Horror
329,Star Trek: Generations,Star Trek: Generations (1994),Action|Adventure|Sci-Fi
330,Tales from the Hood,Tales from the Hood (1995),Comedy|Horror
331,Tom & Viv,Tom & Viv (1994),Drama
332,Village of the Damned,Village of the Damned (1995),Horror|Sci-Fi
333,Tommy Boy,Tommy Boy (1995),Comedy
334,Vanya on 42nd Street,Vanya on 42nd Street (1994),Drama
335,"Underneath, The","Underneath, The (1995)",Mystery|Thriller
336,"Walking Dead, The","Walking Dead, The (1995)",Drama|War
337,What's Eating Gilbert Grape,What's Eating Gilbert Grape (1993),Drama
338,Virtuosity,Virtuosity (1995),Sci-Fi|Thriller
339,While You Were Sleeping,While You Were Sleeping (1995),Comedy|Romance
340,"War, The","War, The (1994)",Adventure|Drama
341,Double Happiness,Double Happiness (1994),Drama
342,Muriel's Wedding,Muriel's Wedding (1994),Comedy|Romance
343,"Baby-Sitters Club, The","Baby-Sitters Club, The (1995)",Children's
344,Ace Ventura: Pet Detective,Ace Ventura: Pet Detective (1994),Comedy
345,"Adventures of Priscilla, Queen of the Desert, The","Adventures of Priscilla, Queen of the Desert, The (1994)",Comedy|Drama
346,Backbeat,Backbeat (1993),Drama|Musical
347,Bitter Moon,Bitter Moon (1992),Drama
348,Bullets Over Broadway,Bullets Over Broadway (1994),Comedy
349,Clear and Present Danger,Clear and Present Danger (1994),Action|Adventure|Thriller
350,"Client, The","Client, The (1994)",Drama|Mystery|Thriller
351,"Corrina, Corrina","Corrina, Corrina (1994)",Comedy|Drama|Romance
352,Crooklyn,Crooklyn (1994),Comedy
353,"Crow, The","Crow, The (1994)",Action|Romance|Thriller
354,Cobb,Cobb (1994),Drama
355,"Flintstones, The","Flintstones, The (1994)",Children's|Comedy
356,Forrest Gump,Forrest Gump (1994),Comedy|Romance|War
357,Four Weddings and a Funeral,Four Weddings and a Funeral (1994),Comedy|Romance
358,Higher Learning,Higher Learning (1995),Drama
359,I Like It Like That,I Like It Like That (1994),Comedy|Drama|Romance
360,I Love Trouble,I Love Trouble (1994),Action|Comedy
361,It Could Happen to You,It Could Happen to You (1994),Drama|Romance
362,"Jungle Book, The","Jungle Book, The (1994)",Adventure|Children's|Romance
363,"Wonderful, Horrible Life of Leni Riefenstahl, The (Die Macht der Bilder)","Wonderful, Horrible Life of Leni Riefenstahl, The (Die Macht der Bilder) (1993)",Documentary
364,"Lion King, The","Lion King, The (1994)",Animation|Children's|Musical
365,Little Buddha,Little Buddha (1993),Drama
366,Wes Craven's New Nightmare,Wes Craven's New Nightmare (1994),Horror
367,"Mask, The","Mask, The (1994)",Comedy|Crime|Fantasy
368,Maverick,Maverick (1994),Action|Comedy|Western
369,Mrs. Parker and the Vicious Circle,Mrs. Parker and the Vicious Circle (1994),Drama
370,Naked Gun 33 1/3: The Final Insult,Naked Gun 33 1/3: The Final Insult (1994),Comedy
371,"Paper, The","Paper, The (1994)",Comedy|Drama
372,Reality Bites,Reality Bites (1994),Comedy|Drama
373,Red Rock West,Red Rock West (1992),Thriller
374,Richie Rich,Richie Rich (1994),Children's|Comedy
375,Safe Passage,Safe Passage (1994),Drama
376,"River Wild, The","River Wild, The (1994)",Action|Thriller
377,Speed,Speed (1994),Action|Romance|Thriller
378,Speechless,Speechless (1994),Comedy|Romance
379,Timecop,Timecop (1994),Action|Sci-Fi
380,True Lies,True Lies (1994),Action|Adventure|Comedy|Romance
381,When a Man Loves a Woman,When a Man Loves a Woman (1994),Drama
382,Wolf,Wolf (1994),Drama|Horror
383,Wyatt Earp,Wyatt Earp (1994),Western
384,Bad Company,Bad Company (1995),Action
385,"Man of No Importance, A","Man of No Importance, A (1994)",Drama
386,S.F.W.,S.F.W. (1994),Drama
387,"Low Down Dirty Shame, A","Low Down Dirty Shame, A (1994)",Action|Comedy
388,Boys Life,Boys Life (1995),Drama
389,"Colonel Chabert, Le","Colonel Chabert, Le (1994)",Drama|Romance|War
390,Faster Pussycat! Kill! Kill!,Faster Pussycat! Kill! Kill! (1965),Action|Comedy|Drama
391,Jason's Lyric,Jason's Lyric (1994),Crime|Drama
392,"Secret Adventures of Tom Thumb, The","Secret Adventures of Tom Thumb, The (1993)",Adventure|Children's
393,Street Fighter,Street Fighter (1994),Action
394,Coldblooded,Coldblooded (1995),Action
395,Desert Winds,Desert Winds (1995),Drama
396,Fall Time,Fall Time (1995),Drama
397,"Fear, The","Fear, The (1995)",Horror
398,Frank and Ollie,Frank and Ollie (1995),Documentary
399,Girl in the Cadillac,Girl in the Cadillac (1995),Drama
400,Homage,Homage (1995),Drama
401,Mirage,Mirage (1995),Action|Thriller
402,Open Season,Open Season (1996),Comedy
403,Two Crimes,Two Crimes (1995),Comedy|Crime|Drama
404,Brother Minister: The Assassination of Malcolm X,Brother Minister: The Assassination of Malcolm X (1994),Documentary
405,Highlander III: The Sorcerer,Highlander III: The Sorcerer (1994),Action|Sci-Fi
406,Federal Hill,Federal Hill (1994),Drama
407,In the Mouth of Madness,In the Mouth of Madness (1995),Horror|Thriller
408,8 Seconds,8 Seconds (1994),Drama
409,Above the Rim,Above the Rim (1994),Drama
410,Addams Family Values,Addams Family Values (1993),Comedy
411,You So Crazy,You So Crazy (1994),Comedy
412,"Age of Innocence, The","Age of Innocence, The (1993)",Drama
413,Airheads,Airheads (1994),Comedy
414,"Air Up There, The","Air Up There, The (1994)",Comedy
415,Another Stakeout,Another Stakeout (1993),Comedy|Thriller
416,Bad Girls,Bad Girls (1994),Western
417,Barcelona,Barcelona (1994),Comedy|Romance
418,Being Human,Being Human (1993),Drama
419,"Beverly Hillbillies, The","Beverly Hillbillies, The (1993)",Comedy
420,Beverly Hills Cop III,Beverly Hills Cop III (1994),Action|Comedy
421,Black Beauty,Black Beauty (1994),Adventure|Children's
422,Blink,Blink (1994),Thriller
423,Blown Away,Blown Away (1994),Action|Thriller
424,Blue Chips,Blue Chips (1994),Drama
425,Blue Sky,Blue Sky (1994),Drama|Romance
426,Body Snatchers,Body Snatchers (1993),Horror|Sci-Fi|Thriller
427,Boxing Helena,Boxing Helena (1993),Mystery|Romance|Thriller
428,"Bronx Tale, A","Bronx Tale, A (1993)",Drama
429,Cabin Boy,Cabin Boy (1994),Comedy
430,Calendar Girl,Calendar Girl (1993),Drama
431,Carlito's Way,Carlito's Way (1993),Crime|Drama
432,City Slickers II: The Legend of Curly's Gold,City Slickers II: The Legend of Curly's Gold (1994),Comedy|Western
433,Clean Slate,Clean Slate (1994),Comedy
434,Cliffhanger,Cliffhanger (1993),Action|Adventure|Crime
435,Coneheads,Coneheads (1993),Comedy|Sci-Fi
436,Color of Night,Color of Night (1994),Drama|Thriller
437,Cops and Robbersons,Cops and Robbersons (1994),Comedy
438,"Cowboy Way, The","Cowboy Way, The (1994)",Action|Comedy
439,Dangerous Game,Dangerous Game (1993),Drama
440,Dave,Dave (1993),Comedy|Romance
441,Dazed and Confused,Dazed and Confused (1993),Comedy
442,Demolition Man,Demolition Man (1993),Action|Sci-Fi
443,"Endless Summer 2, The","Endless Summer 2, The (1994)",Documentary
444,Even Cowgirls Get the Blues,Even Cowgirls Get the Blues (1993),Comedy|Romance
445,Fatal Instinct,Fatal Instinct (1993),Comedy
446,Farewell My Concubine,Farewell My Concubine (1993),Drama|Romance
447,"Favor, The","Favor, The (1994)",Comedy|Romance
448,Fearless,Fearless (1993),Drama
449,Fear of a Black Hat,Fear of a Black Hat (1993),Comedy
450,With Honors,With Honors (1994),Comedy|Drama
451,Flesh and Bone,Flesh and Bone (1993),Drama|Mystery|Romance
452,Widows' Peak,Widows' Peak (1994),Drama
453,For Love or Money,For Love or Money (1993),Comedy
454,"Firm, The","Firm, The (1993)",Drama|Thriller
455,Free Willy,Free Willy (1993),Adventure|Children's|Drama
456,Fresh,Fresh (1994),Drama
457,"Fugitive, The","Fugitive, The (1993)",Action|Thriller
458,Geronimo: An American Legend,Geronimo: An American Legend (1993),Drama|Western
459,"Getaway, The","Getaway, The (1994)",Action
460,Getting Even with Dad,Getting Even with Dad (1994),Comedy
461,Go Fish,Go Fish (1994),Drama|Romance
462,"Good Man in Africa, A","Good Man in Africa, A (1994)",Action|Adventure
463,Guilty as Sin,Guilty as Sin (1993),Crime|Drama|Thriller
464,Hard Target,Hard Target (1993),Action|Adventure|Crime|Thriller
465,Heaven & Earth,Heaven & Earth (1993),Action|Drama|War
466,Hot Shots! Part Deux,Hot Shots! Part Deux (1993),Action|Comedy|War
467,Live Nude Girls,Live Nude Girls (1995),Comedy
468,"Englishman Who Went Up a Hill, But Came Down a Mountain, The","Englishman Who Went Up a Hill, But Came Down a Mountain, The (1995)",Comedy|Romance
469,"House of the Spirits, The","House of the Spirits, The (1993)",Drama|Romance
470,House Party 3,House Party 3 (1994),Comedy
471,"Hudsucker Proxy, The","Hudsucker Proxy, The (1994)",Comedy|Romance
472,I'll Do Anything,I'll Do Anything (1994),Comedy|Drama
473,In the Army Now,In the Army Now (1994),Comedy|War
474,In the Line of Fire,In the Line of Fire (1993),Action|Thriller
475,In the Name of the Father,In the Name of the Father (1993),Drama
476,"Inkwell, The","Inkwell, The (1994)",Comedy|Drama
477,What's Love Got to Do with It?,What's Love Got to Do with It? (1993),Drama
478,Jimmy Hollywood,Jimmy Hollywood (1994),Comedy
479,Judgment Night,Judgment Night (1993),Action
480,Jurassic Park,Jurassic Park (1993),Action|Adventure|Sci-Fi
481,Kalifornia,Kalifornia (1993),Drama|Thriller
482,Killing Zoe,Killing Zoe (1994),Thriller
483,King of the Hill,King of the Hill (1993),Drama
484,Lassie,Lassie (1994),Adventure|Children's
485,Last Action Hero,Last Action Hero (1993),Action|Comedy
486,Life with Mikey,Life with Mikey (1993),Comedy
487,Lightning Jack,Lightning Jack (1994),Comedy|Western
488,M. Butterfly,M. Butterfly (1993),Drama
489,Made in America,Made in America (1993),Comedy
490,Malice,Malice (1993),Thriller
491,"Man Without a Face, The","Man Without a Face, The (1993)",Drama
492,Manhattan Murder Mystery,Manhattan Murder Mystery (1993),Comedy|Mystery
493,Menace II Society,Menace II Society (1993),Action|Crime|Drama
494,Executive Decision,Executive Decision (1996),Action|Thriller
495,In the Realm of the Senses (Ai no corrida),In the Realm of the Senses (Ai no corrida) (1976),Drama
496,What Happened Was...,What Happened Was... (1994),Comedy|Drama|Romance
497,Much Ado About Nothing,Much Ado About Nothing (1993),Comedy|Romance
498,Mr. Jones,Mr. Jones (1993),Drama|Romance
499,Mr. Wonderful,Mr. Wonderful (1993),Comedy|Romance
500,Mrs. Doubtfire,Mrs. Doubtfire (1993),Comedy
501,Naked,Naked (1993),Drama
502,"Next Karate Kid, The","Next Karate Kid, The (1994)",Action|Children's
503,"New Age, The","New Age, The (1994)",Drama
504,No Escape,No Escape (1994),Action|Sci-Fi
505,North,North (1994),Comedy
506,Orlando,Orlando (1993),Drama
507,"Perfect World, A","Perfect World, A (1993)",Action|Drama
508,Philadelphia,Philadelphia (1993),Drama
509,"Piano, The","Piano, The (1993)",Drama|Romance
510,Poetic Justice,Poetic Justice (1993),Drama
511,"Program, The","Program, The (1993)",Action|Drama
512,Robert A. Heinlein's The Puppet Masters,Robert A. Heinlein's The Puppet Masters (1994),Horror|Sci-Fi
513,Radioland Murders,Radioland Murders (1994),Comedy|Mystery|Romance
514,"Ref, The","Ref, The (1994)",Comedy
515,"Remains of the Day, The","Remains of the Day, The (1993)",Drama
516,Renaissance Man,Renaissance Man (1994),Comedy|Drama|War
517,Rising Sun,Rising Sun (1993),Action|Drama|Mystery
518,"Road to Wellville, The","Road to Wellville, The (1994)",Comedy
519,Robocop 3,Robocop 3 (1993),Sci-Fi|Thriller
520,Robin Hood: Men in Tights,Robin Hood: Men in Tights (1993),Comedy
521,Romeo Is Bleeding,Romeo Is Bleeding (1993),Crime|Thriller
522,Romper Stomper,Romper Stomper (1992),Action|Drama
523,Ruby in Paradise,Ruby in Paradise (1993),Drama
524,Rudy,Rudy (1993),Drama
525,"Saint of Fort Washington, The","Saint of Fort Washington, The (1993)",Drama
526,"Savage Nights (Nuits fauves, Les)","Savage Nights (Nuits fauves, Les) (1992)",Drama
527,Schindler's List,Schindler's List (1993),Drama|War
528,"Scout, The","Scout, The (1994)",Drama
529,Searching for Bobby Fischer,Searching for Bobby Fischer (1993),Drama
530,Second Best,Second Best (1994),Drama
531,"Secret Garden, The","Secret Garden, The (1993)",Children's|Drama
532,Serial Mom,Serial Mom (1994),Comedy|Crime|Horror
533,"Shadow, The","Shadow, The (1994)",Action
534,Shadowlands,Shadowlands (1993),Drama|Romance
535,Short Cuts,Short Cuts (1993),Drama
536,"Simple Twist of Fate, A","Simple Twist of Fate, A (1994)",Drama
537,Sirens,Sirens (1994),Comedy|Drama
538,Six Degrees of Separation,Six Degrees of Separation (1993),Drama
539,Sleepless in Seattle,Sleepless in Seattle (1993),Comedy|Romance
540,Sliver,Sliver (1993),Thriller
541,Blade Runner,Blade Runner (1982),Film-Noir|Sci-Fi
542,Son in Law,Son in Law (1993),Comedy
543,So I Married an Axe Murderer,So I Married an Axe Murderer (1993),Comedy|Romance|Thriller
544,Striking Distance,Striking Distance (1993),Action
545,Harlem,Harlem (1993),Drama
546,Super Mario Bros.,Super Mario Bros. (1993),Action|Adventure|Children's|Sci-Fi
547,Surviving the Game,Surviving the Game (1994),Action|Adventure|Thriller
548,Terminal Velocity,Terminal Velocity (1994),Action
549,Thirty-Two Short Films About Glenn Gould,Thirty-Two Short Films About Glenn Gould (1993),Documentary
550,Threesome,Threesome (1994),Comedy|Romance
551,"Nightmare Before Christmas, The","Nightmare Before Christmas, The (1993)",Children's|Comedy|Musical
552,"Three Musketeers, The","Three Musketeers, The (1993)",Action|Adventure|Comedy
553,Tombstone,Tombstone (1993),Western
554,Trial by Jury,Trial by Jury (1994),Thriller
555,True Romance,True Romance (1993),Action|Crime|Romance
556,"War Room, The","War Room, The (1993)",Documentary
557,Mamma Roma,Mamma Roma (1962),Drama
558,"Pagemaster, The","Pagemaster, The (1994)",Action|Adventure|Animation|Children's|Fantasy
559,"Paris, France","Paris, France (1993)",Comedy
560,"Beans of Egypt, Maine, The","Beans of Egypt, Maine, The (1994)",Drama
561,Killer (Bulletproof Heart),Killer (Bulletproof Heart) (1994),Thriller
562,Welcome to the Dollhouse,Welcome to the Dollhouse (1995),Comedy|Drama
563,Germinal,Germinal (1993),Drama
564,Chasers,Chasers (1994),Comedy
565,Cronos,Cronos (1992),Horror
566,Naked in New York,Naked in New York (1994),Comedy|Romance
567,Kika,Kika (1993),Drama
568,Bhaji on the Beach,Bhaji on the Beach (1993),Comedy|Drama
569,Little Big League,Little Big League (1994),Children's|Comedy
570,"Slingshot, The (Kdisbellan )","Slingshot, The (Kdisbellan ) (1993)",Comedy|Drama
571,"Wedding Gift, The","Wedding Gift, The (1994)",Drama
572,Foreign Student,Foreign Student (1994),Drama
573,"Ciao, Professore! (Io speriamo che me la cavo )","Ciao, Professore! (Io speriamo che me la cavo ) (1993)",Drama
574,Spanking the Monkey,Spanking the Monkey (1994),Comedy|Drama
575,"Little Rascals, The","Little Rascals, The (1994)",Children's|Comedy
576,Fausto,Fausto (1993),Comedy
577,Andre,Andre (1994),Adventure|Children's
578,"Hour of the Pig, The","Hour of the Pig, The (1993)",Drama|Mystery
579,"Scorta, La","Scorta, La (1993)",Thriller
580,Princess Caraboo,Princess Caraboo (1994),Drama
581,"Celluloid Closet, The","Celluloid Closet, The (1995)",Documentary
582,Metisse (Caf au Lait),Metisse (Caf au Lait) (1993),Comedy
583,Dear Diary (Caro Diario),Dear Diary (Caro Diario) (1994),Comedy|Drama
584,I Don't Want to Talk About It (De eso no se habla),I Don't Want to Talk About It (De eso no se habla) (1993),Drama
585,"Brady Bunch Movie, The","Brady Bunch Movie, The (1995)",Comedy
586,Home Alone,Home Alone (1990),Children's|Comedy
587,Ghost,Ghost (1990),Comedy|Romance|Thriller
588,Aladdin,Aladdin (1992),Animation|Children's|Comedy|Musical
589,Terminator 2: Judgment Day,Terminator 2: Judgment Day (1991),Action|Sci-Fi|Thriller
590,Dances with Wolves,Dances with Wolves (1990),Adventure|Drama|Western
591,Tough and Deadly,Tough and Deadly (1995),Action|Drama|Thriller
592,Batman,Batman (1989),Action|Adventure|Crime|Drama
593,"Silence of the Lambs, The","Silence of the Lambs, The (1991)",Drama|Thriller
594,Snow White and the Seven Dwarfs,Snow White and the Seven Dwarfs (1937),Animation|Children's|Musical
595,Beauty and the Beast,Beauty and the Beast (1991),Animation|Children's|Musical
596,Pinocchio,Pinocchio (1940),Animation|Children's
597,Pretty Woman,Pretty Woman (1990),Comedy|Romance
598,Window to Paris,Window to Paris (1994),Comedy
599,"Wild Bunch, The","Wild Bunch, The (1969)",Western
600,Love and a .45,Love and a .45 (1994),Thriller
601,"Wooden Man's Bride, The (Wu Kui)","Wooden Man's Bride, The (Wu Kui) (1994)",Drama
602,"Great Day in Harlem, A","Great Day in Harlem, A (1994)",Documentary
603,"Bye Bye, Love","Bye Bye, Love (1995)",Comedy
604,Criminals,Criminals (1996),Documentary
605,One Fine Day,One Fine Day (1996),Drama|Romance
606,Candyman: Farewell to the Flesh,Candyman: Farewell to the Flesh (1995),Horror
607,Century,Century (1993),Drama
608,Fargo,Fargo (1996),Crime|Drama|Thriller
609,Homeward Bound II: Lost in San Francisco,Homeward Bound II: Lost in San Francisco (1996),Adventure|Children's
610,Heavy Metal,Heavy Metal (1981),Action|Adventure|Animation|Horror|Sci-Fi
611,Hellraiser: Bloodline,Hellraiser: Bloodline (1996),Action|Horror|Sci-Fi
612,"Pallbearer, The","Pallbearer, The (1996)",Comedy
613,Jane Eyre,Jane Eyre (1996),Drama|Romance
614,Loaded,Loaded (1994),Drama|Thriller
615,Bread and Chocolate (Pane e cioccolata),Bread and Chocolate (Pane e cioccolata) (1973),Drama
616,"Aristocats, The","Aristocats, The (1970)",Animation|Children's
617,"Flower of My Secret, The (La Flor de Mi Secreto)","Flower of My Secret, The (La Flor de Mi Secreto) (1995)",Drama
618,Two Much,Two Much (1996),Comedy|Romance
619,Ed,Ed (1996),Comedy
620,Scream of Stone (Schrei aus Stein),Scream of Stone (Schrei aus Stein) (1991),Drama
621,My Favorite Season,My Favorite Season (1993),Drama
623,"Modern Affair, A","Modern Affair, A (1995)",Romance
624,Condition Red,Condition Red (1995),Action|Drama|Thriller
625,Asfour Stah,Asfour Stah (1990),Drama
626,"Thin Line Between Love and Hate, A","Thin Line Between Love and Hate, A (1996)",Comedy
627,"Last Supper, The","Last Supper, The (1995)",Drama|Thriller
628,Primal Fear,Primal Fear (1996),Drama|Thriller
629,Rude,Rude (1995),Drama
630,Carried Away,Carried Away (1996),Drama|Romance
631,All Dogs Go to Heaven 2,All Dogs Go to Heaven 2 (1996),Animation|Children's|Musical
632,Land and Freedom (Tierra y libertad),Land and Freedom (Tierra y libertad) (1995),War
633,Denise Calls Up,Denise Calls Up (1995),Comedy
634,Theodore Rex,Theodore Rex (1995),Comedy
635,"Family Thing, A","Family Thing, A (1996)",Comedy|Drama
636,Frisk,Frisk (1995),Drama
637,Sgt. Bilko,Sgt. Bilko (1996),Comedy
638,Jack and Sarah,Jack and Sarah (1995),Romance
639,Girl 6,Girl 6 (1996),Comedy
640,Diabolique,Diabolique (1996),Drama|Thriller
641,"Little Indian, Big City (Un indien dans la ville)","Little Indian, Big City (Un indien dans la ville) (1994)",Comedy
642,Roula,Roula (1995),Drama
643,Peanuts - Die Bank zahlt alles,Peanuts - Die Bank zahlt alles (1996),Comedy
644,Happy Weekend,Happy Weekend (1996),Comedy
645,Nelly & Monsieur Arnaud,Nelly & Monsieur Arnaud (1995),Drama
647,Courage Under Fire,Courage Under Fire (1996),Drama|War
648,Mission: Impossible,Mission: Impossible (1996),Action|Adventure|Mystery
649,Cold Fever ( kldum klaka),Cold Fever ( kldum klaka) (1994),Comedy|Drama
650,Moll Flanders,Moll Flanders (1996),Drama
651,"Superweib, Das","Superweib, Das (1996)",Comedy
652,"301, 302","301, 302 (1995)",Mystery
653,Dragonheart,Dragonheart (1996),Action|Adventure|Fantasy
654,Und keiner weint mir nach,Und keiner weint mir nach (1996),Drama|Romance
655,Mutters Courage,Mutters Courage (1995),Comedy
656,Eddie,Eddie (1996),Comedy
657,Yankee Zulu,Yankee Zulu (1994),Comedy|Drama
658,Billy's Holiday,Billy's Holiday (1995),Drama
659,Purple Noon,Purple Noon (1960),Crime|Thriller
660,August,August (1996),Drama
661,James and the Giant Peach,James and the Giant Peach (1996),Animation|Children's|Musical
662,Fear,Fear (1996),Thriller
663,Kids in the Hall: Brain Candy,Kids in the Hall: Brain Candy (1996),Comedy
664,Faithful,Faithful (1996),Comedy
665,Underground,Underground (1995),War
666,All Things Fair,All Things Fair (1996),Drama
667,Bloodsport 2,Bloodsport 2 (1995),Action
668,Pather Panchali,Pather Panchali (1955),Drama
669,Aparajito,Aparajito (1956),Drama
670,"World of Apu, The (Apur Sansar)","World of Apu, The (Apur Sansar) (1959)",Drama
671,Mystery Science Theater 3000: The Movie,Mystery Science Theater 3000: The Movie (1996),Comedy|Sci-Fi
672,Tarantella,Tarantella (1995),Drama
673,Space Jam,Space Jam (1996),Adventure|Animation|Children's|Comedy|Fantasy
674,Barbarella,Barbarella (1968),Adventure|Sci-Fi
675,Hostile Intentions,Hostile Intentions (1994),Action|Drama|Thriller
676,They Bite,They Bite (1996),Drama
678,Some Folks Call It a Sling Blade,Some Folks Call It a Sling Blade (1993),Drama|Thriller
679,"Run of the Country, The","Run of the Country, The (1995)",Drama
680,Alphaville,Alphaville (1965),Sci-Fi
681,Clean Slate (Coup de Torchon),Clean Slate (Coup de Torchon) (1981),Crime
682,Tigrero: A Film That Was Never Made,Tigrero: A Film That Was Never Made (1994),Documentary|Drama
683,"Eye of Vichy, The (Oeil de Vichy, L')","Eye of Vichy, The (Oeil de Vichy, L') (1993)",Documentary
684,Windows,Windows (1980),Drama
685,It's My Party,It's My Party (1995),Drama
687,Country Life,Country Life (1994),Drama|Romance
688,Operation Dumbo Drop,Operation Dumbo Drop (1995),Action|Adventure|Comedy|War
690,"Promise, The (Versprechen, Das)","Promise, The (Versprechen, Das) (1994)",Romance
691,Mrs. Winterbourne,Mrs. Winterbourne (1996),Comedy|Romance
692,Solo,Solo (1996),Action|Sci-Fi|Thriller
693,Under the Domin Tree (Etz Hadomim Tafus),Under the Domin Tree (Etz Hadomim Tafus) (1994),Drama
694,"Substitute, The","Substitute, The (1996)",Action
695,True Crime,True Crime (1995),Mystery|Thriller
696,Butterfly Kiss,Butterfly Kiss (1995),Thriller
697,Feeling Minnesota,Feeling Minnesota (1996),Drama|Romance
698,Delta of Venus,Delta of Venus (1994),Drama
699,To Cross the Rubicon,To Cross the Rubicon (1991),Drama
700,Angus,Angus (1995),Comedy
701,Daens,Daens (1992),Drama
702,Faces,Faces (1968),Drama
703,Boys,Boys (1996),Drama
704,"Quest, The","Quest, The (1996)",Action|Adventure
705,Cosi,Cosi (1996),Comedy
706,Sunset Park,Sunset Park (1996),Drama
707,Mulholland Falls,Mulholland Falls (1996),Crime|Film-Noir|Thriller
708,"Truth About Cats & Dogs, The","Truth About Cats & Dogs, The (1996)",Comedy|Romance
709,Oliver & Company,Oliver & Company (1988),Animation|Children's
710,Celtic Pride,Celtic Pride (1996),Comedy
711,Flipper,Flipper (1996),Adventure|Children's
712,Captives,Captives (1994),Drama
713,Of Love and Shadows,Of Love and Shadows (1994),Drama
714,Dead Man,Dead Man (1995),Western
715,"Horseman on the Roof, The (Hussard sur le toit, Le)","Horseman on the Roof, The (Hussard sur le toit, Le) (1995)",Drama
716,Switchblade Sisters,Switchblade Sisters (1975),Crime
717,Mouth to Mouth (Boca a boca),Mouth to Mouth (Boca a boca) (1995),Comedy
718,"Visitors, The (Les Visiteurs)","Visitors, The (Les Visiteurs) (1993)",Comedy|Sci-Fi
719,Multiplicity,Multiplicity (1996),Comedy
720,Wallace & Gromit: The Best of Aardman Animation,Wallace & Gromit: The Best of Aardman Animation (1996),Animation
721,Halfmoon (Paul Bowles - Halbmond),Halfmoon (Paul Bowles - Halbmond) (1995),Drama
722,"Haunted World of Edward D. Wood Jr., The","Haunted World of Edward D. Wood Jr., The (1995)",Documentary
723,Two Friends,Two Friends (1986),Drama
724,"Craft, The","Craft, The (1996)",Drama|Horror
725,"Great White Hype, The","Great White Hype, The (1996)",Comedy
726,Last Dance,Last Dance (1996),Drama
727,War Stories,War Stories (1995),Documentary
728,Cold Comfort Farm,Cold Comfort Farm (1995),Comedy
729,"Institute Benjamenta, or This Dream People Call Human Life","Institute Benjamenta, or This Dream People Call Human Life (1995)",Drama
730,"Low Life, The","Low Life, The (1994)",Drama
731,Heaven's Prisoners,Heaven's Prisoners (1996),Mystery|Thriller
732,Original Gangstas,Original Gangstas (1996),Crime
733,"Rock, The","Rock, The (1996)",Action|Adventure|Thriller
734,Getting Away With Murder,Getting Away With Murder (1996),Comedy
735,Cemetery Man (Dellamorte Dellamore),Cemetery Man (Dellamorte Dellamore) (1994),Comedy|Horror
736,Twister,Twister (1996),Action|Adventure|Romance|Thriller
737,Barb Wire,Barb Wire (1996),Action|Sci-Fi
738,"Garcu, Le","Garcu, Le (1995)",Drama
739,Honigmond,Honigmond (1996),Comedy
741,Ghost in the Shell (Kokaku kidotai),Ghost in the Shell (Kokaku kidotai) (1995),Animation|Sci-Fi
742,Thinner,Thinner (1996),Horror|Thriller
743,Spy Hard,Spy Hard (1996),Comedy
744,Brothers in Trouble,Brothers in Trouble (1995),Drama
745,"Close Shave, A","Close Shave, A (1995)",Animation|Comedy|Thriller
746,Force of Evil,Force of Evil (1948),Film-Noir
747,"Stupids, The","Stupids, The (1996)",Comedy
748,"Arrival, The","Arrival, The (1996)",Action|Sci-Fi|Thriller
749,"Man from Down Under, The","Man from Down Under, The (1943)",Drama
750,Dr. Strangelove or: How I Learned to Stop Worrying and Love the Bomb,Dr. Strangelove or: How I Learned to Stop Worrying and Love the Bomb (1963),Sci-Fi|War
751,Careful,Careful (1992),Comedy
752,Vermont Is For Lovers,Vermont Is For Lovers (1992),Comedy|Romance
753,"Month by the Lake, A","Month by the Lake, A (1995)",Comedy|Drama
754,Gold Diggers: The Secret of Bear Mountain,Gold Diggers: The Secret of Bear Mountain (1995),Adventure|Children's
755,Kim,Kim (1950),Children's|Drama
756,Carmen Miranda: Bananas Is My Business,Carmen Miranda: Bananas Is My Business (1994),Documentary
757,Ashes of Time,Ashes of Time (1994),Drama
758,"Jar, The (Khomreh)","Jar, The (Khomreh) (1992)",Drama
759,Maya Lin: A Strong Clear Vision,Maya Lin: A Strong Clear Vision (1994),Documentary
760,Stalingrad,Stalingrad (1993),War
761,"Phantom, The","Phantom, The (1996)",Adventure
762,Striptease,Striptease (1996),Comedy|Crime
763,"Last of the High Kings, The (a.k.a. Summer Fling)","Last of the High Kings, The (a.k.a. Summer Fling) (1996)",Drama
764,Heavy,Heavy (1995),Drama|Romance
765,Jack,Jack (1996),Comedy|Drama
766,I Shot Andy Warhol,I Shot Andy Warhol (1996),Drama
767,"Grass Harp, The","Grass Harp, The (1995)",Drama
768,Someone Else's America,Someone Else's America (1995),Drama
769,Marlene Dietrich: Shadow and Light,Marlene Dietrich: Shadow and Light (1996),Documentary
770,Costa Brava,Costa Brava (1946),Drama
771,"Vie est belle, La (Life is Rosey)","Vie est belle, La (Life is Rosey) (1987)",Comedy|Drama
772,Quartier Mozart,Quartier Mozart (1992),Comedy
773,Touki Bouki (Journey of the Hyena),Touki Bouki (Journey of the Hyena) (1973),Drama
774,Wend Kuuni (God's Gift),Wend Kuuni (God's Gift) (1982),Drama
775,Spirits of the Dead (Tre Passi nel Delirio),Spirits of the Dead (Tre Passi nel Delirio) (1968),Horror
776,Babyfever,Babyfever (1994),Comedy|Drama
777,Pharaoh's Army,Pharaoh's Army (1995),War
778,Trainspotting,Trainspotting (1996),Drama
779,'Til There Was You,'Til There Was You (1997),Drama|Romance
780,Independence Day (ID4),Independence Day (ID4) (1996),Action|Sci-Fi|War
781,Stealing Beauty,Stealing Beauty (1996),Drama
782,"Fan, The","Fan, The (1996)",Thriller
783,"Hunchback of Notre Dame, The","Hunchback of Notre Dame, The (1996)",Animation|Children's|Musical
784,"Cable Guy, The","Cable Guy, The (1996)",Comedy
785,Kingpin,Kingpin (1996),Comedy
786,Eraser,Eraser (1996),Action|Thriller
787,"Gate of Heavenly Peace, The","Gate of Heavenly Peace, The (1995)",Documentary
788,"Nutty Professor, The","Nutty Professor, The (1996)",Comedy|Fantasy|Romance|Sci-Fi
789,"I, Worst of All (Yo, la peor de todas)","I, Worst of All (Yo, la peor de todas) (1990)",Drama
790,An Unforgettable Summer,An Unforgettable Summer (1994),Drama
791,"Last Klezmer: Leopold Kozlowski, His Life and Music, The","Last Klezmer: Leopold Kozlowski, His Life and Music, The (1995)",Documentary
792,"Hungarian Fairy Tale, A","Hungarian Fairy Tale, A (1987)",Fantasy
793,My Life and Times With Antonin Artaud (En compagnie d'Antonin Artaud),My Life and Times With Antonin Artaud (En compagnie d'Antonin Artaud) (1993),Drama
794,Midnight Dancers (Sibak),Midnight Dancers (Sibak) (1994),Comedy|Drama
795,Somebody to Love,Somebody to Love (1994),Drama
796,"Very Natural Thing, A","Very Natural Thing, A (1974)",Drama
797,"Old Lady Who Walked in the Sea, The (Vieille qui marchait dans la mer, La)","Old Lady Who Walked in the Sea, The (Vieille qui marchait dans la mer, La) (1991)",Comedy
798,Daylight,Daylight (1996),Action|Adventure|Thriller
799,"Frighteners, The","Frighteners, The (1996)",Comedy|Horror
800,Lone Star,Lone Star (1996),Drama|Mystery
801,Harriet the Spy,Harriet the Spy (1996),Children's|Comedy
802,Phenomenon,Phenomenon (1996),Drama|Romance
803,Walking and Talking,Walking and Talking (1996),Romance
804,She's the One,She's the One (1996),Comedy|Romance
805,"Time to Kill, A","Time to Kill, A (1996)",Drama
806,American Buffalo,American Buffalo (1996),Drama
807,"Rendezvous in Paris (Rendez-vous de Paris, Les)","Rendezvous in Paris (Rendez-vous de Paris, Les) (1995)",Comedy|Romance
808,Alaska,Alaska (1996),Adventure|Children's
809,Fled,Fled (1996),Action|Adventure
810,Kazaam,Kazaam (1996),Children's|Comedy|Fantasy
811,"Bewegte Mann, Der","Bewegte Mann, Der (1994)",Comedy
812,Magic Hunter,Magic Hunter (1994),Drama
813,Larger Than Life,Larger Than Life (1996),Comedy
814,"Boy Called Hate, A","Boy Called Hate, A (1995)",Drama
815,Power 98,Power 98 (1995),Action|Mystery|Thriller
816,Two Deaths,Two Deaths (1995),Drama
818,"Very Brady Sequel, A","Very Brady Sequel, A (1996)",Comedy
819,Stefano Quantestorie,Stefano Quantestorie (1993),Comedy|Drama
820,"Death in the Garden (Mort en ce jardin, La)","Death in the Garden (Mort en ce jardin, La) (1956)",Drama
821,"Crude Oasis, The","Crude Oasis, The (1995)",Romance
822,Hedd Wyn,Hedd Wyn (1992),Drama
823,"Collectionneuse, La","Collectionneuse, La (1967)",Drama
824,Kaspar Hauser,Kaspar Hauser (1993),Drama
825,Echte Kerle,Echte Kerle (1996),Comedy|Romance
826,Diebinnen,Diebinnen (1995),Drama
827,"Convent, The (Convento, O)","Convent, The (Convento, O) (1995)",Drama
828,"Adventures of Pinocchio, The","Adventures of Pinocchio, The (1996)",Adventure|Children's
829,Joe's Apartment,Joe's Apartment (1996),Comedy|Musical
830,"First Wives Club, The","First Wives Club, The (1996)",Comedy
831,Stonewall,Stonewall (1995),Drama
832,Ransom,Ransom (1996),Drama|Thriller
833,High School High,High School High (1996),Comedy
834,Phat Beach,Phat Beach (1996),Comedy
835,Foxfire,Foxfire (1996),Drama
836,Chain Reaction,Chain Reaction (1996),Action|Adventure|Thriller
837,Matilda,Matilda (1996),Children's|Comedy
838,Emma,Emma (1996),Comedy|Drama|Romance
839,"Crow: City of Angels, The","Crow: City of Angels, The (1996)",Action|Thriller
840,House Arrest,House Arrest (1996),Comedy
841,Eyes Without a Face,Eyes Without a Face (1959),Horror
842,Tales from the Crypt Presents: Bordello of Blood,Tales from the Crypt Presents: Bordello of Blood (1996),Horror
843,Lotto Land,Lotto Land (1995),Drama
844,"Story of Xinghua, The","Story of Xinghua, The (1993)",Drama
845,"Day the Sun Turned Cold, The (Tianguo niezi)","Day the Sun Turned Cold, The (Tianguo niezi) (1994)",Drama
846,Flirt,Flirt (1995),Drama
847,"Big Squeeze, The","Big Squeeze, The (1996)",Comedy|Drama
848,"Spitfire Grill, The","Spitfire Grill, The (1996)",Drama
849,Escape from L.A.,Escape from L.A. (1996),Action|Adventure|Sci-Fi|Thriller
850,Cyclo,Cyclo (1995),Crime|Drama
851,Basquiat,Basquiat (1996),Drama
852,Tin Cup,Tin Cup (1996),Comedy|Romance
853,Dingo,Dingo (1992),Drama
854,"Ballad of Narayama, The (Narayama Bushiko)","Ballad of Narayama, The (Narayama Bushiko) (1958)",Drama
855,Every Other Weekend,Every Other Weekend (1990),Drama
856,Mille bolle blu,Mille bolle blu (1993),Comedy
857,Crows and Sparrows,Crows and Sparrows (1949),Drama
858,"Godfather, The","Godfather, The (1972)",Action|Crime|Drama
859,"Hippie Revolution, The","Hippie Revolution, The (1996)",Documentary
860,"Maybe, Maybe Not (Bewegte Mann, Der)","Maybe, Maybe Not (Bewegte Mann, Der) (1994)",Comedy
861,Supercop,Supercop (1992),Action|Thriller
862,Manny & Lo,Manny & Lo (1996),Drama
863,Celestial Clockwork,Celestial Clockwork (1994),Comedy
864,"Wife, The","Wife, The (1995)",Comedy|Drama
865,Small Faces,Small Faces (1995),Drama
866,Bound,Bound (1996),Crime|Drama|Romance|Thriller
867,Carpool,Carpool (1996),Comedy|Crime
868,Death in Brunswick,Death in Brunswick (1991),Comedy
869,Kansas City,Kansas City (1996),Crime
870,Gone Fishin',Gone Fishin' (1997),Comedy
871,Lover's Knot,Lover's Knot (1996),Comedy
872,Aiqing wansui,Aiqing wansui (1994),Drama
873,Shadow of Angels (Schatten der Engel),Shadow of Angels (Schatten der Engel) (1976),Drama
874,Killer: A Journal of Murder,Killer: A Journal of Murder (1995),Crime|Drama
875,Nothing to Lose,Nothing to Lose (1994),Drama
876,Police Story 4: Project S (Chao ji ji hua),Police Story 4: Project S (Chao ji ji hua) (1993),Action
877,Girls Town,Girls Town (1996),Drama
878,Bye-Bye,Bye-Bye (1995),Drama
879,"Relic, The","Relic, The (1997)",Horror
880,"Island of Dr. Moreau, The","Island of Dr. Moreau, The (1996)",Sci-Fi|Thriller
881,First Kid,First Kid (1996),Children's|Comedy
882,"Trigger Effect, The","Trigger Effect, The (1996)",Drama|Thriller
884,Sweet Nothing,Sweet Nothing (1995),Drama
885,Bogus,Bogus (1996),Children's|Drama|Fantasy
886,Bulletproof,Bulletproof (1996),Action
887,Talk of Angels,Talk of Angels (1998),Drama
888,Land Before Time III: The Time of the Great Giving,Land Before Time III: The Time of the Great Giving (1995),Animation|Children's
889,1-900,1-900 (1994),Romance
890,Baton Rouge,Baton Rouge (1988),Thriller
891,Halloween: The Curse of Michael Myers,Halloween: The Curse of Michael Myers (1995),Horror|Thriller
892,Twelfth Night,Twelfth Night (1996),Comedy|Drama|Romance
893,Mother Night,Mother Night (1996),Drama
894,Liebelei,Liebelei (1933),Romance
895,Venice/Venice,Venice/Venice (1992),Drama
896,Wild Reeds,Wild Reeds (1994),Drama
897,For Whom the Bell Tolls,For Whom the Bell Tolls (1943),Adventure|War
898,"Philadelphia Story, The","Philadelphia Story, The (1940)",Comedy|Romance
899,Singin' in the Rain,Singin' in the Rain (1952),Musical|Romance
900,"American in Paris, An","American in Paris, An (1951)",Musical|Romance
901,Funny Face,Funny Face (1957),Comedy|Musical
902,Breakfast at Tiffany's,Breakfast at Tiffany's (1961),Drama|Romance
903,Vertigo,Vertigo (1958),Mystery|Thriller
904,Rear Window,Rear Window (1954),Mystery|Thriller
905,It Happened One Night,It Happened One Night (1934),Comedy
906,Gaslight,Gaslight (1944),Mystery|Thriller
907,"Gay Divorcee, The","Gay Divorcee, The (1934)",Comedy|Musical|Romance
908,North by Northwest,North by Northwest (1959),Drama|Thriller
909,"Apartment, The","Apartment, The (1960)",Comedy|Drama
910,Some Like It Hot,Some Like It Hot (1959),Comedy|Crime
911,Charade,Charade (1963),Comedy|Mystery|Romance|Thriller
912,Casablanca,Casablanca (1942),Drama|Romance|War
913,"Maltese Falcon, The","Maltese Falcon, The (1941)",Film-Noir|Mystery
914,My Fair Lady,My Fair Lady (1964),Musical|Romance
915,Sabrina,Sabrina (1954),Comedy|Romance
916,Roman Holiday,Roman Holiday (1953),Comedy|Romance
917,"Little Princess, The","Little Princess, The (1939)",Children's|Drama
918,Meet Me in St. Louis,Meet Me in St. Louis (1944),Musical
919,"Wizard of Oz, The","Wizard of Oz, The (1939)",Adventure|Children's|Drama|Musical
920,Gone with the Wind,Gone with the Wind (1939),Drama|Romance|War
921,My Favorite Year,My Favorite Year (1982),Comedy
922,Sunset Blvd. (a.k.a. Sunset Boulevard),Sunset Blvd. (a.k.a. Sunset Boulevard) (1950),Film-Noir
923,Citizen Kane,Citizen Kane (1941),Drama
924,2001: A Space Odyssey,2001: A Space Odyssey (1968),Drama|Mystery|Sci-Fi|Thriller
925,Golden Earrings,Golden Earrings (1947),Adventure|Romance
926,All About Eve,All About Eve (1950),Drama
927,"Women, The","Women, The (1939)",Comedy
928,Rebecca,Rebecca (1940),Romance|Thriller
929,Foreign Correspondent,Foreign Correspondent (1940),Thriller
930,Notorious,Notorious (1946),Film-Noir|Romance|Thriller
931,Spellbound,Spellbound (1945),Mystery|Romance|Thriller
932,"Affair to Remember, An","Affair to Remember, An (1957)",Romance
933,To Catch a Thief,To Catch a Thief (1955),Comedy|Romance|Thriller
934,Father of the Bride,Father of the Bride (1950),Comedy
935,"Band Wagon, The","Band Wagon, The (1953)",Comedy|Musical
936,Ninotchka,Ninotchka (1939),Comedy|Romance
937,Love in the Afternoon,Love in the Afternoon (1957),Comedy|Romance
938,Gigi,Gigi (1958),Musical
939,"Reluctant Debutante, The","Reluctant Debutante, The (1958)",Comedy|Drama
940,"Adventures of Robin Hood, The","Adventures of Robin Hood, The (1938)",Action|Adventure
941,"Mark of Zorro, The","Mark of Zorro, The (1940)",Adventure
942,Laura,Laura (1944),Crime|Film-Noir|Mystery
943,"Ghost and Mrs. Muir, The","Ghost and Mrs. Muir, The (1947)",Drama|Romance
944,Lost Horizon,Lost Horizon (1937),Drama
945,Top Hat,Top Hat (1935),Comedy|Musical|Romance
946,To Be or Not to Be,To Be or Not to Be (1942),Comedy|Drama|War
947,My Man Godfrey,My Man Godfrey (1936),Comedy
948,Giant,Giant (1956),Drama
949,East of Eden,East of Eden (1955),Drama
950,"Thin Man, The","Thin Man, The (1934)",Mystery
951,His Girl Friday,His Girl Friday (1940),Comedy
952,Around the World in 80 Days,Around the World in 80 Days (1956),Adventure|Comedy
953,It's a Wonderful Life,It's a Wonderful Life (1946),Drama
954,Mr. Smith Goes to Washington,Mr. Smith Goes to Washington (1939),Drama
955,Bringing Up Baby,Bringing Up Baby (1938),Comedy
956,Penny Serenade,Penny Serenade (1941),Drama|Romance
957,"Scarlet Letter, The","Scarlet Letter, The (1926)",Drama
958,Lady of Burlesque,Lady of Burlesque (1943),Comedy|Mystery
959,Of Human Bondage,Of Human Bondage (1934),Drama
960,Angel on My Shoulder,Angel on My Shoulder (1946),Crime|Drama
961,Little Lord Fauntleroy,Little Lord Fauntleroy (1936),Drama
962,They Made Me a Criminal,They Made Me a Criminal (1939),Crime|Drama
963,"Inspector General, The","Inspector General, The (1949)",Musical
964,Angel and the Badman,Angel and the Badman (1947),Western
965,"39 Steps, The","39 Steps, The (1935)",Thriller
966,"Walk in the Sun, A","Walk in the Sun, A (1945)",Drama
967,"Outlaw, The","Outlaw, The (1943)",Western
968,Night of the Living Dead,Night of the Living Dead (1968),Horror|Sci-Fi
969,"African Queen, The","African Queen, The (1951)",Action|Adventure|Romance|War
970,Beat the Devil,Beat the Devil (1954),Comedy|Drama
971,Cat on a Hot Tin Roof,Cat on a Hot Tin Roof (1958),Drama
972,"Last Time I Saw Paris, The","Last Time I Saw Paris, The (1954)",Drama
973,Meet John Doe,Meet John Doe (1941),Drama
974,Algiers,Algiers (1938),Drama|Romance
975,Something to Sing About,Something to Sing About (1937),Comedy|Musical
976,"Farewell to Arms, A","Farewell to Arms, A (1932)",Romance|War
977,Moonlight Murder,Moonlight Murder (1936),Mystery
978,"Blue Angel, The (Blaue Engel, Der)","Blue Angel, The (Blaue Engel, Der) (1930)",Drama
979,Nothing Personal,Nothing Personal (1995),Drama|War
980,In the Line of Duty 2,In the Line of Duty 2 (1987),Action
981,Dangerous Ground,Dangerous Ground (1997),Drama
982,Picnic,Picnic (1955),Drama
983,Madagascar Skin,Madagascar Skin (1995),Romance
984,"Pompatus of Love, The","Pompatus of Love, The (1996)",Comedy|Drama
985,Small Wonders,Small Wonders (1996),Documentary
986,Fly Away Home,Fly Away Home (1996),Adventure|Children's
987,Bliss,Bliss (1997),Drama|Romance
988,Grace of My Heart,Grace of My Heart (1996),Comedy|Drama
989,Schlafes Bruder (Brother of Sleep),Schlafes Bruder (Brother of Sleep) (1995),Drama
990,Maximum Risk,Maximum Risk (1996),Action|Adventure|Thriller
991,Michael Collins,Michael Collins (1996),Drama|War
992,"Rich Man's Wife, The","Rich Man's Wife, The (1996)",Thriller
993,Infinity,Infinity (1996),Drama
994,Big Night,Big Night (1996),Drama
996,Last Man Standing,Last Man Standing (1996),Action|Drama|Western
997,Caught,Caught (1996),Drama|Thriller
998,Set It Off,Set It Off (1996),Action|Crime
999,2 Days in the Valley,2 Days in the Valley (1996),Crime
1000,Curdled,Curdled (1996),Crime
1001,"Associate, The (L'Associe)","Associate, The (L'Associe)(1982)",Comedy
1002,Ed's Next Move,Ed's Next Move (1996),Comedy
1003,Extreme Measures,Extreme Measures (1996),Drama|Thriller
1004,"Glimmer Man, The","Glimmer Man, The (1996)",Action|Thriller
1005,D3: The Mighty Ducks,D3: The Mighty Ducks (1996),Children's|Comedy
1006,"Chamber, The","Chamber, The (1996)",Drama
1007,"Apple Dumpling Gang, The","Apple Dumpling Gang, The (1975)",Children's|Comedy|Western
1008,"Davy Crockett, King of the Wild Frontier","Davy Crockett, King of the Wild Frontier (1955)",Western
1009,Escape to Witch Mountain,Escape to Witch Mountain (1975),Adventure|Children's|Fantasy
1010,"Love Bug, The","Love Bug, The (1969)",Children's|Comedy
1011,Herbie Rides Again,Herbie Rides Again (1974),Adventure|Children's|Comedy
1012,Old Yeller,Old Yeller (1957),Children's|Drama
1013,"Parent Trap, The","Parent Trap, The (1961)",Children's|Drama
1014,Pollyanna,Pollyanna (1960),Children's|Comedy|Drama
1015,Homeward Bound: The Incredible Journey,Homeward Bound: The Incredible Journey (1993),Adventure|Children's
1016,"Shaggy Dog, The","Shaggy Dog, The (1959)",Children's|Comedy
1017,Swiss Family Robinson,Swiss Family Robinson (1960),Adventure|Children's
1018,That Darn Cat!,That Darn Cat! (1965),Children's|Comedy|Mystery
1019,"20,000 Leagues Under the Sea","20,000 Leagues Under the Sea (1954)",Adventure|Children's|Fantasy|Sci-Fi
1020,Cool Runnings,Cool Runnings (1993),Comedy
1021,Angels in the Outfield,Angels in the Outfield (1994),Children's|Comedy
1022,Cinderella,Cinderella (1950),Animation|Children's|Musical
1023,Winnie the Pooh and the Blustery Day,Winnie the Pooh and the Blustery Day (1968),Animation|Children's
1024,"Three Caballeros, The","Three Caballeros, The (1945)",Animation|Children's|Musical
1025,"Sword in the Stone, The","Sword in the Stone, The (1963)",Animation|Children's
1026,So Dear to My Heart,So Dear to My Heart (1949),Children's|Drama
1027,Robin Hood: Prince of Thieves,Robin Hood: Prince of Thieves (1991),Drama
1028,Mary Poppins,Mary Poppins (1964),Children's|Comedy|Musical
1029,Dumbo,Dumbo (1941),Animation|Children's|Musical
1030,Pete's Dragon,Pete's Dragon (1977),Adventure|Animation|Children's|Musical
1031,Bedknobs and Broomsticks,Bedknobs and Broomsticks (1971),Adventure|Children's|Musical
1032,Alice in Wonderland,Alice in Wonderland (1951),Animation|Children's|Musical
1033,"Fox and the Hound, The","Fox and the Hound, The (1981)",Animation|Children's
1034,Freeway,Freeway (1996),Crime
1035,"Sound of Music, The","Sound of Music, The (1965)",Musical
1036,Die Hard,Die Hard (1988),Action|Thriller
1037,"Lawnmower Man, The","Lawnmower Man, The (1992)",Action|Sci-Fi|Thriller
1038,Unhook the Stars,Unhook the Stars (1996),Drama
1039,Synthetic Pleasures,Synthetic Pleasures (1995),Documentary
1040,"Secret Agent, The","Secret Agent, The (1996)",Drama
1041,Secrets & Lies,Secrets & Lies (1996),Drama
1042,That Thing You Do!,That Thing You Do! (1996),Comedy
1043,To Gillian on Her 37th Birthday,To Gillian on Her 37th Birthday (1996),Drama|Romance
1044,Surviving Picasso,Surviving Picasso (1996),Drama
1045,Love Is All There Is,Love Is All There Is (1996),Comedy|Drama
1046,Beautiful Thing,Beautiful Thing (1996),Drama|Romance
1047,"Long Kiss Goodnight, The","Long Kiss Goodnight, The (1996)",Action|Thriller
1049,"Ghost and the Darkness, The","Ghost and the Darkness, The (1996)",Action|Adventure
1050,Looking for Richard,Looking for Richard (1996),Documentary|Drama
1051,Trees Lounge,Trees Lounge (1996),Drama
1052,"Proprietor, The","Proprietor, The (1996)",Drama
1053,Normal Life,Normal Life (1996),Crime|Drama
1054,Get on the Bus,Get on the Bus (1996),Drama
1055,Shadow Conspiracy,Shadow Conspiracy (1997),Thriller
1056,Jude,Jude (1996),Drama
1057,Everyone Says I Love You,Everyone Says I Love You (1996),Comedy|Musical|Romance
1058,Bitter Sugar (Azucar Amargo),Bitter Sugar (Azucar Amargo) (1996),Drama
1059,William Shakespeare's Romeo and Juliet,William Shakespeare's Romeo and Juliet (1996),Drama|Romance
1060,Swingers,Swingers (1996),Comedy|Drama
1061,Sleepers,Sleepers (1996),Crime|Drama
1062,"Sunchaser, The","Sunchaser, The (1996)",Drama
1063,Johns,Johns (1996),Drama
1064,Aladdin and the King of Thieves,Aladdin and the King of Thieves (1996),Animation|Children's|Comedy
1065,"Woman in Question, The","Woman in Question, The (1950)",Mystery
1066,Shall We Dance?,Shall We Dance? (1937),Comedy|Musical|Romance
1067,"Damsel in Distress, A","Damsel in Distress, A (1937)",Comedy|Musical|Romance
1068,Crossfire,Crossfire (1947),Crime|Film-Noir
1069,"Murder, My Sweet","Murder, My Sweet (1944)",Film-Noir|Thriller
1070,Macao,Macao (1952),Adventure
1071,For the Moment,For the Moment (1994),Romance|War
1073,Willy Wonka and the Chocolate Factory,Willy Wonka and the Chocolate Factory (1971),Adventure|Children's|Comedy|Fantasy
1075,"Sexual Life of the Belgians, The","Sexual Life of the Belgians, The (1994)",Comedy
1076,"Innocents, The","Innocents, The (1961)",Thriller
1077,Sleeper,Sleeper (1973),Comedy|Sci-Fi
1078,Bananas,Bananas (1971),Comedy|War
1079,"Fish Called Wanda, A","Fish Called Wanda, A (1988)",Comedy
1080,Monty Python's Life of Brian,Monty Python's Life of Brian (1979),Comedy
1081,Victor/Victoria,Victor/Victoria (1982),Comedy|Musical
1082,"Candidate, The","Candidate, The (1972)",Drama
1083,"Great Race, The","Great Race, The (1965)",Comedy|Musical
1084,Bonnie and Clyde,Bonnie and Clyde (1967),Crime|Drama
1085,"Old Man and the Sea, The","Old Man and the Sea, The (1958)",Adventure|Drama
1086,Dial M for Murder,Dial M for Murder (1954),Mystery|Thriller
1087,Madame Butterfly,Madame Butterfly (1995),Musical
1088,Dirty Dancing,Dirty Dancing (1987),Musical|Romance
1089,Reservoir Dogs,Reservoir Dogs (1992),Crime|Thriller
1090,Platoon,Platoon (1986),Drama|War
1091,Weekend at Bernie's,Weekend at Bernie's (1989),Comedy
1092,Basic Instinct,Basic Instinct (1992),Mystery|Thriller
1093,"Doors, The","Doors, The (1991)",Drama|Musical
1094,"Crying Game, The","Crying Game, The (1992)",Drama|Romance|War
1095,Glengarry Glen Ross,Glengarry Glen Ross (1992),Drama
1096,Sophie's Choice,Sophie's Choice (1982),Drama
1097,E.T. the Extra-Terrestrial,E.T. the Extra-Terrestrial (1982),Children's|Drama|Fantasy|Sci-Fi
1098,"Search for One-eye Jimmy, The","Search for One-eye Jimmy, The (1996)",Comedy
1099,"Christmas Carol, A","Christmas Carol, A (1938)",Drama
1100,Days of Thunder,Days of Thunder (1990),Action|Romance
1101,Top Gun,Top Gun (1986),Action|Romance
1102,American Strays,American Strays (1996),Action
1103,Rebel Without a Cause,Rebel Without a Cause (1955),Drama
1104,"Streetcar Named Desire, A","Streetcar Named Desire, A (1951)",Drama
1105,Children of the Corn IV: The Gathering,Children of the Corn IV: The Gathering (1996),Horror
1106,"Leopard Son, The","Leopard Son, The (1996)",Documentary
1107,Loser,Loser (1991),Comedy
1108,Prerokbe Ognja,Prerokbe Ognja (1995),Documentary
1109,Charm's Incidents,Charm's Incidents (1996),Drama
1110,Bird of Prey,Bird of Prey (1996),Action
1111,Microcosmos (Microcosmos: Le peuple de l'herbe),Microcosmos (Microcosmos: Le peuple de l'herbe) (1996),Documentary
1112,Palookaville,Palookaville (1996),Action|Drama
1113,"Associate, The","Associate, The (1996)",Comedy
1114,"Funeral, The","Funeral, The (1996)",Drama
1115,Sleepover,Sleepover (1995),Comedy|Drama
1116,"Single Girl, A (La Fille Seule)","Single Girl, A (La Fille Seule) (1995)",Drama
1117,"Eighth Day, The (Le Huitime jour )","Eighth Day, The (Le Huitime jour ) (1996)",Drama
1118,Tashunga,Tashunga (1995),Adventure|Western
1119,Drunks,Drunks (1997),Drama
1120,"People vs. Larry Flynt, The","People vs. Larry Flynt, The (1996)",Drama
1121,Glory Daze,Glory Daze (1996),Drama
1122,Plutonium Circus,Plutonium Circus (1995),Documentary
1123,"Perfect Candidate, A","Perfect Candidate, A (1996)",Documentary
1124,On Golden Pond,On Golden Pond (1981),Drama
1125,"Return of the Pink Panther, The","Return of the Pink Panther, The (1974)",Comedy
1126,Drop Dead Fred,Drop Dead Fred (1991),Comedy|Fantasy
1127,"Abyss, The","Abyss, The (1989)",Action|Adventure|Sci-Fi|Thriller
1128,"Fog, The","Fog, The (1980)",Horror
1129,Escape from New York,Escape from New York (1981),Action|Adventure|Sci-Fi|Thriller
1130,"Howling, The","Howling, The (1980)",Horror
1131,Jean de Florette,Jean de Florette (1986),Drama
1132,Manon of the Spring (Manon des sources),Manon of the Spring (Manon des sources) (1986),Drama
1133,Talking About Sex,Talking About Sex (1994),Comedy|Drama
1134,Johnny 100 Pesos,Johnny 100 Pesos (1993),Action|Drama
1135,Private Benjamin,Private Benjamin (1980),Comedy
1136,Monty Python and the Holy Grail,Monty Python and the Holy Grail (1974),Comedy
1137,Hustler White,Hustler White (1996),Romance
1138,Dadetown,Dadetown (1995),Documentary
1139,Everything Relative,Everything Relative (1996),Drama
1140,Entertaining Angels: The Dorothy Day Story,Entertaining Angels: The Dorothy Day Story (1996),Drama
1141,Hoogste tijd,Hoogste tijd (1995),Drama
1142,Get Over It,Get Over It (1996),Drama
1143,Three Lives and Only One Death,Three Lives and Only One Death (1996),Comedy
1144,"Line King: Al Hirschfeld, The","Line King: Al Hirschfeld, The (1996)",Documentary
1145,Snowriders,Snowriders (1996),Documentary
1146,Curtis's Charm,Curtis's Charm (1995),Comedy|Drama
1147,When We Were Kings,When We Were Kings (1996),Documentary
1148,"Wrong Trousers, The","Wrong Trousers, The (1993)",Animation|Comedy
1149,JLG/JLG - autoportrait de dcembre,JLG/JLG - autoportrait de dcembre (1994),Documentary|Drama
1150,"Return of Martin Guerre, The (Retour de Martin Guerre, Le)","Return of Martin Guerre, The (Retour de Martin Guerre, Le) (1982)",Drama
1151,Faust,Faust (1994),Animation|Comedy|Thriller
1152,He Walked by Night,He Walked by Night (1948),Crime|Film-Noir|Thriller
1153,Raw Deal,Raw Deal (1948),Film-Noir
1154,T-Men,T-Men (1947),Film-Noir
1155,"Invitation, The (Zaproszenie)","Invitation, The (Zaproszenie) (1986)",Drama
1156,"Children Are Watching us, The (Bambini ci guardano, I)","Children Are Watching us, The (Bambini ci guardano, I) (1942)",Drama
1157,"Symphonie pastorale, La","Symphonie pastorale, La (1946)",Drama
1158,Here Comes Cookie,Here Comes Cookie (1935),Comedy
1159,Love in Bloom,Love in Bloom (1935),Romance
1160,Six of a Kind,Six of a Kind (1934),Comedy
1161,"Tin Drum, The (Blechtrommel, Die)","Tin Drum, The (Blechtrommel, Die) (1979)",Drama
1162,"Ruling Class, The","Ruling Class, The (1972)",Comedy
1163,Mina Tannenbaum,Mina Tannenbaum (1994),Drama
1164,Two or Three Things I Know About Her,Two or Three Things I Know About Her (1966),Drama
1165,"Bloody Child, The","Bloody Child, The (1996)",Drama|Thriller
1166,Farmer & Chase,Farmer & Chase (1995),Comedy
1167,Dear God,Dear God (1996),Comedy
1168,Bad Moon,Bad Moon (1996),Horror
1169,American Dream,American Dream (1990),Documentary
1170,Best of the Best 3: No Turning Back,Best of the Best 3: No Turning Back (1995),Action
1171,Bob Roberts,Bob Roberts (1992),Comedy
1172,Cinema Paradiso,Cinema Paradiso (1988),Comedy|Drama|Romance
1173,"Cook the Thief His Wife & Her Lover, The","Cook the Thief His Wife & Her Lover, The (1989)",Drama
1174,Grosse Fatigue,Grosse Fatigue (1994),Comedy
1175,Delicatessen,Delicatessen (1991),Comedy|Sci-Fi
1176,"Double Life of Veronique, The (La Double Vie de Vronique)","Double Life of Veronique, The (La Double Vie de Vronique) (1991)",Drama
1177,Enchanted April,Enchanted April (1991),Drama
1178,Paths of Glory,Paths of Glory (1957),Drama|War
1179,"Grifters, The","Grifters, The (1990)",Crime|Drama|Film-Noir
1180,Hear My Song,Hear My Song (1991),Comedy
1181,"Shooter, The","Shooter, The (1995)",Action
1183,"English Patient, The","English Patient, The (1996)",Drama|Romance|War
1184,Mediterraneo,Mediterraneo (1991),Comedy|War
1185,My Left Foot,My Left Foot (1989),Drama
1186,"Sex, Lies, and Videotape","Sex, Lies, and Videotape (1989)",Drama
1187,Passion Fish,Passion Fish (1992),Drama
1188,Strictly Ballroom,Strictly Ballroom (1992),Comedy|Romance
1189,"Thin Blue Line, The","Thin Blue Line, The (1988)",Documentary
1190,Tie Me Up! Tie Me Down!,Tie Me Up! Tie Me Down! (1990),Drama
1191,Madonna: Truth or Dare,Madonna: Truth or Dare (1991),Documentary
1192,Paris Is Burning,Paris Is Burning (1990),Documentary
1193,One Flew Over the Cuckoo's Nest,One Flew Over the Cuckoo's Nest (1975),Drama
1194,Up in Smoke,Up in Smoke (1978),Comedy
1196,Star Wars: Episode V - The Empire Strikes Back,Star Wars: Episode V - The Empire Strikes Back (1980),Action|Adventure|Drama|Sci-Fi|War
1197,"Princess Bride, The","Princess Bride, The (1987)",Action|Adventure|Comedy|Romance
1198,Raiders of the Lost Ark,Raiders of the Lost Ark (1981),Action|Adventure
1199,Brazil,Brazil (1985),Sci-Fi
1200,Aliens,Aliens (1986),Action|Sci-Fi|Thriller|War
1201,"Good, The Bad and The Ugly, The","Good, The Bad and The Ugly, The (1966)",Action|Western
1202,Withnail and I,Withnail and I (1987),Comedy
1203,12 Angry Men,12 Angry Men (1957),Drama
1204,Lawrence of Arabia,Lawrence of Arabia (1962),Adventure|War
1205,"Transformers: The Movie, The","Transformers: The Movie, The (1986)",Action|Animation|Children's|Sci-Fi|Thriller|War
1206,"Clockwork Orange, A","Clockwork Orange, A (1971)",Sci-Fi
1207,To Kill a Mockingbird,To Kill a Mockingbird (1962),Drama
1208,Apocalypse Now,Apocalypse Now (1979),Drama|War
1209,Once Upon a Time in the West,Once Upon a Time in the West (1969),Western
1210,Star Wars: Episode VI - Return of the Jedi,Star Wars: Episode VI - Return of the Jedi (1983),Action|Adventure|Romance|Sci-Fi|War
1211,Wings of Desire (Der Himmel ber Berlin),Wings of Desire (Der Himmel ber Berlin) (1987),Comedy|Drama|Romance
1212,"Third Man, The","Third Man, The (1949)",Mystery|Thriller
1213,GoodFellas,GoodFellas (1990),Crime|Drama
1214,Alien,Alien (1979),Action|Horror|Sci-Fi|Thriller
1215,Army of Darkness,Army of Darkness (1993),Action|Adventure|Comedy|Horror|Sci-Fi
1216,"Big Blue, The (Le Grand Bleu)","Big Blue, The (Le Grand Bleu) (1988)",Adventure|Romance
1217,Ran,Ran (1985),Drama|War
1218,"Killer, The (Die xue shuang xiong)","Killer, The (Die xue shuang xiong) (1989)",Action|Thriller
1219,Psycho,Psycho (1960),Horror|Thriller
1220,"Blues Brothers, The","Blues Brothers, The (1980)",Action|Comedy|Musical
1221,"Godfather: Part II, The","Godfather: Part II, The (1974)",Action|Crime|Drama
1222,Full Metal Jacket,Full Metal Jacket (1987),Action|Drama|War
1223,"Grand Day Out, A","Grand Day Out, A (1992)",Animation|Comedy
1224,Henry V,Henry V (1989),Drama|War
1225,Amadeus,Amadeus (1984),Drama
1226,"Quiet Man, The","Quiet Man, The (1952)",Comedy|Romance
1227,Once Upon a Time in America,Once Upon a Time in America (1984),Crime|Drama|Thriller
1228,Raging Bull,Raging Bull (1980),Drama
1230,Annie Hall,Annie Hall (1977),Comedy|Romance
1231,"Right Stuff, The","Right Stuff, The (1983)",Drama
1232,Stalker,Stalker (1979),Mystery|Sci-Fi
1233,"Boat, The (Das Boot)","Boat, The (Das Boot) (1981)",Action|Drama|War
1234,"Sting, The","Sting, The (1973)",Comedy|Crime
1235,Harold and Maude,Harold and Maude (1971),Comedy
1236,Trust,Trust (1990),Comedy|Drama
1237,"Seventh Seal, The (Sjunde inseglet, Det)","Seventh Seal, The (Sjunde inseglet, Det) (1957)",Drama
1238,Local Hero,Local Hero (1983),Comedy
1240,"Terminator, The","Terminator, The (1984)",Action|Sci-Fi|Thriller
1241,Braindead,Braindead (1992),Comedy|Horror
1242,Glory,Glory (1989),Action|Drama|War
1243,Rosencrantz and Guildenstern Are Dead,Rosencrantz and Guildenstern Are Dead (1990),Comedy|Drama
1244,Manhattan,Manhattan (1979),Comedy|Drama|Romance
1245,Miller's Crossing,Miller's Crossing (1990),Drama
1246,Dead Poets Society,Dead Poets Society (1989),Drama
1247,"Graduate, The","Graduate, The (1967)",Drama|Romance
1248,Touch of Evil,Touch of Evil (1958),Crime|Film-Noir|Thriller
1249,Nikita (La Femme Nikita),Nikita (La Femme Nikita) (1990),Thriller
1250,"Bridge on the River Kwai, The","Bridge on the River Kwai, The (1957)",Drama|War
1251,8 1/2,8 1/2 (1963),Drama
1252,Chinatown,Chinatown (1974),Film-Noir|Mystery|Thriller
1253,"Day the Earth Stood Still, The","Day the Earth Stood Still, The (1951)",Drama|Sci-Fi
1254,"Treasure of the Sierra Madre, The","Treasure of the Sierra Madre, The (1948)",Adventure
1255,Bad Taste,Bad Taste (1987),Comedy|Horror
1256,Duck Soup,Duck Soup (1933),Comedy|War
1257,Better Off Dead...,Better Off Dead... (1985),Comedy
1258,"Shining, The","Shining, The (1980)",Horror
1259,Stand by Me,Stand by Me (1986),Adventure|Comedy|Drama
1260,M,M (1931),Crime|Film-Noir|Thriller
1261,Evil Dead II (Dead By Dawn),Evil Dead II (Dead By Dawn) (1987),Action|Adventure|Comedy|Horror
1262,"Great Escape, The","Great Escape, The (1963)",Adventure|War
1263,"Deer Hunter, The","Deer Hunter, The (1978)",Drama|War
1264,Diva,Diva (1981),Action|Drama|Mystery|Romance|Thriller
1265,Groundhog Day,Groundhog Day (1993),Comedy|Romance
1266,Unforgiven,Unforgiven (1992),Western
1267,"Manchurian Candidate, The","Manchurian Candidate, The (1962)",Film-Noir|Thriller
1268,Pump Up the Volume,Pump Up the Volume (1990),Drama
1269,Arsenic and Old Lace,Arsenic and Old Lace (1944),Comedy|Mystery|Thriller
1270,Back to the Future,Back to the Future (1985),Comedy|Sci-Fi
1271,Fried Green Tomatoes,Fried Green Tomatoes (1991),Drama
1272,Patton,Patton (1970),Drama|War
1273,Down by Law,Down by Law (1986),Comedy|Drama
1274,Akira,Akira (1988),Adventure|Animation|Sci-Fi|Thriller
1275,Highlander,Highlander (1986),Action|Adventure
1276,Cool Hand Luke,Cool Hand Luke (1967),Comedy|Drama
1277,Cyrano de Bergerac,Cyrano de Bergerac (1990),Action|Drama|Romance
1278,Young Frankenstein,Young Frankenstein (1974),Comedy|Horror
1279,Night on Earth,Night on Earth (1991),Comedy|Drama
1280,Raise the Red Lantern,Raise the Red Lantern (1991),Drama
1281,"Great Dictator, The","Great Dictator, The (1940)",Comedy
1282,Fantasia,Fantasia (1940),Animation|Children's|Musical
1283,High Noon,High Noon (1952),Western
1284,"Big Sleep, The","Big Sleep, The (1946)",Film-Noir|Mystery
1285,Heathers,Heathers (1989),Comedy
1286,Somewhere in Time,Somewhere in Time (1980),Drama|Romance
1287,Ben-Hur,Ben-Hur (1959),Action|Adventure|Drama
1288,This Is Spinal Tap,This Is Spinal Tap (1984),Comedy|Drama|Musical
1289,Koyaanisqatsi,Koyaanisqatsi (1983),Documentary|War
1290,Some Kind of Wonderful,Some Kind of Wonderful (1987),Drama|Romance
1291,Indiana Jones and the Last Crusade,Indiana Jones and the Last Crusade (1989),Action|Adventure
1292,Being There,Being There (1979),Comedy
1293,Gandhi,Gandhi (1982),Drama
1294,M*A*S*H,M*A*S*H (1970),Comedy|War
1295,"Unbearable Lightness of Being, The","Unbearable Lightness of Being, The (1988)",Drama
1296,"Room with a View, A","Room with a View, A (1986)",Drama|Romance
1297,Real Genius,Real Genius (1985),Comedy
1298,Pink Floyd - The Wall,Pink Floyd - The Wall (1982),Drama|Musical|War
1299,"Killing Fields, The","Killing Fields, The (1984)",Drama|War
1300,My Life as a Dog (Mitt liv som hund),My Life as a Dog (Mitt liv som hund) (1985),Drama
1301,Forbidden Planet,Forbidden Planet (1956),Sci-Fi
1302,Field of Dreams,Field of Dreams (1989),Drama
1303,"Man Who Would Be King, The","Man Who Would Be King, The (1975)",Adventure
1304,Butch Cassidy and the Sundance Kid,Butch Cassidy and the Sundance Kid (1969),Action|Comedy|Western
1305,"Paris, Texas","Paris, Texas (1984)",Drama
1306,Until the End of the World (Bis ans Ende der Welt),Until the End of the World (Bis ans Ende der Welt) (1991),Drama|Sci-Fi
1307,When Harry Met Sally...,When Harry Met Sally... (1989),Comedy|Romance
1308,I Shot a Man in Vegas,I Shot a Man in Vegas (1995),Comedy
1309,Parallel Sons,Parallel Sons (1995),Drama|Romance
1310,Hype!,Hype! (1996),Documentary
1311,Santa with Muscles,Santa with Muscles (1996),Comedy
1312,Female Perversions,Female Perversions (1996),Drama
1313,Mad Dog Time,Mad Dog Time (1996),Crime
1314,Breathing Room,Breathing Room (1996),Romance
1315,Paris Was a Woman,Paris Was a Woman (1995),Documentary
1316,Anna,Anna (1996),Drama
1317,I'm Not Rappaport,I'm Not Rappaport (1996),Comedy
1318,Blue Juice,Blue Juice (1995),Comedy|Drama
1319,Kids of Survival,Kids of Survival (1993),Documentary
1320,Alien,Alien (1992),Action|Horror|Sci-Fi|Thriller
1321,"American Werewolf in London, An","American Werewolf in London, An (1981)",Horror
1322,Amityville 1992: It's About Time,Amityville 1992: It's About Time (1992),Horror
1323,Amityville 3-D,Amityville 3-D (1983),Horror
1324,Amityville: Dollhouse,Amityville: Dollhouse (1996),Horror
1325,Amityville: A New Generation,Amityville: A New Generation (1993),Horror
1326,Amityville II: The Possession,Amityville II: The Possession (1982),Horror
1327,"Amityville Horror, The","Amityville Horror, The (1979)",Horror
1328,"Amityville Curse, The","Amityville Curse, The (1990)",Horror
1329,Blood For Dracula (Andy Warhol's Dracula),Blood For Dracula (Andy Warhol's Dracula) (1974),Horror
1330,April Fool's Day,April Fool's Day (1986),Comedy|Horror
1331,Audrey Rose,Audrey Rose (1977),Horror
1332,"Believers, The","Believers, The (1987)",Horror|Thriller
1333,"Birds, The","Birds, The (1963)",Horror
1334,"Blob, The","Blob, The (1958)",Horror|Sci-Fi
1335,Blood Beach,Blood Beach (1981),Action|Horror
1336,Body Parts,Body Parts (1991),Horror
1337,"Body Snatcher, The","Body Snatcher, The (1945)",Horror
1339,Bram Stoker's Dracula,Bram Stoker's Dracula (1992),Horror|Romance
1340,Bride of Frankenstein,Bride of Frankenstein (1935),Horror
1341,Burnt Offerings,Burnt Offerings (1976),Horror
1342,Candyman,Candyman (1992),Horror
1343,Cape Fear,Cape Fear (1991),Thriller
1344,Cape Fear,Cape Fear (1962),Film-Noir|Thriller
1345,Carrie,Carrie (1976),Horror
1346,Cat People,Cat People (1982),Horror
1347,"Nightmare on Elm Street, A","Nightmare on Elm Street, A (1984)",Horror
1348,"Nosferatu (Nosferatu, eine Symphonie des Grauens)","Nosferatu (Nosferatu, eine Symphonie des Grauens) (1922)",Horror
1349,Nosferatu a Venezia,Nosferatu a Venezia (1986),Horror
1350,"Omen, The","Omen, The (1976)",Horror
1351,Blood & Wine,Blood & Wine (1997),Drama
1352,Albino Alligator,Albino Alligator (1996),Crime|Thriller
1353,"Mirror Has Two Faces, The","Mirror Has Two Faces, The (1996)",Comedy|Romance
1354,Breaking the Waves,Breaking the Waves (1996),Drama
1355,Nightwatch,Nightwatch (1997),Horror|Thriller
1356,Star Trek: First Contact,Star Trek: First Contact (1996),Action|Adventure|Sci-Fi
1357,Shine,Shine (1996),Drama|Romance
1358,Sling Blade,Sling Blade (1996),Drama|Thriller
1359,Jingle All the Way,Jingle All the Way (1996),Adventure|Children's|Comedy
1360,Identification of a Woman (Identificazione di una donna),Identification of a Woman (Identificazione di una donna) (1982),Drama
1361,Paradise Lost: The Child Murders at Robin Hood Hills,Paradise Lost: The Child Murders at Robin Hood Hills (1996),Documentary
1362,"Garden of Finzi-Contini, The (Giardino dei Finzi-Contini, Il)","Garden of Finzi-Contini, The (Giardino dei Finzi-Contini, Il) (1970)",Drama
1363,"Preacher's Wife, The","Preacher's Wife, The (1996)",Drama
1364,Zero Kelvin (Kjrlighetens kjtere),Zero Kelvin (Kjrlighetens kjtere) (1995),Action
1365,Ridicule,Ridicule (1996),Drama
1366,"Crucible, The","Crucible, The (1996)",Drama
1367,101 Dalmatians,101 Dalmatians (1996),Children's|Comedy
1368,"Forbidden Christ, The (Cristo proibito, Il)","Forbidden Christ, The (Cristo proibito, Il) (1950)",Drama
1369,I Can't Sleep (J'ai pas sommeil),I Can't Sleep (J'ai pas sommeil) (1994),Drama|Thriller
1370,Die Hard 2,Die Hard 2 (1990),Action|Thriller
1371,Star Trek: The Motion Picture,Star Trek: The Motion Picture (1979),Action|Adventure|Sci-Fi
1372,Star Trek VI: The Undiscovered Country,Star Trek VI: The Undiscovered Country (1991),Action|Adventure|Sci-Fi
1373,Star Trek V: The Final Frontier,Star Trek V: The Final Frontier (1989),Action|Adventure|Sci-Fi
1374,Star Trek: The Wrath of Khan,Star Trek: The Wrath of Khan (1982),Action|Adventure|Sci-Fi
1375,Star Trek III: The Search for Spock,Star Trek III: The Search for Spock (1984),Action|Adventure|Sci-Fi
1376,Star Trek IV: The Voyage Home,Star Trek IV: The Voyage Home (1986),Action|Adventure|Sci-Fi
1377,Batman Returns,Batman Returns (1992),Action|Adventure|Comedy|Crime
1378,Young Guns,Young Guns (1988),Action|Comedy|Western
1379,Young Guns II,Young Guns II (1990),Action|Comedy|Western
1380,Grease,Grease (1978),Comedy|Musical|Romance
1381,Grease 2,Grease 2 (1982),Comedy|Musical|Romance
1382,Marked for Death,Marked for Death (1990),Action|Drama
1383,Adrenalin: Fear the Rush,Adrenalin: Fear the Rush (1996),Action|Sci-Fi
1384,"Substance of Fire, The","Substance of Fire, The (1996)",Drama
1385,Under Siege,Under Siege (1992),Action
1386,Terror in a Texas Town,Terror in a Texas Town (1958),Western
1387,Jaws,Jaws (1975),Action|Horror
1388,Jaws 2,Jaws 2 (1978),Action|Horror
1389,Jaws 3-D,Jaws 3-D (1983),Action|Horror
1390,My Fellow Americans,My Fellow Americans (1996),Comedy
1391,Mars Attacks!,Mars Attacks! (1996),Action|Comedy|Sci-Fi|War
1392,Citizen Ruth,Citizen Ruth (1996),Comedy|Drama
1393,Jerry Maguire,Jerry Maguire (1996),Drama|Romance
1394,Raising Arizona,Raising Arizona (1987),Comedy
1395,Tin Men,Tin Men (1987),Comedy|Drama
1396,Sneakers,Sneakers (1992),Crime|Drama|Sci-Fi
1397,Bastard Out of Carolina,Bastard Out of Carolina (1996),Drama
1398,In Love and War,In Love and War (1996),Romance|War
1399,Marvin's Room,Marvin's Room (1996),Drama
1400,Somebody is Waiting,Somebody is Waiting (1996),Drama
1401,Ghosts of Mississippi,Ghosts of Mississippi (1996),Drama
1404,Night Falls on Manhattan,Night Falls on Manhattan (1997),Crime|Drama
1405,Beavis and Butt-head Do America,Beavis and Butt-head Do America (1996),Animation|Comedy
1406,"Crmonie, La","Crmonie, La (1995)",Drama
1407,Scream,Scream (1996),Horror|Thriller
1408,"Last of the Mohicans, The","Last of the Mohicans, The (1992)",Action|Romance|War
1409,Michael,Michael (1996),Comedy|Romance
1410,"Evening Star, The","Evening Star, The (1996)",Comedy|Drama
1411,Hamlet,Hamlet (1996),Drama
1412,Some Mother's Son,Some Mother's Son (1996),Drama
1413,"Whole Wide World, The","Whole Wide World, The (1996)",Drama
1414,Mother,Mother (1996),Comedy
1415,"Thieves (Voleurs, Les)","Thieves (Voleurs, Les) (1996)",Crime|Drama|Romance
1416,Evita,Evita (1996),Drama|Musical
1417,"Portrait of a Lady, The","Portrait of a Lady, The (1996)",Drama
1419,Walkabout,Walkabout (1971),Drama
1420,Message to Love: The Isle of Wight Festival,Message to Love: The Isle of Wight Festival (1996),Documentary
1421,Grateful Dead,Grateful Dead (1995),Documentary
1422,Murder at 1600,Murder at 1600 (1997),Mystery|Thriller
1423,Hearts and Minds,Hearts and Minds (1996),Drama
1424,Inside,Inside (1996),Action
1425,Fierce Creatures,Fierce Creatures (1997),Comedy
1426,Zeus and Roxanne,Zeus and Roxanne (1997),Children's
1427,Turbulence,Turbulence (1997),Thriller
1428,Angel Baby,Angel Baby (1995),Drama
1429,Jackie Chan's First Strike,Jackie Chan's First Strike (1996),Action
1430,Underworld,Underworld (1997),Thriller
1431,Beverly Hills Ninja,Beverly Hills Ninja (1997),Action|Comedy
1432,Metro,Metro (1997),Action
1433,"Machine, The","Machine, The (1994)",Comedy|Horror
1434,"Stranger, The","Stranger, The (1994)",Action
1436,Falling in Love Again,Falling in Love Again (1980),Comedy
1437,"Cement Garden, The","Cement Garden, The (1993)",Drama
1438,Dante's Peak,Dante's Peak (1997),Action|Thriller
1439,Meet Wally Sparks,Meet Wally Sparks (1997),Comedy
1440,Amos & Andrew,Amos & Andrew (1993),Comedy
1441,Benny & Joon,Benny & Joon (1993),Comedy|Romance
1442,Prefontaine,Prefontaine (1997),Drama
1443,"Tickle in the Heart, A","Tickle in the Heart, A (1996)",Documentary
1444,Guantanamera,Guantanamera (1994),Comedy
1445,McHale's Navy,McHale's Navy (1997),Comedy|War
1446,Kolya,Kolya (1996),Comedy
1447,Gridlock'd,Gridlock'd (1997),Crime
1448,Fire on the Mountain,Fire on the Mountain (1996),Documentary
1449,Waiting for Guffman,Waiting for Guffman (1996),Comedy
1450,Prisoner of the Mountains (Kavkazsky Plennik),Prisoner of the Mountains (Kavkazsky Plennik) (1996),War
1453,"Beautician and the Beast, The","Beautician and the Beast, The (1997)",Comedy|Romance
1454,SubUrbia,SubUrbia (1997),Comedy
1455,Hotel de Love,Hotel de Love (1996),Comedy|Romance
1456,"Pest, The","Pest, The (1997)",Comedy
1457,Fools Rush In,Fools Rush In (1997),Comedy|Romance
1458,Touch,Touch (1997),Romance
1459,Absolute Power,Absolute Power (1997),Mystery|Thriller
1460,That Darn Cat!,That Darn Cat! (1997),Children's|Comedy|Mystery
1461,Vegas Vacation,Vegas Vacation (1997),Comedy
1462,Unforgotten: Twenty-Five Years After Willowbrook,Unforgotten: Twenty-Five Years After Willowbrook (1996),Documentary
1463,That Old Feeling,That Old Feeling (1997),Comedy|Romance
1464,Lost Highway,Lost Highway (1997),Mystery
1465,Rosewood,Rosewood (1997),Drama
1466,Donnie Brasco,Donnie Brasco (1997),Crime|Drama
1467,Salut cousin!,Salut cousin! (1996),Comedy|Drama
1468,Booty Call,Booty Call (1997),Comedy|Romance
1470,Rhyme & Reason,Rhyme & Reason (1997),Documentary
1471,Boys Life 2,Boys Life 2 (1997),Drama
1472,City of Industry,City of Industry (1997),Crime|Thriller
1473,Best Men,Best Men (1997),Action|Comedy|Crime|Drama
1474,Jungle2Jungle (a.k.a. Jungle 2 Jungle),Jungle2Jungle (a.k.a. Jungle 2 Jungle) (1997),Children's|Comedy
1475,Kama Sutra: A Tale of Love,Kama Sutra: A Tale of Love (1996),Romance
1476,Private Parts,Private Parts (1997),Comedy|Drama
1477,Love Jones,Love Jones (1997),Romance
1479,"Saint, The","Saint, The (1997)",Action|Romance|Thriller
1480,Smilla's Sense of Snow,Smilla's Sense of Snow (1997),Action|Drama|Thriller
1482,"Van, The","Van, The (1996)",Comedy|Drama
1483,Crash,Crash (1996),Drama|Thriller
1484,"Daytrippers, The","Daytrippers, The (1996)",Mystery
1485,Liar Liar,Liar Liar (1997),Comedy
1486,"Quiet Room, The","Quiet Room, The (1996)",Drama
1487,Selena,Selena (1997),Drama|Musical
1488,"Devil's Own, The","Devil's Own, The (1997)",Action|Drama|Thriller|War
1489,Cats Don't Dance,Cats Don't Dance (1997),Animation|Children's|Musical
1490,B*A*P*S,B*A*P*S (1997),Comedy
1493,Love and Other Catastrophes,Love and Other Catastrophes (1996),Romance
1494,"Sixth Man, The","Sixth Man, The (1997)",Comedy
1495,Turbo: A Power Rangers Movie,Turbo: A Power Rangers Movie (1997),Action|Adventure|Children's
1496,Anna Karenina,Anna Karenina (1997),Drama|Romance
1497,Double Team,Double Team (1997),Action
1498,Inventing the Abbotts,Inventing the Abbotts (1997),Drama|Romance
1499,Anaconda,Anaconda (1997),Action|Adventure|Thriller
1500,Grosse Pointe Blank,Grosse Pointe Blank (1997),Comedy|Crime
1501,Keys to Tulsa,Keys to Tulsa (1997),Crime
1502,Kissed,Kissed (1996),Romance
1503,8 Heads in a Duffel Bag,8 Heads in a Duffel Bag (1997),Comedy
1504,Hollow Reed,Hollow Reed (1996),Drama
1507,Paradise Road,Paradise Road (1997),Drama|War
1508,Traveller,Traveller (1997),Drama
1509,All Over Me,All Over Me (1997),Drama
1510,"Brother's Kiss, A","Brother's Kiss, A (1997)",Drama
1511,A Chef in Love,A Chef in Love (1996),Comedy
1513,Romy and Michele's High School Reunion,Romy and Michele's High School Reunion (1997),Comedy
1514,Temptress Moon (Feng Yue),Temptress Moon (Feng Yue) (1996),Romance
1515,Volcano,Volcano (1997),Drama|Thriller
1516,Children of the Revolution,Children of the Revolution (1996),Comedy
1517,Austin Powers: International Man of Mystery,Austin Powers: International Man of Mystery (1997),Comedy
1518,Breakdown,Breakdown (1997),Action|Thriller
1519,Broken English,Broken English (1996),Drama
1520,Commandments,Commandments (1997),Romance
1522,Ripe,Ripe (1996),Drama
1523,"Truth or Consequences, N.M.","Truth or Consequences, N.M. (1997)",Action|Crime|Romance
1524,"Turning, The","Turning, The (1992)",Drama
1525,Warriors of Virtue,Warriors of Virtue (1997),Action|Adventure|Children's|Fantasy
1526,Fathers' Day,Fathers' Day (1997),Comedy
1527,"Fifth Element, The","Fifth Element, The (1997)",Action|Sci-Fi
1528,Intimate Relations,Intimate Relations (1996),Comedy
1529,Nowhere,Nowhere (1997),Drama
1531,Losing Chase,Losing Chase (1996),Drama
1532,Sprung,Sprung (1997),Comedy
1533,"Promise, The (La Promesse)","Promise, The (La Promesse) (1996)",Drama
1534,"Bonheur, Le","Bonheur, Le (1965)",Drama
1535,Love! Valour! Compassion!,Love! Valour! Compassion! (1997),Drama|Romance
1537,Shall We Dance? (Shall We Dansu?),Shall We Dance? (Shall We Dansu?) (1996),Comedy
1538,"Second Jungle Book: Mowgli & Baloo, The","Second Jungle Book: Mowgli & Baloo, The (1997)",Adventure|Children's
1539,Twin Town,Twin Town (1997),Comedy|Crime
1541,Addicted to Love,Addicted to Love (1997),Comedy|Romance
1542,Brassed Off,Brassed Off (1996),Comedy|Drama|Romance
1543,"Designated Mourner, The","Designated Mourner, The (1997)",Drama
1544,"Lost World: Jurassic Park, The","Lost World: Jurassic Park, The (1997)",Action|Adventure|Sci-Fi|Thriller
1545,Ponette,Ponette (1996),Drama
1546,Schizopolis,Schizopolis (1996),Comedy
1547,Shiloh,Shiloh (1997),Children's|Drama
1548,"War at Home, The","War at Home, The (1996)",Drama
1549,Rough Magic,Rough Magic (1995),Drama|Romance
1550,Trial and Error,Trial and Error (1997),Comedy|Romance
1551,Buddy,Buddy (1997),Adventure|Children's|Drama
1552,Con Air,Con Air (1997),Action|Adventure|Thriller
1553,Late Bloomers,Late Bloomers (1996),Comedy
1554,"Pillow Book, The","Pillow Book, The (1995)",Drama|Romance
1555,"To Have, or Not","To Have, or Not (1995)",Drama
1556,Speed 2: Cruise Control,Speed 2: Cruise Control (1997),Action|Romance|Thriller
1557,Squeeze,Squeeze (1996),Drama
1558,Sudden Manhattan,Sudden Manhattan (1996),Comedy
1559,"Next Step, The","Next Step, The (1995)",Drama
1561,Wedding Bell Blues,Wedding Bell Blues (1996),Comedy
1562,Batman & Robin,Batman & Robin (1997),Action|Adventure|Crime
1563,Dream With the Fishes,Dream With the Fishes (1997),Drama
1564,Roseanna's Grave (For Roseanna),Roseanna's Grave (For Roseanna) (1997),Comedy|Romance
1565,Head Above Water,Head Above Water (1996),Comedy|Thriller
1566,Hercules,Hercules (1997),Adventure|Animation|Children's|Comedy|Musical
1567,"Last Time I Committed Suicide, The","Last Time I Committed Suicide, The (1997)",Drama
1568,MURDER and murder,MURDER and murder (1996),Crime|Drama|Mystery
1569,My Best Friend's Wedding,My Best Friend's Wedding (1997),Comedy|Romance
1570,Tetsuo II: Body Hammer,Tetsuo II: Body Hammer (1992),Sci-Fi
1571,When the Cats Away (Chacun cherche son chat),When the Cats Away (Chacun cherche son chat) (1996),Comedy|Romance
1572,Contempt (Le Mpris),Contempt (Le Mpris) (1963),Drama
1573,Face/Off,Face/Off (1997),Action|Sci-Fi|Thriller
1574,Fall,Fall (1997),Romance
1575,Gabbeh,Gabbeh (1996),Drama
1577,Mondo,Mondo (1996),Drama
1578,"Innocent Sleep, The","Innocent Sleep, The (1995)",Crime
1579,For Ever Mozart,For Ever Mozart (1996),Drama
1580,Men in Black,Men in Black (1997),Action|Adventure|Comedy|Sci-Fi
1581,Out to Sea,Out to Sea (1997),Comedy
1582,Wild America,Wild America (1997),Adventure|Children's
1583,"Simple Wish, A","Simple Wish, A (1997)",Children's|Fantasy
1584,Contact,Contact (1997),Drama|Sci-Fi
1585,Love Serenade,Love Serenade (1996),Comedy
1586,G.I. Jane,G.I. Jane (1997),Action|Drama|War
1587,Conan the Barbarian,Conan the Barbarian (1982),Action|Adventure
1588,George of the Jungle,George of the Jungle (1997),Children's|Comedy
1589,Cop Land,Cop Land (1997),Crime|Drama|Mystery
1590,Event Horizon,Event Horizon (1997),Action|Mystery|Sci-Fi|Thriller
1591,Spawn,Spawn (1997),Action|Adventure|Sci-Fi|Thriller
1592,Air Bud,Air Bud (1997),Children's|Comedy
1593,Picture Perfect,Picture Perfect (1997),Comedy|Romance
1594,In the Company of Men,In the Company of Men (1997),Drama
1595,Free Willy 3: The Rescue,Free Willy 3: The Rescue (1997),Adventure|Children's|Drama
1596,Career Girls,Career Girls (1997),Drama
1597,Conspiracy Theory,Conspiracy Theory (1997),Action|Mystery|Romance|Thriller
1598,Desperate Measures,Desperate Measures (1998),Crime|Drama|Thriller
1599,Steel,Steel (1997),Action
1600,She's So Lovely,She's So Lovely (1997),Drama|Romance
1601,Hoodlum,Hoodlum (1997),Crime|Drama|Film-Noir
1602,Leave It to Beaver,Leave It to Beaver (1997),Comedy
1603,Mimic,Mimic (1997),Sci-Fi|Thriller
1604,Money Talks,Money Talks (1997),Action|Comedy
1605,Excess Baggage,Excess Baggage (1997),Adventure|Romance
1606,Kull the Conqueror,Kull the Conqueror (1997),Action|Adventure
1608,Air Force One,Air Force One (1997),Action|Thriller
1609,187,187 (1997),Drama
1610,"Hunt for Red October, The","Hunt for Red October, The (1990)",Action|Thriller
1611,My Own Private Idaho,My Own Private Idaho (1991),Drama
1612,"Kiss Me, Guido","Kiss Me, Guido (1997)",Comedy
1613,Star Maps,Star Maps (1997),Drama
1614,In & Out,In & Out (1997),Comedy
1615,"Edge, The","Edge, The (1997)",Adventure|Thriller
1616,"Peacemaker, The","Peacemaker, The (1997)",Action|Thriller|War
1617,L.A. Confidential,L.A. Confidential (1997),Crime|Film-Noir|Mystery|Thriller
1619,Seven Years in Tibet,Seven Years in Tibet (1997),Drama|War
1620,Kiss the Girls,Kiss the Girls (1997),Crime|Drama|Thriller
1621,Soul Food,Soul Food (1997),Drama
1622,Kicked in the Head,Kicked in the Head (1997),Comedy|Drama
1623,Wishmaster,Wishmaster (1997),Horror
1624,"Thousand Acres, A","Thousand Acres, A (1997)",Drama
1625,"Game, The","Game, The (1997)",Mystery|Thriller
1626,Fire Down Below,Fire Down Below (1997),Action|Drama|Thriller
1627,U Turn,U Turn (1997),Action|Crime|Mystery
1628,"Locusts, The","Locusts, The (1997)",Drama
1629,"MatchMaker, The","MatchMaker, The (1997)",Comedy|Romance
1630,"Lay of the Land, The","Lay of the Land, The (1997)",Comedy|Drama
1631,"Assignment, The","Assignment, The (1997)",Thriller
1632,"Smile Like Yours, A","Smile Like Yours, A (1997)",Comedy|Romance
1633,Ulee's Gold,Ulee's Gold (1997),Drama
1635,"Ice Storm, The","Ice Storm, The (1997)",Drama
1636,Stag,Stag (1997),Action|Thriller
1639,Chasing Amy,Chasing Amy (1997),Drama|Romance
1640,How to Be a Player,How to Be a Player (1997),Comedy
1641,"Full Monty, The","Full Monty, The (1997)",Comedy
1642,Indian Summer (a.k.a. Alive & Kicking),Indian Summer (a.k.a. Alive & Kicking) (1996),Comedy|Drama
1643,"Mrs. Brown (Her Majesty, Mrs. Brown)","Mrs. Brown (Her Majesty, Mrs. Brown) (1997)",Drama|Romance
1644,I Know What You Did Last Summer,I Know What You Did Last Summer (1997),Horror|Mystery|Thriller
1645,"Devil's Advocate, The","Devil's Advocate, The (1997)",Crime|Horror|Mystery|Thriller
1646,Rocket Man,Rocket Man (1997),Comedy
1647,Playing God,Playing God (1997),Crime|Thriller
1648,"House of Yes, The","House of Yes, The (1997)",Comedy|Drama|Thriller
1649,"Fast, Cheap & Out of Control","Fast, Cheap & Out of Control (1997)",Documentary
1650,Washington Square,Washington Square (1997),Drama
1651,Telling Lies in America,Telling Lies in America (1997),Drama
1652,Year of the Horse,Year of the Horse (1997),Documentary
1653,Gattaca,Gattaca (1997),Drama|Sci-Fi|Thriller
1654,FairyTale: A True Story,FairyTale: A True Story (1997),Children's|Drama|Fantasy
1655,Phantoms,Phantoms (1998),Horror
1656,Swept from the Sea,Swept from the Sea (1997),Romance
1657,Wonderland,Wonderland (1997),Documentary
1658,"Life Less Ordinary, A","Life Less Ordinary, A (1997)",Romance|Thriller
1659,Hurricane Streets,Hurricane Streets (1998),Drama
1660,Eve's Bayou,Eve's Bayou (1997),Drama
1661,Switchback,Switchback (1997),Thriller
1662,Gang Related,Gang Related (1997),Crime
1663,Stripes,Stripes (1981),Comedy
1664,Nnette et Boni,Nnette et Boni (1996),Drama
1665,Bean,Bean (1997),Comedy
1666,Hugo Pool,Hugo Pool (1997),Romance
1667,Mad City,Mad City (1997),Action|Drama
1668,One Night Stand,One Night Stand (1997),Drama
1669,"Tango Lesson, The","Tango Lesson, The (1997)",Romance
1670,Welcome To Sarajevo,Welcome To Sarajevo (1997),Drama|War
1671,Deceiver,Deceiver (1997),Crime
1672,"Rainmaker, The","Rainmaker, The (1997)",Drama
1673,Boogie Nights,Boogie Nights (1997),Drama
1674,Witness,Witness (1985),Drama|Romance|Thriller
1675,Incognito,Incognito (1997),Crime|Thriller
1676,Starship Troopers,Starship Troopers (1997),Action|Adventure|Sci-Fi|War
1677,Critical Care,Critical Care (1997),Comedy
1678,"Joy Luck Club, The","Joy Luck Club, The (1993)",Drama
1679,Chairman of the Board,Chairman of the Board (1998),Comedy
1680,Sliding Doors,Sliding Doors (1998),Drama|Romance
1681,Mortal Kombat: Annihilation,Mortal Kombat: Annihilation (1997),Action|Adventure
1682,"Truman Show, The","Truman Show, The (1998)",Drama
1683,"Wings of the Dove, The","Wings of the Dove, The (1997)",Drama|Romance|Thriller
1684,Mrs. Dalloway,Mrs. Dalloway (1997),Romance
1685,"I Love You, I Love You Not","I Love You, I Love You Not (1996)",Romance
1686,Red Corner,Red Corner (1997),Crime|Thriller
1687,"Jackal, The","Jackal, The (1997)",Action|Thriller
1688,Anastasia,Anastasia (1997),Animation|Children's|Musical
1689,"Man Who Knew Too Little, The","Man Who Knew Too Little, The (1997)",Comedy|Mystery
1690,Alien: Resurrection,Alien: Resurrection (1997),Action|Horror|Sci-Fi
1692,Alien Escape,Alien Escape (1995),Horror|Sci-Fi
1693,Amistad,Amistad (1997),Drama
1694,"Apostle, The","Apostle, The (1997)",Drama
1695,Artemisia,Artemisia (1997),Drama
1696,Bent,Bent (1997),Drama|War
1697,"Big Bang Theory, The","Big Bang Theory, The (1994)",Crime
1698,"Boys, Les","Boys, Les (1997)",Comedy
1699,"Butcher Boy, The","Butcher Boy, The (1998)",Drama
1701,Deconstructing Harry,Deconstructing Harry (1997),Comedy|Drama
1702,Flubber,Flubber (1997),Children's|Comedy|Fantasy
1703,For Richer or Poorer,For Richer or Poorer (1997),Comedy
1704,Good Will Hunting,Good Will Hunting (1997),Drama
1705,Guy,Guy (1996),Drama
1706,Harlem River Drive,Harlem River Drive (1996),Drama
1707,Home Alone 3,Home Alone 3 (1997),Children's|Comedy
1708,Ill Gotten Gains,Ill Gotten Gains (1997),Drama
1709,Legal Deceit,Legal Deceit (1997),Thriller
1710,Man of Her Dreams,Man of Her Dreams (1996),Drama
1711,Midnight in the Garden of Good and Evil,Midnight in the Garden of Good and Evil (1997),Comedy|Crime|Drama|Mystery
1713,Mouse Hunt,Mouse Hunt (1997),Children's|Comedy
1714,Never Met Picasso,Never Met Picasso (1996),Romance
1715,Office Killer,Office Killer (1997),Thriller
1716,"Other Voices, Other Rooms","Other Voices, Other Rooms (1997)",Drama
1717,Scream 2,Scream 2 (1997),Horror|Thriller
1718,Stranger in the House,Stranger in the House (1997),Thriller
1719,"Sweet Hereafter, The","Sweet Hereafter, The (1997)",Drama
1720,Time Tracers,Time Tracers (1995),Action|Adventure|Sci-Fi
1721,Titanic,Titanic (1997),Drama|Romance
1722,Tomorrow Never Dies,Tomorrow Never Dies (1997),Action|Romance|Thriller
1723,Twisted,Twisted (1996),Comedy|Drama
1724,Full Speed,Full Speed (1996),Drama
1725,"Education of Little Tree, The","Education of Little Tree, The (1997)",Drama
1726,"Postman, The","Postman, The (1997)",Drama
1727,"Horse Whisperer, The","Horse Whisperer, The (1998)",Drama
1728,"Winter Guest, The","Winter Guest, The (1997)",Drama
1729,Jackie Brown,Jackie Brown (1997),Crime|Drama
1730,Kundun,Kundun (1997),Drama
1731,Mr. Magoo,Mr. Magoo (1997),Comedy
1732,"Big Lebowski, The","Big Lebowski, The (1998)",Comedy|Crime|Mystery|Thriller
1733,Afterglow,Afterglow (1997),Drama|Romance
1734,My Life in Pink (Ma vie en rose),My Life in Pink (Ma vie en rose) (1997),Comedy|Drama
1735,Great Expectations,Great Expectations (1998),Drama|Romance
1738,Vermin,Vermin (1998),Comedy
1739,3 Ninjas: High Noon On Mega Mountain,3 Ninjas: High Noon On Mega Mountain (1998),Action|Children's
1740,Men of Means,Men of Means (1998),Action|Drama
1741,"Midaq Alley (Callejn de los milagros, El)","Midaq Alley (Callejn de los milagros, El) (1995)",Drama
1742,Caught Up,Caught Up (1998),Crime
1743,Arguing the World,Arguing the World (1996),Documentary
1744,Firestorm,Firestorm (1998),Action|Adventure|Thriller
1746,Senseless,Senseless (1998),Comedy
1747,Wag the Dog,Wag the Dog (1997),Comedy|Drama
1748,Dark City,Dark City (1998),Film-Noir|Sci-Fi|Thriller
1749,"Leading Man, The","Leading Man, The (1996)",Romance
1750,Star Kid,Star Kid (1997),Adventure|Children's|Fantasy|Sci-Fi
1752,Hard Rain,Hard Rain (1998),Action|Thriller
1753,Half Baked,Half Baked (1998),Comedy
1754,Fallen,Fallen (1998),Action|Mystery|Thriller
1755,Shooting Fish,Shooting Fish (1997),Romance
1756,"Prophecy II, The","Prophecy II, The (1998)",Horror
1757,Duoluo tianshi,Duoluo tianshi (1995),Drama
1758,Dangerous Beauty,Dangerous Beauty (1998),Drama
1759,Four Days in September,Four Days in September (1997),Drama
1760,Spice World,Spice World (1997),Comedy|Musical
1762,Deep Rising,Deep Rising (1998),Action|Horror|Sci-Fi
1764,Tainted,Tainted (1998),Comedy|Thriller
1765,"Letter From Death Row, A","Letter From Death Row, A (1998)",Crime|Drama
1767,Music From Another Room,Music From Another Room (1998),Drama|Romance
1768,Mat' i syn,Mat' i syn (1997),Drama
1769,"Replacement Killers, The","Replacement Killers, The (1998)",Action|Thriller
1770,B. Monkey,B. Monkey (1998),Romance|Thriller
1771,Night Flier,Night Flier (1997),Horror
1772,Blues Brothers 2000,Blues Brothers 2000 (1998),Action|Comedy|Musical
1773,Tokyo Fist,Tokyo Fist (1995),Action|Drama
1774,Mass Transit,Mass Transit (1998),Comedy|Drama
1776,Ride,Ride (1998),Drama
1777,"Wedding Singer, The","Wedding Singer, The (1998)",Comedy|Romance
1779,Sphere,Sphere (1998),Adventure|Sci-Fi|Thriller
1780,Ayn Rand: A Sense of Life,Ayn Rand: A Sense of Life (1997),Documentary
1781,"Further Gesture, A","Further Gesture, A (1996)",Drama
1782,Little City,Little City (1998),Comedy|Romance
1783,Palmetto,Palmetto (1998),Film-Noir|Mystery|Thriller
1784,As Good As It Gets,As Good As It Gets (1997),Comedy|Drama
1785,King of New York,King of New York (1990),Action|Crime
1787,"Paralyzing Fear: The Story of Polio in America, A","Paralyzing Fear: The Story of Polio in America, A (1998)",Documentary
1788,Men With Guns,Men With Guns (1997),Action|Drama
1789,"Sadness of Sex, The","Sadness of Sex, The (1995)",Drama
1791,Twilight,Twilight (1998),Crime|Drama
1792,U.S. Marshalls,U.S. Marshalls (1998),Action|Thriller
1793,Welcome to Woop-Woop,Welcome to Woop-Woop (1997),Comedy
1794,Love and Death on Long Island,Love and Death on Long Island (1997),Comedy|Drama
1795,"Callejn de los milagros, El","Callejn de los milagros, El (1995)",Drama
1796,In God's Hands,In God's Hands (1998),Action|Drama
1797,Everest,Everest (1998),Documentary
1798,Hush,Hush (1998),Thriller
1799,Suicide Kings,Suicide Kings (1997),Crime|Drama
1801,"Man in the Iron Mask, The","Man in the Iron Mask, The (1998)",Action|Drama|Romance
1804,"Newton Boys, The","Newton Boys, The (1998)",Crime|Drama
1805,Wild Things,Wild Things (1998),Crime|Drama|Mystery|Thriller
1806,Paulie,Paulie (1998),Adventure|Children's|Comedy
1807,"Cool Dry Place, A","Cool Dry Place, A (1998)",Drama
1809,Hana-bi,Hana-bi (1997),Comedy|Crime|Drama
1810,Primary Colors,Primary Colors (1998),Drama
1811,"Niagara, Niagara","Niagara, Niagara (1997)",Drama
1812,Wide Awake,Wide Awake (1998),Children's|Comedy|Drama
1814,"Price Above Rubies, A","Price Above Rubies, A (1998)",Drama
1815,Eden,Eden (1997),Drama
1816,Two Girls and a Guy,Two Girls and a Guy (1997),Comedy|Drama
1817,No Looking Back,No Looking Back (1998),Comedy|Drama|Romance
1819,Storefront Hitchcock,Storefront Hitchcock (1997),Drama
1820,"Proposition, The","Proposition, The (1998)",Drama
1821,"Object of My Affection, The","Object of My Affection, The (1998)",Comedy|Romance
1822,Meet the Deedles,Meet the Deedles (1998),Children's|Comedy
1824,Homegrown,Homegrown (1998),Comedy|Thriller
1825,"Player's Club, The","Player's Club, The (1998)",Action|Drama
1826,Barney's Great Adventure,Barney's Great Adventure (1998),Adventure|Children's
1827,"Big One, The","Big One, The (1997)",Comedy|Documentary
1829,Chinese Box,Chinese Box (1997),Drama|Romance
1830,Follow the Bitch,Follow the Bitch (1998),Comedy
1831,Lost in Space,Lost in Space (1998),Action|Sci-Fi|Thriller
1832,Heaven's Burning,Heaven's Burning (1997),Action|Drama
1833,Mercury Rising,Mercury Rising (1998),Action|Drama|Thriller
1834,"Spanish Prisoner, The","Spanish Prisoner, The (1997)",Drama|Thriller
1835,City of Angels,City of Angels (1998),Romance
1836,"Last Days of Disco, The","Last Days of Disco, The (1998)",Drama
1837,"Odd Couple II, The","Odd Couple II, The (1998)",Comedy
1839,My Giant,My Giant (1998),Comedy
1840,He Got Game,He Got Game (1998),Drama
1841,"Gingerbread Man, The","Gingerbread Man, The (1998)",Drama|Thriller
1842,Illtown,Illtown (1996),Crime|Drama
1843,Slappy and the Stinkers,Slappy and the Stinkers (1998),Children's|Comedy
1844,Live Flesh,Live Flesh (1997),Drama
1845,Zero Effect,Zero Effect (1998),Comedy|Thriller
1846,Nil By Mouth,Nil By Mouth (1997),Drama
1847,Ratchet,Ratchet (1996),Drama|Thriller
1848,"Borrowers, The","Borrowers, The (1997)",Adventure|Children's|Comedy|Fantasy
1849,Prince Valiant,Prince Valiant (1997),Adventure
1850,"I Love You, Don't Touch Me!","I Love You, Don't Touch Me! (1998)",Drama|Romance
1851,Leather Jacket Love Story,Leather Jacket Love Story (1997),Drama|Romance
1852,Love Walked In,Love Walked In (1998),Drama|Thriller
1853,"Alan Smithee Film: Burn Hollywood Burn, An","Alan Smithee Film: Burn Hollywood Burn, An (1997)",Comedy
1854,Kissing a Fool,Kissing a Fool (1998),Comedy|Romance
1855,Krippendorf's Tribe,Krippendorf's Tribe (1998),Comedy
1856,Kurt & Courtney,Kurt & Courtney (1998),Documentary|Musical
1857,"Real Blonde, The","Real Blonde, The (1997)",Comedy
1858,Mr. Nice Guy,Mr. Nice Guy (1997),Action|Comedy
1859,Taste of Cherry,Taste of Cherry (1997),Drama
1860,Character (Karakter),Character (Karakter) (1997),Drama
1861,Junk Mail,Junk Mail (1997),Comedy|Thriller
1862,Species II,Species II (1998),Horror|Sci-Fi
1863,Major League: Back to the Minors,Major League: Back to the Minors (1998),Comedy
1864,Sour Grapes,Sour Grapes (1998),Comedy
1865,Wild Man Blues,Wild Man Blues (1998),Documentary
1866,"Big Hit, The","Big Hit, The (1998)",Action|Comedy
1867,Tarzan and the Lost City,Tarzan and the Lost City (1998),Action|Adventure
1868,"Truce, The","Truce, The (1996)",Drama|War
1869,Black Dog,Black Dog (1998),Action|Thriller
1870,"Dancer, Texas Pop. 81","Dancer, Texas Pop. 81 (1998)",Comedy|Drama
1871,"Friend of the Deceased, A","Friend of the Deceased, A (1997)",Comedy|Drama
1872,Go Now,Go Now (1995),Drama
1873,"Misrables, Les","Misrables, Les (1998)",Drama
1874,Still Breathing,Still Breathing (1997),Comedy|Romance
1875,Clockwatchers,Clockwatchers (1997),Comedy
1876,Deep Impact,Deep Impact (1998),Action|Drama|Sci-Fi|Thriller
1877,Little Men,Little Men (1998),Drama
1878,Woo,Woo (1998),Comedy|Romance
1879,"Hanging Garden, The","Hanging Garden, The (1997)",Drama
1880,Lawn Dogs,Lawn Dogs (1997),Drama
1881,Quest for Camelot,Quest for Camelot (1998),Adventure|Animation|Children's|Fantasy
1882,Godzilla,Godzilla (1998),Action|Sci-Fi
1883,Bulworth,Bulworth (1998),Comedy
1884,Fear and Loathing in Las Vegas,Fear and Loathing in Las Vegas (1998),Comedy|Drama
1885,"Opposite of Sex, The","Opposite of Sex, The (1998)",Comedy|Drama
1886,I Got the Hook Up,I Got the Hook Up (1998),Comedy
1887,Almost Heroes,Almost Heroes (1998),Adventure|Comedy
1888,Hope Floats,Hope Floats (1998),Comedy|Drama|Romance
1889,Insomnia,Insomnia (1997),Thriller
1890,Little Boy Blue,Little Boy Blue (1997),Drama
1891,"Ugly, The","Ugly, The (1997)",Horror|Thriller
1892,"Perfect Murder, A","Perfect Murder, A (1998)",Mystery|Thriller
1893,Beyond Silence,Beyond Silence (1996),Drama
1894,Six Days Seven Nights,Six Days Seven Nights (1998),Adventure|Comedy|Romance
1895,Can't Hardly Wait,Can't Hardly Wait (1998),Comedy|Drama|Romance
1896,Cousin Bette,Cousin Bette (1998),Comedy
1897,High Art,High Art (1998),Drama|Romance
1898,"Land Girls, The","Land Girls, The (1998)",Drama|War
1899,Passion in the Desert,Passion in the Desert (1998),Adventure|Drama
1900,"Children of Heaven, The (Bacheha-Ye Aseman)","Children of Heaven, The (Bacheha-Ye Aseman) (1997)",Drama
1901,Dear Jesse,Dear Jesse (1997),Documentary
1902,Dream for an Insomniac,Dream for an Insomniac (1996),Drama|Romance
1903,Hav Plenty,Hav Plenty (1997),Comedy
1904,Henry Fool,Henry Fool (1997),Comedy|Drama
1905,Marie Baie Des Anges,Marie Baie Des Anges (1997),Drama
1906,Mr. Jealousy,Mr. Jealousy (1997),Comedy|Romance
1907,Mulan,Mulan (1998),Animation|Children's
1908,Resurrection Man,Resurrection Man (1998),Drama|Thriller
1909,"X-Files: Fight the Future, The","X-Files: Fight the Future, The (1998)",Mystery|Sci-Fi|Thriller
1910,I Went Down,I Went Down (1997),Action|Comedy|Crime
1911,Doctor Dolittle,Doctor Dolittle (1998),Comedy
1912,Out of Sight,Out of Sight (1998),Action|Crime|Romance
1913,Picnic at Hanging Rock,Picnic at Hanging Rock (1975),Drama|Mystery
1914,Smoke Signals,Smoke Signals (1998),Comedy|Drama
1915,Voyage to the Beginning of the World,Voyage to the Beginning of the World (1997),Drama
1916,Buffalo 66,Buffalo 66 (1998),Action|Comedy|Drama
1917,Armageddon,Armageddon (1998),Action|Adventure|Sci-Fi|Thriller
1918,Lethal Weapon 4,Lethal Weapon 4 (1998),Action|Comedy|Crime|Drama
1919,Madeline,Madeline (1998),Children's|Comedy
1920,Small Soldiers,Small Soldiers (1998),Animation|Children's|Fantasy|War
1921,Pi,Pi (1998),Sci-Fi|Thriller
1922,Whatever,Whatever (1998),Drama
1923,There's Something About Mary,There's Something About Mary (1998),Comedy
1924,Plan 9 from Outer Space,Plan 9 from Outer Space (1958),Horror|Sci-Fi
1925,Wings,Wings (1927),Drama|Romance|War
1926,"Broadway Melody, The","Broadway Melody, The (1929)",Musical
1927,All Quiet on the Western Front,All Quiet on the Western Front (1930),War
1928,Cimarron,Cimarron (1931),Western
1929,Grand Hotel,Grand Hotel (1932),Drama
1930,Cavalcade,Cavalcade (1933),Drama
1931,Mutiny on the Bounty,Mutiny on the Bounty (1935),Adventure
1932,"Great Ziegfeld, The","Great Ziegfeld, The (1936)",Musical
1933,"Life of mile Zola, The","Life of mile Zola, The (1937)",Drama
1934,You Can't Take It With You,You Can't Take It With You (1938),Comedy
1935,How Green Was My Valley,How Green Was My Valley (1941),Drama
1936,Mrs. Miniver,Mrs. Miniver (1942),Drama|War
1937,Going My Way,Going My Way (1944),Comedy
1938,"Lost Weekend, The","Lost Weekend, The (1945)",Drama
1939,"Best Years of Our Lives, The","Best Years of Our Lives, The (1946)",Drama|War
1940,Gentleman's Agreement,Gentleman's Agreement (1947),Drama
1941,Hamlet,Hamlet (1948),Drama
1942,All the King's Men,All the King's Men (1949),Drama
1943,"Greatest Show on Earth, The","Greatest Show on Earth, The (1952)",Drama
1944,From Here to Eternity,From Here to Eternity (1953),Drama|Romance|War
1945,On the Waterfront,On the Waterfront (1954),Crime|Drama
1946,Marty,Marty (1955),Drama|Romance
1947,West Side Story,West Side Story (1961),Musical|Romance
1948,Tom Jones,Tom Jones (1963),Comedy
1949,"Man for All Seasons, A","Man for All Seasons, A (1966)",Drama
1950,In the Heat of the Night,In the Heat of the Night (1967),Drama|Mystery
1951,Oliver!,Oliver! (1968),Musical
1952,Midnight Cowboy,Midnight Cowboy (1969),Drama
1953,"French Connection, The","French Connection, The (1971)",Action|Crime|Drama|Thriller
1954,Rocky,Rocky (1976),Action|Drama
1955,Kramer Vs. Kramer,Kramer Vs. Kramer (1979),Drama
1956,Ordinary People,Ordinary People (1980),Drama
1957,Chariots of Fire,Chariots of Fire (1981),Drama
1958,Terms of Endearment,Terms of Endearment (1983),Comedy|Drama
1959,Out of Africa,Out of Africa (1985),Drama|Romance
1960,"Last Emperor, The","Last Emperor, The (1987)",Drama|War
1961,Rain Man,Rain Man (1988),Drama
1962,Driving Miss Daisy,Driving Miss Daisy (1989),Drama
1963,Take the Money and Run,Take the Money and Run (1969),Comedy
1964,Klute,Klute (1971),Drama|Mystery
1965,Repo Man,Repo Man (1984),Comedy|Sci-Fi
1966,Metropolitan,Metropolitan (1990),Comedy
1967,Labyrinth,Labyrinth (1986),Adventure|Children's|Fantasy
1968,"Breakfast Club, The","Breakfast Club, The (1985)",Comedy|Drama
1969,"Nightmare on Elm Street Part 2: Freddy's Revenge, A","Nightmare on Elm Street Part 2: Freddy's Revenge, A (1985)",Horror
1970,"Nightmare on Elm Street 3: Dream Warriors, A","Nightmare on Elm Street 3: Dream Warriors, A (1987)",Horror
1971,"Nightmare on Elm Street 4: The Dream Master, A","Nightmare on Elm Street 4: The Dream Master, A (1988)",Horror
1972,"Nightmare on Elm Street 5: The Dream Child, A","Nightmare on Elm Street 5: The Dream Child, A (1989)",Horror
1973,Freddy's Dead: The Final Nightmare,Freddy's Dead: The Final Nightmare (1991),Horror
1974,Friday the 13th,Friday the 13th (1980),Horror
1975,Friday the 13th Part 2,Friday the 13th Part 2 (1981),Horror
1976,Friday the 13th Part 3: 3D,Friday the 13th Part 3: 3D (1982),Horror
1977,Friday the 13th: The Final Chapter,Friday the 13th: The Final Chapter (1984),Horror
1978,Friday the 13th Part V: A New Beginning,Friday the 13th Part V: A New Beginning (1985),Horror
1979,Friday the 13th Part VI: Jason Lives,Friday the 13th Part VI: Jason Lives (1986),Horror
1980,Friday the 13th Part VII: The New Blood,Friday the 13th Part VII: The New Blood (1988),Horror
1981,Friday the 13th Part VIII: Jason Takes Manhattan,Friday the 13th Part VIII: Jason Takes Manhattan (1989),Horror
1982,Halloween,Halloween (1978),Horror
1983,Halloween II,Halloween II (1981),Horror
1984,Halloween III: Season of the Witch,Halloween III: Season of the Witch (1983),Horror
1985,Halloween 4: The Return of Michael Myers,Halloween 4: The Return of Michael Myers (1988),Horror
1986,Halloween 5: The Revenge of Michael Myers,Halloween 5: The Revenge of Michael Myers (1989),Horror
1987,Prom Night,Prom Night (1980),Horror
1988,Hello Mary Lou: Prom Night II,Hello Mary Lou: Prom Night II (1987),Horror
1989,Prom Night III: The Last Kiss,Prom Night III: The Last Kiss (1989),Horror
1990,Prom Night IV: Deliver Us From Evil,Prom Night IV: Deliver Us From Evil (1992),Horror
1991,Child's Play,Child's Play (1988),Horror
1992,Child's Play 2,Child's Play 2 (1990),Horror
1993,Child's Play 3,Child's Play 3 (1992),Horror
1994,Poltergeist,Poltergeist (1982),Horror|Thriller
1995,Poltergeist II: The Other Side,Poltergeist II: The Other Side (1986),Horror|Thriller
1996,Poltergeist III,Poltergeist III (1988),Horror|Thriller
1997,"Exorcist, The","Exorcist, The (1973)",Horror
1998,Exorcist II: The Heretic,Exorcist II: The Heretic (1977),Horror
1999,"Exorcist III, The","Exorcist III, The (1990)",Horror
2000,Lethal Weapon,Lethal Weapon (1987),Action|Comedy|Crime|Drama
2001,Lethal Weapon 2,Lethal Weapon 2 (1989),Action|Comedy|Crime|Drama
2002,Lethal Weapon 3,Lethal Weapon 3 (1992),Action|Comedy|Crime|Drama
2003,Gremlins,Gremlins (1984),Comedy|Horror
2004,Gremlins 2: The New Batch,Gremlins 2: The New Batch (1990),Comedy|Horror
2005,"Goonies, The","Goonies, The (1985)",Adventure|Children's|Fantasy
2006,"Mask of Zorro, The","Mask of Zorro, The (1998)",Action|Adventure|Romance
2007,Polish Wedding,Polish Wedding (1998),Comedy
2008,"This World, Then the Fireworks","This World, Then the Fireworks (1996)",Crime|Drama|Film-Noir
2009,Soylent Green,Soylent Green (1973),Sci-Fi|Thriller
2010,Metropolis,Metropolis (1926),Sci-Fi
2011,Back to the Future Part II,Back to the Future Part II (1989),Comedy|Sci-Fi
2012,Back to the Future Part III,Back to the Future Part III (1990),Comedy|Sci-Fi|Western
2013,"Poseidon Adventure, The","Poseidon Adventure, The (1972)",Action|Adventure
2014,Freaky Friday,Freaky Friday (1977),Children's|Comedy
2015,"Absent Minded Professor, The","Absent Minded Professor, The (1961)",Children's|Comedy|Fantasy
2016,"Apple Dumpling Gang Rides Again, The","Apple Dumpling Gang Rides Again, The (1979)",Children's|Comedy|Western
2017,Babes in Toyland,Babes in Toyland (1961),Children's|Fantasy|Musical
2018,Bambi,Bambi (1942),Animation|Children's
2019,Seven Samurai (The Magnificent Seven) (Shichinin no samurai),Seven Samurai (The Magnificent Seven) (Shichinin no samurai) (1954),Action|Drama
2020,Dangerous Liaisons,Dangerous Liaisons (1988),Drama|Romance
2021,Dune,Dune (1984),Fantasy|Sci-Fi
2022,"Last Temptation of Christ, The","Last Temptation of Christ, The (1988)",Drama
2023,"Godfather: Part III, The","Godfather: Part III, The (1990)",Action|Crime|Drama
2024,"Rapture, The","Rapture, The (1991)",Drama|Mystery
2025,Lolita,Lolita (1997),Drama|Romance
2026,Disturbing Behavior,Disturbing Behavior (1998),Horror|Thriller
2027,Mafia!,Mafia! (1998),Comedy|Crime
2028,Saving Private Ryan,Saving Private Ryan (1998),Action|Drama|War
2029,Billy's Hollywood Screen Kiss,Billy's Hollywood Screen Kiss (1997),Comedy|Romance
2030,East Palace West Palace (Dong gong xi gong),East Palace West Palace (Dong gong xi gong) (1997),Drama
2031,"$1,000,000 Duck","$1,000,000 Duck (1971)",Children's|Comedy
2032,"Barefoot Executive, The","Barefoot Executive, The (1971)",Children's|Comedy
2033,"Black Cauldron, The","Black Cauldron, The (1985)",Animation|Children's
2034,"Black Hole, The","Black Hole, The (1979)",Sci-Fi
2035,Blackbeard's Ghost,Blackbeard's Ghost (1968),Children's|Comedy
2036,Blank Check,Blank Check (1994),Children's|Comedy
2037,Candleshoe,Candleshoe (1977),Adventure|Children's|Comedy
2038,"Cat from Outer Space, The","Cat from Outer Space, The (1978)",Children's|Comedy|Sci-Fi
2039,Cheetah,Cheetah (1989),Adventure|Children's
2040,"Computer Wore Tennis Shoes, The","Computer Wore Tennis Shoes, The (1970)",Children's|Comedy
2041,Condorman,Condorman (1981),Action|Adventure|Children's|Comedy
2042,D2: The Mighty Ducks,D2: The Mighty Ducks (1994),Children's|Comedy
2043,Darby O'Gill and the Little People,Darby O'Gill and the Little People (1959),Adventure|Children's|Fantasy
2044,"Devil and Max Devlin, The","Devil and Max Devlin, The (1981)",Comedy
2045,"Far Off Place, A","Far Off Place, A (1993)",Adventure|Children's|Drama|Romance
2046,Flight of the Navigator,Flight of the Navigator (1986),Adventure|Children's|Sci-Fi
2047,"Gnome-Mobile, The","Gnome-Mobile, The (1967)",Children's
2048,"Great Mouse Detective, The","Great Mouse Detective, The (1986)",Animation|Children's
2049,"Happiest Millionaire, The","Happiest Millionaire, The (1967)",Comedy|Musical
2050,Herbie Goes Bananas,Herbie Goes Bananas (1980),Adventure|Children's|Comedy
2051,Herbie Goes to Monte Carlo,Herbie Goes to Monte Carlo (1977),Adventure|Children's|Comedy
2052,Hocus Pocus,Hocus Pocus (1993),Children's|Comedy
2053,"Honey, I Blew Up the Kid","Honey, I Blew Up the Kid (1992)",Children's|Comedy|Sci-Fi
2054,"Honey, I Shrunk the Kids","Honey, I Shrunk the Kids (1989)",Adventure|Children's|Comedy|Fantasy|Sci-Fi
2055,Hot Lead and Cold Feet,Hot Lead and Cold Feet (1978),Comedy|Western
2056,In Search of the Castaways,In Search of the Castaways (1962),Adventure|Children's
2057,"Incredible Journey, The","Incredible Journey, The (1963)",Adventure|Children's
2058,"Negotiator, The","Negotiator, The (1998)",Action|Thriller
2059,"Parent Trap, The","Parent Trap, The (1998)",Children's|Drama
2060,BASEketball,BASEketball (1998),Comedy
2061,Full Tilt Boogie,Full Tilt Boogie (1997),Documentary
2062,"Governess, The","Governess, The (1998)",Drama|Romance
2063,Seventh Heaven (Le Septime ciel),Seventh Heaven (Le Septime ciel) (1997),Drama|Romance
2064,Roger & Me,Roger & Me (1989),Comedy|Documentary
2065,"Purple Rose of Cairo, The","Purple Rose of Cairo, The (1985)",Comedy|Drama|Romance
2066,Out of the Past,Out of the Past (1947),Film-Noir
2067,Doctor Zhivago,Doctor Zhivago (1965),Drama|Romance|War
2068,Fanny and Alexander,Fanny and Alexander (1982),Drama
2069,"Trip to Bountiful, The","Trip to Bountiful, The (1985)",Drama
2070,Tender Mercies,Tender Mercies (1983),Drama
2071,And the Band Played On,And the Band Played On (1993),Drama
2072,"'burbs, The","'burbs, The (1989)",Comedy
2073,Fandango,Fandango (1985),Comedy
2074,"Night Porter, The (Il Portiere di notte)","Night Porter, The (Il Portiere di notte) (1974)",Drama
2075,Mephisto,Mephisto (1981),Drama|War
2076,Blue Velvet,Blue Velvet (1986),Drama|Mystery
2077,"Journey of Natty Gann, The","Journey of Natty Gann, The (1985)",Adventure|Children's
2078,"Jungle Book, The","Jungle Book, The (1967)",Animation|Children's|Comedy|Musical
2079,Kidnapped,Kidnapped (1960),Children's|Drama
2080,Lady and the Tramp,Lady and the Tramp (1955),Animation|Children's|Comedy|Musical|Romance
2081,"Little Mermaid, The","Little Mermaid, The (1989)",Animation|Children's|Comedy|Musical|Romance
2082,"Mighty Ducks, The","Mighty Ducks, The (1992)",Children's|Comedy
2083,"Muppet Christmas Carol, The","Muppet Christmas Carol, The (1992)",Children's|Musical
2084,Newsies,Newsies (1992),Children's|Musical
2085,101 Dalmatians,101 Dalmatians (1961),Animation|Children's
2086,One Magic Christmas,One Magic Christmas (1985),Drama|Fantasy
2087,Peter Pan,Peter Pan (1953),Animation|Children's|Fantasy|Musical
2088,Popeye,Popeye (1980),Adventure|Comedy|Musical
2089,"Rescuers Down Under, The","Rescuers Down Under, The (1990)",Animation|Children's
2090,"Rescuers, The","Rescuers, The (1977)",Animation|Children's
2091,Return from Witch Mountain,Return from Witch Mountain (1978),Children's|Sci-Fi
2092,"Return of Jafar, The","Return of Jafar, The (1993)",Animation|Children's|Musical
2093,Return to Oz,Return to Oz (1985),Adventure|Children's|Fantasy|Sci-Fi
2094,"Rocketeer, The","Rocketeer, The (1991)",Action|Adventure|Sci-Fi
2095,"Shaggy D.A., The","Shaggy D.A., The (1976)",Children's|Comedy
2096,Sleeping Beauty,Sleeping Beauty (1959),Animation|Children's|Musical
2097,Something Wicked This Way Comes,Something Wicked This Way Comes (1983),Children's|Horror
2098,Son of Flubber,Son of Flubber (1963),Children's|Comedy
2099,Song of the South,Song of the South (1946),Adventure|Animation|Children's|Musical
2100,Splash,Splash (1984),Comedy|Fantasy|Romance
2101,Squanto: A Warrior's Tale,Squanto: A Warrior's Tale (1994),Adventure|Drama
2102,Steamboat Willie,Steamboat Willie (1940),Animation|Children's|Comedy|Musical
2103,Tall Tale,Tall Tale (1994),Adventure|Children's
2104,Tex,Tex (1982),Drama
2105,Tron,Tron (1982),Action|Adventure|Fantasy|Sci-Fi
2106,Swing Kids,Swing Kids (1993),Drama|War
2107,Halloween: H20,Halloween: H20 (1998),Horror|Thriller
2108,L.A. Story,L.A. Story (1991),Comedy|Romance
2109,"Jerk, The","Jerk, The (1979)",Comedy
2110,Dead Men Don't Wear Plaid,Dead Men Don't Wear Plaid (1982),Comedy|Crime|Thriller
2111,"Man with Two Brains, The","Man with Two Brains, The (1983)",Comedy
2112,Grand Canyon,Grand Canyon (1991),Crime|Drama
2113,Graveyard Shift,Graveyard Shift (1990),Horror|Thriller
2114,"Outsiders, The","Outsiders, The (1983)",Drama
2115,Indiana Jones and the Temple of Doom,Indiana Jones and the Temple of Doom (1984),Action|Adventure
2116,"Lord of the Rings, The","Lord of the Rings, The (1978)",Adventure|Animation|Children's|Sci-Fi
2117,Nineteen Eighty-Four,Nineteen Eighty-Four (1984),Drama|Sci-Fi
2118,"Dead Zone, The","Dead Zone, The (1983)",Horror|Thriller
2119,Maximum Overdrive,Maximum Overdrive (1986),Horror
2120,Needful Things,Needful Things (1993),Drama|Horror
2121,Cujo,Cujo (1983),Horror|Thriller
2122,Children of the Corn,Children of the Corn (1984),Horror|Thriller
2123,All Dogs Go to Heaven,All Dogs Go to Heaven (1989),Animation|Children's
2124,"Addams Family, The","Addams Family, The (1991)",Comedy
2125,Ever After: A Cinderella Story,Ever After: A Cinderella Story (1998),Drama|Romance
2126,Snake Eyes,Snake Eyes (1998),Action|Crime|Mystery|Thriller
2127,"First Love, Last Rites","First Love, Last Rites (1997)",Drama|Romance
2128,Safe Men,Safe Men (1998),Comedy
2129,"Saltmen of Tibet, The","Saltmen of Tibet, The (1997)",Documentary
2130,Atlantic City,Atlantic City (1980),Crime|Drama|Romance
2131,Autumn Sonata (Hstsonaten ),Autumn Sonata (Hstsonaten ) (1978),Drama
2132,Who's Afraid of Virginia Woolf?,Who's Afraid of Virginia Woolf? (1966),Drama
2133,Adventures in Babysitting,Adventures in Babysitting (1987),Adventure|Comedy
2134,Weird Science,Weird Science (1985),Comedy
2135,Doctor Dolittle,Doctor Dolittle (1967),Adventure|Musical
2136,"Nutty Professor, The","Nutty Professor, The (1963)",Comedy
2137,Charlotte's Web,Charlotte's Web (1973),Animation|Children's
2138,Watership Down,Watership Down (1978),Animation|Children's|Drama|Fantasy
2139,"Secret of NIMH, The","Secret of NIMH, The (1982)",Animation|Children's
2140,"Dark Crystal, The","Dark Crystal, The (1982)",Children's|Fantasy|Sci-Fi
2141,"American Tail, An","American Tail, An (1986)",Animation|Children's|Comedy
2142,"American Tail: Fievel Goes West, An","American Tail: Fievel Goes West, An (1991)",Animation|Children's|Comedy
2143,Legend,Legend (1985),Adventure|Fantasy|Romance
2144,Sixteen Candles,Sixteen Candles (1984),Comedy
2145,Pretty in Pink,Pretty in Pink (1986),Comedy|Drama|Romance
2146,St. Elmo's Fire,St. Elmo's Fire (1985),Drama|Romance
2147,"Clan of the Cave Bear, The","Clan of the Cave Bear, The (1986)",Drama
2148,House,House (1986),Comedy|Horror
2149,House II: The Second Story,House II: The Second Story (1987),Comedy|Horror
2150,"Gods Must Be Crazy, The","Gods Must Be Crazy, The (1980)",Comedy
2151,"Gods Must Be Crazy II, The","Gods Must Be Crazy II, The (1989)",Comedy
2152,Air Bud: Golden Receiver,Air Bud: Golden Receiver (1998),Children's|Comedy
2153,"Avengers, The","Avengers, The (1998)",Action|Adventure
2154,How Stella Got Her Groove Back,How Stella Got Her Groove Back (1998),Drama|Romance
2155,"Slums of Beverly Hills, The","Slums of Beverly Hills, The (1998)",Comedy
2156,"Best Man, The (Il Testimone dello sposo)","Best Man, The (Il Testimone dello sposo) (1997)",Comedy|Drama
2157,"Chambermaid on the Titanic, The","Chambermaid on the Titanic, The (1998)",Romance
2158,"Henry: Portrait of a Serial Killer, Part 2","Henry: Portrait of a Serial Killer, Part 2 (1996)",Crime|Horror
2159,Henry: Portrait of a Serial Killer,Henry: Portrait of a Serial Killer (1990),Crime|Horror
2160,Rosemary's Baby,Rosemary's Baby (1968),Horror|Thriller
2161,"NeverEnding Story, The","NeverEnding Story, The (1984)",Adventure|Children's|Fantasy
2162,"NeverEnding Story II: The Next Chapter, The","NeverEnding Story II: The Next Chapter, The (1990)",Adventure|Children's|Fantasy
2163,Attack of the Killer Tomatoes!,Attack of the Killer Tomatoes! (1980),Comedy|Horror
2164,Surf Nazis Must Die,Surf Nazis Must Die (1987),Drama
2165,Your Friends and Neighbors,Your Friends and Neighbors (1998),Drama
2166,Return to Paradise,Return to Paradise (1998),Drama|Romance
2167,Blade,Blade (1998),Action|Adventure|Horror
2168,Dance with Me,Dance with Me (1998),Drama|Romance
2169,Dead Man on Campus,Dead Man on Campus (1998),Comedy
2170,Wrongfully Accused,Wrongfully Accused (1998),Action|Comedy
2171,"Next Stop, Wonderland","Next Stop, Wonderland (1998)",Comedy|Drama|Romance
2172,"Strike! (a.k.a. All I Wanna Do, The Hairy Bird)","Strike! (a.k.a. All I Wanna Do, The Hairy Bird) (1998)",Comedy
2173,"Navigator: A Mediaeval Odyssey, The","Navigator: A Mediaeval Odyssey, The (1988)",Adventure|Fantasy|Sci-Fi
2174,Beetlejuice,Beetlejuice (1988),Comedy|Fantasy
2175,Dj Vu,Dj Vu (1997),Drama|Romance
2176,Rope,Rope (1948),Thriller
2177,Family Plot,Family Plot (1976),Comedy|Thriller
2178,Frenzy,Frenzy (1972),Thriller
2179,Topaz,Topaz (1969),Thriller
2180,Torn Curtain,Torn Curtain (1966),Thriller
2181,Marnie,Marnie (1964),Thriller
2182,"Wrong Man, The","Wrong Man, The (1956)",Drama|Film-Noir|Thriller
2183,"Man Who Knew Too Much, The","Man Who Knew Too Much, The (1956)",Thriller
2184,"Trouble with Harry, The","Trouble with Harry, The (1955)",Mystery|Thriller
2185,I Confess,I Confess (1953),Thriller
2186,Strangers on a Train,Strangers on a Train (1951),Film-Noir|Thriller
2187,Stage Fright,Stage Fright (1950),Mystery|Thriller
2188,54,54 (1998),Drama
2189,I Married A Strange Person,I Married A Strange Person (1997),Animation
2190,Why Do Fools Fall In Love?,Why Do Fools Fall In Love? (1998),Drama
2191,"Merry War, A","Merry War, A (1997)",Comedy
2192,See the Sea (Regarde la mer),See the Sea (Regarde la mer) (1997),Drama
2193,Willow,Willow (1988),Action|Adventure|Fantasy
2194,"Untouchables, The","Untouchables, The (1987)",Action|Crime|Drama
2195,Dirty Work,Dirty Work (1998),Comedy
2196,Knock Off,Knock Off (1998),Action
2197,Firelight,Firelight (1997),Drama
2198,Modulations,Modulations (1998),Documentary
2199,Phoenix,Phoenix (1998),Crime|Drama
2200,Under Capricorn,Under Capricorn (1949),Drama
2201,"Paradine Case, The","Paradine Case, The (1947)",Drama
2202,Lifeboat,Lifeboat (1944),Drama|Thriller|War
2203,Shadow of a Doubt,Shadow of a Doubt (1943),Film-Noir|Thriller
2204,Saboteur,Saboteur (1942),Thriller
2205,Mr. & Mrs. Smith,Mr. & Mrs. Smith (1941),Comedy
2206,Suspicion,Suspicion (1941),Mystery|Thriller
2207,Jamaica Inn,Jamaica Inn (1939),Drama
2208,"Lady Vanishes, The","Lady Vanishes, The (1938)",Comedy|Mystery|Romance|Thriller
2209,Young and Innocent,Young and Innocent (1937),Crime|Thriller
2210,Sabotage,Sabotage (1936),Thriller
2211,Secret Agent,Secret Agent (1936),Thriller
2212,"Man Who Knew Too Much, The","Man Who Knew Too Much, The (1934)",Thriller
2213,Waltzes from Vienna,Waltzes from Vienna (1933),Comedy|Musical
2214,Number Seventeen,Number Seventeen (1932),Thriller
2215,Rich and Strange,Rich and Strange (1932),Comedy|Romance
2216,"Skin Game, The","Skin Game, The (1931)",Drama
2217,Elstree Calling,Elstree Calling (1930),Comedy|Musical
2218,Juno and Paycock,Juno and Paycock (1930),Drama
2219,Murder!,Murder! (1930),Mystery|Thriller
2220,"Manxman, The","Manxman, The (1929)",Drama
2221,Blackmail,Blackmail (1929),Thriller
2222,Champagne,Champagne (1928),Comedy
2223,"Farmer's Wife, The","Farmer's Wife, The (1928)",Comedy
2224,Downhill,Downhill (1927),Drama
2225,Easy Virtue,Easy Virtue (1927),Drama
2226,"Ring, The","Ring, The (1927)",Drama
2227,"Lodger, The","Lodger, The (1926)",Thriller
2228,"Mountain Eagle, The","Mountain Eagle, The (1926)",Drama
2229,"Pleasure Garden, The","Pleasure Garden, The (1925)",Drama
2230,Always Tell Your Wife,Always Tell Your Wife (1923),Comedy
2231,Rounders,Rounders (1998),Crime|Drama
2232,Cube,Cube (1997),Sci-Fi|Thriller
2233,Digging to China,Digging to China (1998),Drama
2234,Let's Talk About Sex,Let's Talk About Sex (1998),Drama
2235,One Man's Hero,One Man's Hero (1999),Drama|War
2236,Simon Birch,Simon Birch (1998),Drama
2237,Without Limits,Without Limits (1998),Drama
2238,Seven Beauties (Pasqualino Settebellezze),Seven Beauties (Pasqualino Settebellezze) (1976),Comedy|Drama
2239,Swept Away (Travolti da un insolito destino nell'azzurro mare d'Agosto),Swept Away (Travolti da un insolito destino nell'azzurro mare d'Agosto) (1975),Comedy|Drama
2240,My Bodyguard,My Bodyguard (1980),Drama
2241,Class,Class (1983),Comedy
2242,"Grandview, U.S.A.","Grandview, U.S.A. (1984)",Drama
2243,Broadcast News,Broadcast News (1987),Comedy|Drama|Romance
2244,"Allnighter, The","Allnighter, The (1987)",Comedy|Romance
2245,Working Girl,Working Girl (1988),Comedy|Drama
2246,Stars and Bars,Stars and Bars (1988),Comedy
2247,Married to the Mob,Married to the Mob (1988),Comedy
2248,Say Anything...,Say Anything... (1989),Comedy|Drama|Romance
2249,My Blue Heaven,My Blue Heaven (1990),Comedy
2250,Men Don't Leave,Men Don't Leave (1990),Drama
2251,"Cabinet of Dr. Ramirez, The","Cabinet of Dr. Ramirez, The (1991)",Comedy
2252,Hero,Hero (1992),Comedy|Drama
2253,Toys,Toys (1992),Action|Comedy|Fantasy
2254,Choices,Choices (1981),Drama
2255,Young Doctors in Love,Young Doctors in Love (1982),Comedy
2256,Parasite,Parasite (1982),Horror|Sci-Fi
2257,No Small Affair,No Small Affair (1984),Comedy|Romance
2258,Master Ninja I,Master Ninja I (1984),Action
2259,Blame It on Rio,Blame It on Rio (1984),Comedy|Romance
2260,Wisdom,Wisdom (1986),Action|Crime
2261,One Crazy Summer,One Crazy Summer (1986),Comedy
2262,About Last Night...,About Last Night... (1986),Comedy|Drama|Romance
2263,"Seventh Sign, The","Seventh Sign, The (1988)",Thriller
2264,We're No Angels,We're No Angels (1989),Drama
2265,Nothing But Trouble,Nothing But Trouble (1991),Adventure|Comedy
2266,"Butcher's Wife, The","Butcher's Wife, The (1991)",Comedy|Romance
2267,Mortal Thoughts,Mortal Thoughts (1991),Mystery|Thriller
2268,"Few Good Men, A","Few Good Men, A (1992)",Crime|Drama
2269,Indecent Proposal,Indecent Proposal (1993),Drama
2270,"Century of Cinema, A","Century of Cinema, A (1994)",Documentary
2271,Permanent Midnight,Permanent Midnight (1998),Drama
2272,One True Thing,One True Thing (1998),Drama
2273,Rush Hour,Rush Hour (1998),Action|Thriller
2274,Lilian's Story,Lilian's Story (1995),Drama
2275,Six-String Samurai,Six-String Samurai (1998),Action|Adventure|Sci-Fi
2276,"Soldier's Daughter Never Cries, A","Soldier's Daughter Never Cries, A (1998)",Drama
2277,Somewhere in the City,Somewhere in the City (1997),Drama
2278,Ronin,Ronin (1998),Action|Crime|Thriller
2279,Urban Legend,Urban Legend (1998),Horror|Thriller
2280,Clay Pigeons,Clay Pigeons (1998),Crime
2281,Monument Ave.,Monument Ave. (1998),Crime
2282,Pecker,Pecker (1998),Comedy|Drama
2283,"Sheltering Sky, The","Sheltering Sky, The (1990)",Drama
2284,Bandit Queen,Bandit Queen (1994),Drama
2285,If....,If.... (1968),Drama
2286,"Fiendish Plot of Dr. Fu Manchu, The","Fiendish Plot of Dr. Fu Manchu, The (1980)",Comedy
2287,Them!,Them! (1954),Sci-Fi|Thriller|War
2288,"Thing, The","Thing, The (1982)",Action|Horror|Sci-Fi|Thriller
2289,"Player, The","Player, The (1992)",Comedy|Drama
2290,Stardust Memories,Stardust Memories (1980),Comedy|Drama
2291,Edward Scissorhands,Edward Scissorhands (1990),Drama|Romance
2292,Overnight Delivery,Overnight Delivery (1996),Romance
2293,Shadrach,Shadrach (1998),Drama
2294,Antz,Antz (1998),Animation|Children's
2295,"Impostors, The","Impostors, The (1998)",Comedy
2296,"Night at the Roxbury, A","Night at the Roxbury, A (1998)",Comedy
2297,What Dreams May Come,What Dreams May Come (1998),Drama|Romance
2298,Strangeland,Strangeland (1998),Thriller
2299,"Battle of the Sexes, The","Battle of the Sexes, The (1959)",Comedy
2300,"Producers, The","Producers, The (1968)",Comedy|Musical
2301,History of the World: Part I,History of the World: Part I (1981),Comedy
2302,My Cousin Vinny,My Cousin Vinny (1992),Comedy
2303,Nashville,Nashville (1975),Drama|Musical
2304,Love Is the Devil,Love Is the Devil (1998),Drama
2305,Slam,Slam (1998),Drama
2306,Holy Man,Holy Man (1998),Comedy
2307,One Tough Cop,One Tough Cop (1998),Action|Drama
2308,Detroit 9000,Detroit 9000 (1973),Action|Crime
2309,"Inheritors, The (Die Siebtelbauern)","Inheritors, The (Die Siebtelbauern) (1998)",Drama
2310,"Mighty, The","Mighty, The (1998)",Drama
2311,2010,2010 (1984),Mystery|Sci-Fi
2312,Children of a Lesser God,Children of a Lesser God (1986),Drama
2313,"Elephant Man, The","Elephant Man, The (1980)",Drama
2314,Beloved,Beloved (1998),Drama
2315,Bride of Chucky,Bride of Chucky (1998),Horror|Thriller
2316,Practical Magic,Practical Magic (1998),Drama|Romance
2317,"Alarmist, The","Alarmist, The (1997)",Comedy
2318,Happiness,Happiness (1998),Comedy
2319,Reach the Rock,Reach the Rock (1997),Comedy
2320,Apt Pupil,Apt Pupil (1998),Drama|Thriller
2321,Pleasantville,Pleasantville (1998),Comedy
2322,Soldier,Soldier (1998),Action|Adventure|Sci-Fi|Thriller|War
2323,"Cruise, The","Cruise, The (1998)",Documentary
2324,Life Is Beautiful (La Vita  bella),Life Is Beautiful (La Vita  bella) (1997),Comedy|Drama
2325,Orgazmo,Orgazmo (1997),Comedy
2326,Shattered Image,Shattered Image (1998),Drama|Thriller
2327,Tales from the Darkside: The Movie,Tales from the Darkside: The Movie (1990),Horror
2328,Vampires,Vampires (1998),Horror
2329,American History X,American History X (1998),Drama
2330,Hands on a Hard Body,Hands on a Hard Body (1996),Documentary
2331,Living Out Loud,Living Out Loud (1998),Comedy|Romance
2332,Belly,Belly (1998),Crime|Drama
2333,Gods and Monsters,Gods and Monsters (1998),Drama
2334,"Siege, The","Siege, The (1998)",Action|Thriller
2335,"Waterboy, The","Waterboy, The (1998)",Comedy
2336,Elizabeth,Elizabeth (1998),Drama
2337,Velvet Goldmine,Velvet Goldmine (1998),Drama
2338,I Still Know What You Did Last Summer,I Still Know What You Did Last Summer (1998),Horror|Mystery|Thriller
2339,I'll Be Home For Christmas,I'll Be Home For Christmas (1998),Comedy|Romance
2340,Meet Joe Black,Meet Joe Black (1998),Romance
2341,Dancing at Lughnasa,Dancing at Lughnasa (1998),Drama
2342,Hard Core Logo,Hard Core Logo (1996),Comedy
2343,"Naked Man, The","Naked Man, The (1998)",Drama
2344,Runaway Train,Runaway Train (1985),Action|Adventure|Drama|Thriller
2345,Desert Bloom,Desert Bloom (1986),Drama
2346,"Stepford Wives, The","Stepford Wives, The (1975)",Sci-Fi|Thriller
2347,"Pope of Greenwich Village, The","Pope of Greenwich Village, The (1984)",Action
2348,Sid and Nancy,Sid and Nancy (1986),Drama
2349,Mona Lisa,Mona Lisa (1986),Comedy|Thriller
2350,Heart Condition,Heart Condition (1990),Comedy
2351,Nights of Cabiria (Le Notti di Cabiria),Nights of Cabiria (Le Notti di Cabiria) (1957),Drama
2352,"Big Chill, The","Big Chill, The (1983)",Comedy|Drama
2353,Enemy of the State,Enemy of the State (1998),Action|Thriller
2354,"Rugrats Movie, The","Rugrats Movie, The (1998)",Animation|Children's|Comedy
2355,"Bug's Life, A","Bug's Life, A (1998)",Animation|Children's|Comedy
2356,Celebrity,Celebrity (1998),Comedy
2357,Central Station (Central do Brasil),Central Station (Central do Brasil) (1998),Drama
2358,Savior,Savior (1998),Drama
2359,Waking Ned Devine,Waking Ned Devine (1998),Comedy
2360,"Celebration, The (Festen)","Celebration, The (Festen) (1998)",Drama
2361,Pink Flamingos,Pink Flamingos (1972),Comedy
2362,Glen or Glenda,Glen or Glenda (1953),Drama
2363,Godzilla (Gojira),Godzilla (Gojira) (1954),Action|Sci-Fi
2364,Godzilla (Gojira),Godzilla (Gojira) (1984),Action|Sci-Fi
2365,King Kong vs. Godzilla (Kingukongu tai Gojira),King Kong vs. Godzilla (Kingukongu tai Gojira) (1962),Action|Sci-Fi
2366,King Kong,King Kong (1933),Action|Adventure|Horror
2367,King Kong,King Kong (1976),Action|Adventure|Horror
2368,King Kong Lives,King Kong Lives (1986),Action|Adventure|Horror
2369,Desperately Seeking Susan,Desperately Seeking Susan (1985),Comedy|Romance
2370,"Emerald Forest, The","Emerald Forest, The (1985)",Action|Adventure|Drama
2371,Fletch,Fletch (1985),Comedy
2372,Fletch Lives,Fletch Lives (1989),Comedy
2373,Red Sonja,Red Sonja (1985),Action|Adventure
2374,Gung Ho,Gung Ho (1986),Comedy|Drama
2375,"Money Pit, The","Money Pit, The (1986)",Comedy
2376,"View to a Kill, A","View to a Kill, A (1985)",Action
2377,Lifeforce,Lifeforce (1985),Horror|Sci-Fi
2378,Police Academy,Police Academy (1984),Comedy
2379,Police Academy 2: Their First Assignment,Police Academy 2: Their First Assignment (1985),Comedy
2380,Police Academy 3: Back in Training,Police Academy 3: Back in Training (1986),Comedy
2381,Police Academy 4: Citizens on Patrol,Police Academy 4: Citizens on Patrol (1987),Comedy
2382,Police Academy 5: Assignment: Miami Beach,Police Academy 5: Assignment: Miami Beach (1988),Comedy
2383,Police Academy 6: City Under Siege,Police Academy 6: City Under Siege (1989),Comedy
2384,Babe: Pig in the City,Babe: Pig in the City (1998),Children's|Comedy
2385,Home Fries,Home Fries (1998),Comedy|Romance
2386,Jerry Springer: Ringmaster,Jerry Springer: Ringmaster (1998),Drama
2387,Very Bad Things,Very Bad Things (1998),Comedy|Crime
2388,Steam: The Turkish Bath (Hamam),Steam: The Turkish Bath (Hamam) (1997),Drama|Romance
2389,Psycho,Psycho (1998),Crime|Horror|Thriller
2390,Little Voice,Little Voice (1998),Comedy
2391,"Simple Plan, A","Simple Plan, A (1998)",Crime|Thriller
2392,Jack Frost,Jack Frost (1998),Comedy|Drama
2393,Star Trek: Insurrection,Star Trek: Insurrection (1998),Action|Sci-Fi
2394,"Prince of Egypt, The","Prince of Egypt, The (1998)",Animation|Musical
2395,Rushmore,Rushmore (1998),Comedy
2396,Shakespeare in Love,Shakespeare in Love (1998),Comedy|Romance
2397,Mass Appeal,Mass Appeal (1984),Drama
2398,Miracle on 34th Street,Miracle on 34th Street (1947),Drama
2399,Santa Claus: The Movie,Santa Claus: The Movie (1985),Adventure|Children's|Fantasy
2400,Prancer,Prancer (1989),Children's|Drama
2401,Pale Rider,Pale Rider (1985),Western
2402,Rambo: First Blood Part II,Rambo: First Blood Part II (1985),Action|War
2403,First Blood,First Blood (1982),Action
2404,Rambo III,Rambo III (1988),Action|War
2405,"Jewel of the Nile, The","Jewel of the Nile, The (1985)",Action|Adventure|Comedy|Romance
2406,Romancing the Stone,Romancing the Stone (1984),Action|Adventure|Comedy|Romance
2407,Cocoon,Cocoon (1985),Comedy|Sci-Fi
2408,Cocoon: The Return,Cocoon: The Return (1988),Comedy|Sci-Fi
2409,Rocky II,Rocky II (1979),Action|Drama
2410,Rocky III,Rocky III (1982),Action|Drama
2411,Rocky IV,Rocky IV (1985),Action|Drama
2412,Rocky V,Rocky V (1990),Action|Drama
2413,Clue,Clue (1985),Comedy|Mystery
2414,Young Sherlock Holmes,Young Sherlock Holmes (1985),Action|Adventure|Mystery
2415,Violets Are Blue...,Violets Are Blue... (1986),Drama|Romance
2416,Back to School,Back to School (1986),Comedy
2417,Heartburn,Heartburn (1986),Comedy|Drama
2418,Nothing in Common,Nothing in Common (1986),Comedy
2419,Extremities,Extremities (1986),Drama|Thriller
2420,"Karate Kid, The","Karate Kid, The (1984)",Drama
2421,"Karate Kid, Part II, The","Karate Kid, Part II, The (1986)",Action|Adventure|Drama
2422,"Karate Kid III, The","Karate Kid III, The (1989)",Action|Adventure|Drama
2423,Christmas Vacation,Christmas Vacation (1989),Comedy
2424,You've Got Mail,You've Got Mail (1998),Comedy|Romance
2425,"General, The","General, The (1998)",Crime
2426,"Theory of Flight, The","Theory of Flight, The (1998)",Comedy|Drama|Romance
2427,"Thin Red Line, The","Thin Red Line, The (1998)",Action|Drama|War
2428,"Faculty, The","Faculty, The (1998)",Horror|Sci-Fi
2429,Mighty Joe Young,Mighty Joe Young (1998),Adventure|Children's|Drama
2430,Mighty Joe Young,Mighty Joe Young (1949),Adventure|Children's|Drama
2431,Patch Adams,Patch Adams (1998),Comedy|Drama
2432,Stepmom,Stepmom (1998),Drama
2433,"Civil Action, A","Civil Action, A (1998)",Drama
2434,Down in the Delta,Down in the Delta (1998),Drama
2435,Hurlyburly,Hurlyburly (1998),Drama
2436,Tea with Mussolini,Tea with Mussolini (1999),Comedy
2437,Wilde,Wilde (1997),Drama
2438,Outside Ozona,Outside Ozona (1998),Drama|Thriller
2439,Affliction,Affliction (1997),Drama
2440,Another Day in Paradise,Another Day in Paradise (1998),Drama
2441,"Hi-Lo Country, The","Hi-Lo Country, The (1998)",Drama|Western
2442,Hilary and Jackie,Hilary and Jackie (1998),Drama
2443,Playing by Heart,Playing by Heart (1998),Drama|Romance
2444,24 7: Twenty Four Seven,24 7: Twenty Four Seven (1997),Comedy|Drama
2445,At First Sight,At First Sight (1999),Drama
2446,In Dreams,In Dreams (1999),Thriller
2447,Varsity Blues,Varsity Blues (1999),Comedy|Drama
2448,Virus,Virus (1999),Horror|Sci-Fi
2449,"Garbage Pail Kids Movie, The","Garbage Pail Kids Movie, The (1987)",Adventure|Children's
2450,Howard the Duck,Howard the Duck (1986),Adventure|Children's|Sci-Fi
2451,"Gate, The","Gate, The (1987)",Horror
2452,"Gate II: Trespassers, The","Gate II: Trespassers, The (1990)",Horror
2453,"Boy Who Could Fly, The","Boy Who Could Fly, The (1986)",Drama|Fantasy
2454,"Fly, The","Fly, The (1958)",Horror|Sci-Fi
2455,"Fly, The","Fly, The (1986)",Horror|Sci-Fi
2456,"Fly II, The","Fly II, The (1989)",Horror|Sci-Fi
2457,Running Scared,Running Scared (1986),Action|Comedy
2458,Armed and Dangerous,Armed and Dangerous (1986),Comedy|Crime
2459,"Texas Chainsaw Massacre, The","Texas Chainsaw Massacre, The (1974)",Horror
2460,"Texas Chainsaw Massacre 2, The","Texas Chainsaw Massacre 2, The (1986)",Horror
2461,Leatherface: Texas Chainsaw Massacre III,Leatherface: Texas Chainsaw Massacre III (1990),Horror
2462,"Return of the Texas Chainsaw Massacre, The","Return of the Texas Chainsaw Massacre, The (1994)",Horror
2463,Ruthless People,Ruthless People (1986),Comedy
2464,Trick or Treat,Trick or Treat (1986),Horror
2465,Deadly Friend,Deadly Friend (1986),Horror
2466,Belizaire the Cajun,Belizaire the Cajun (1986),Drama
2467,"Name of the Rose, The","Name of the Rose, The (1986)",Mystery
2468,Jumpin' Jack Flash,Jumpin' Jack Flash (1986),Action|Comedy|Romance|Thriller
2469,Peggy Sue Got Married,Peggy Sue Got Married (1986),Comedy|Romance
2470,Crocodile Dundee,Crocodile Dundee (1986),Adventure|Comedy
2471,Crocodile Dundee II,Crocodile Dundee II (1988),Adventure|Comedy
2472,Tough Guys,Tough Guys (1986),Comedy
2473,Soul Man,Soul Man (1986),Comedy
2474,"Color of Money, The","Color of Money, The (1986)",Drama
2475,52 Pick-Up,52 Pick-Up (1986),Action|Mystery|Thriller
2476,Heartbreak Ridge,Heartbreak Ridge (1986),Action|War
2477,Firewalker,Firewalker (1986),Adventure
2478,Three Amigos!,Three Amigos! (1986),Comedy|Western
2479,Gloria,Gloria (1999),Drama|Thriller
2480,Dry Cleaning (Nettoyage  sec),Dry Cleaning (Nettoyage  sec) (1997),Drama
2481,My Name Is Joe,My Name Is Joe (1998),Drama|Romance
2482,Still Crazy,Still Crazy (1998),Comedy|Romance
2483,"Day of the Beast, The (El Da de la bestia)","Day of the Beast, The (El Da de la bestia) (1995)",Comedy|Horror|Thriller
2484,Tinseltown,Tinseltown (1998),Comedy
2485,She's All That,She's All That (1999),Comedy|Romance
2486,24-hour Woman,24-hour Woman (1998),Drama
2487,"Blood, Guts, Bullets and Octane","Blood, Guts, Bullets and Octane (1998)",Action|Comedy
2488,Peeping Tom,Peeping Tom (1960),Drama|Horror|Thriller
2489,Spanish Fly,Spanish Fly (1998),Drama
2490,Payback,Payback (1999),Action|Thriller
2491,Simply Irresistible,Simply Irresistible (1999),Comedy|Romance
2492,20 Dates,20 Dates (1998),Comedy
2493,"Harmonists, The","Harmonists, The (1997)",Drama
2494,"Last Days, The","Last Days, The (1998)",Documentary
2495,"Fantastic Planet, The (La Plante sauvage)","Fantastic Planet, The (La Plante sauvage) (1973)",Animation|Sci-Fi
2496,Blast from the Past,Blast from the Past (1999),Comedy|Romance
2497,Message in a Bottle,Message in a Bottle (1999),Romance
2498,My Favorite Martian,My Favorite Martian (1999),Comedy|Sci-Fi
2499,God Said 'Ha!',God Said 'Ha!' (1998),Comedy
2500,Jawbreaker,Jawbreaker (1999),Comedy
2501,October Sky,October Sky (1999),Drama
2502,Office Space,Office Space (1999),Comedy|Romance
2503,"Apple, The (Sib)","Apple, The (Sib) (1998)",Drama
2504,200 Cigarettes,200 Cigarettes (1999),Comedy|Drama
2505,8MM,8MM (1999),Thriller
2506,"Other Sister, The","Other Sister, The (1999)",Comedy|Drama|Romance
2507,Breakfast of Champions,Breakfast of Champions (1999),Comedy
2508,"Breaks, The","Breaks, The (1999)",Drama
2509,Eight Days a Week,Eight Days a Week (1997),Comedy
2510,Just the Ticket,Just the Ticket (1999),Comedy|Romance
2511,"Long Goodbye, The","Long Goodbye, The (1973)",Crime
2512,"Ballad of Narayama, The (Narayama Bushiko)","Ballad of Narayama, The (Narayama Bushiko) (1982)",Drama
2513,Pet Sematary,Pet Sematary (1989),Horror
2514,Pet Sematary II,Pet Sematary II (1992),Horror
2515,Children of the Corn II: The Final Sacrifice,Children of the Corn II: The Final Sacrifice (1993),Horror
2516,Children of the Corn III,Children of the Corn III (1994),Horror
2517,Christine,Christine (1983),Horror
2518,Night Shift,Night Shift (1982),Comedy
2519,House on Haunted Hill,House on Haunted Hill (1958),Horror
2520,Airport,Airport (1970),Drama
2521,Airport 1975,Airport 1975 (1974),Drama
2522,Airport '77,Airport '77 (1977),Drama
2523,Rollercoaster,Rollercoaster (1977),Drama|Thriller
2524,"Towering Inferno, The","Towering Inferno, The (1974)",Action|Drama
2525,Alligator,Alligator (1980),Action|Horror|Sci-Fi
2526,Meteor,Meteor (1979),Sci-Fi
2527,Westworld,Westworld (1973),Action|Sci-Fi|Thriller|Western
2528,Logan's Run,Logan's Run (1976),Action|Adventure|Sci-Fi
2529,Planet of the Apes,Planet of the Apes (1968),Action|Sci-Fi
2530,Beneath the Planet of the Apes,Beneath the Planet of the Apes (1970),Action|Sci-Fi
2531,Battle for the Planet of the Apes,Battle for the Planet of the Apes (1973),Action|Sci-Fi
2532,Conquest of the Planet of the Apes,Conquest of the Planet of the Apes (1972),Action|Sci-Fi
2533,Escape from the Planet of the Apes,Escape from the Planet of the Apes (1971),Action|Sci-Fi
2534,Avalanche,Avalanche (1978),Action
2535,Earthquake,Earthquake (1974),Action
2536,"Concorde: Airport '79, The","Concorde: Airport '79, The (1979)",Drama
2537,Beyond the Poseidon Adventure,Beyond the Poseidon Adventure (1979),Adventure
2538,Dancemaker,Dancemaker (1998),Documentary
2539,Analyze This,Analyze This (1999),Comedy
2540,"Corruptor, The","Corruptor, The (1999)",Action|Crime|Drama|Thriller
2541,Cruel Intentions,Cruel Intentions (1999),Drama
2542,"Lock, Stock & Two Smoking Barrels","Lock, Stock & Two Smoking Barrels (1998)",Comedy|Crime|Thriller
2543,Six Ways to Sunday,Six Ways to Sunday (1997),Comedy
2544,"School of Flesh, The (L' cole de la chair)","School of Flesh, The (L' cole de la chair) (1998)",Drama
2545,Relax... It's Just Sex,Relax... It's Just Sex (1998),Comedy
2546,"Deep End of the Ocean, The","Deep End of the Ocean, The (1999)",Drama
2547,Harvest,Harvest (1998),Drama
2548,"Rage: Carrie 2, The","Rage: Carrie 2, The (1999)",Horror
2549,Wing Commander,Wing Commander (1999),Action|Sci-Fi
2550,"Haunting, The","Haunting, The (1963)",Horror|Thriller
2551,Dead Ringers,Dead Ringers (1988),Drama|Thriller
2552,My Boyfriend's Back,My Boyfriend's Back (1993),Comedy
2553,Village of the Damned,Village of the Damned (1960),Horror|Sci-Fi|Thriller
2554,Children of the Damned,Children of the Damned (1963),Horror|Sci-Fi|Thriller
2555,Baby Geniuses,Baby Geniuses (1999),Comedy
2556,Telling You,Telling You (1998),Comedy|Drama|Romance
2557,I Stand Alone (Seul contre tous),I Stand Alone (Seul contre tous) (1998),Drama
2558,Forces of Nature,Forces of Nature (1999),Comedy|Romance
2559,"King and I, The","King and I, The (1999)",Animation|Children's
2560,Ravenous,Ravenous (1999),Drama|Horror
2561,True Crime,True Crime (1999),Crime|Thriller
2562,Bandits,Bandits (1997),Drama
2563,Beauty,Beauty (1998),Drama
2564,"Empty Mirror, The","Empty Mirror, The (1999)",Drama
2565,"King and I, The","King and I, The (1956)",Musical
2566,Doug's 1st Movie,Doug's 1st Movie (1999),Animation|Children's
2567,EDtv,EDtv (1999),Comedy
2568,"Mod Squad, The","Mod Squad, The (1999)",Action|Crime
2569,Among Giants,Among Giants (1998),Drama|Romance
2570,"Walk on the Moon, A","Walk on the Moon, A (1999)",Drama|Romance
2571,"Matrix, The","Matrix, The (1999)",Action|Sci-Fi|Thriller
2572,10 Things I Hate About You,10 Things I Hate About You (1999),Comedy|Romance
2573,Tango,Tango (1998),Drama
2574,"Out-of-Towners, The","Out-of-Towners, The (1999)",Comedy
2575,"Dreamlife of Angels, The (La Vie rve des anges)","Dreamlife of Angels, The (La Vie rve des anges) (1998)",Drama
2576,"Love, etc.","Love, etc. (1996)",Drama
2577,Metroland,Metroland (1997),Comedy|Drama
2578,"Sticky Fingers of Time, The","Sticky Fingers of Time, The (1997)",Sci-Fi
2579,Following,Following (1998),Drama
2580,Go,Go (1999),Crime
2581,Never Been Kissed,Never Been Kissed (1999),Comedy|Romance
2582,Twin Dragons (Shuang long hui),Twin Dragons (Shuang long hui) (1992),Action|Comedy
2583,Cookie's Fortune,Cookie's Fortune (1999),Mystery
2584,Foolish,Foolish (1999),Comedy
2585,"Lovers of the Arctic Circle, The (Los Amantes del Crculo Polar)","Lovers of the Arctic Circle, The (Los Amantes del Crculo Polar) (1998)",Drama|Romance
2586,"Goodbye, Lover","Goodbye, Lover (1999)",Comedy|Crime|Thriller
2587,Life,Life (1999),Comedy
2588,Clubland,Clubland (1998),Drama
2589,Friends & Lovers,Friends & Lovers (1999),Comedy|Drama|Romance
2590,Hideous Kinky,Hideous Kinky (1998),Drama
2591,Jeanne and the Perfect Guy (Jeanne et le garon formidable),Jeanne and the Perfect Guy (Jeanne et le garon formidable) (1998),Comedy|Romance
2592,"Joyriders, The","Joyriders, The (1999)",Drama
2593,"Monster, The (Il Mostro)","Monster, The (Il Mostro) (1994)",Comedy
2594,Open Your Eyes (Abre los ojos),Open Your Eyes (Abre los ojos) (1997),Drama|Romance|Sci-Fi
2595,Photographer (Fotoamator),Photographer (Fotoamator) (1998),Documentary
2596,SLC Punk!,SLC Punk! (1998),Comedy|Drama
2597,Lost & Found,Lost & Found (1999),Comedy|Romance
2598,Pushing Tin,Pushing Tin (1999),Comedy
2599,Election,Election (1999),Comedy
2600,eXistenZ,eXistenZ (1999),Action|Sci-Fi|Thriller
2601,"Little Bit of Soul, A","Little Bit of Soul, A (1998)",Comedy
2602,Mighty Peking Man (Hsing hsing wang),Mighty Peking Man (Hsing hsing wang) (1977),Adventure|Sci-Fi
2603,N,N (1998),Drama
2604,Let it Come Down: The Life of Paul Bowles,Let it Come Down: The Life of Paul Bowles (1998),Documentary
2605,Entrapment,Entrapment (1999),Crime|Thriller
2606,Idle Hands,Idle Hands (1999),Comedy|Horror
2607,Get Real,Get Real (1998),Drama
2608,Heaven,Heaven (1998),Thriller
2609,"King of Masks, The (Bian Lian)","King of Masks, The (Bian Lian) (1996)",Drama
2610,Three Seasons,Three Seasons (1999),Drama
2611,"Winslow Boy, The","Winslow Boy, The (1998)",Drama
2612,Mildred Pierce,Mildred Pierce (1945),Drama
2613,Night of the Comet,Night of the Comet (1984),Action|Horror|Sci-Fi
2614,Chopping Mall (a.k.a. Killbots),Chopping Mall (a.k.a. Killbots) (1986),Action|Horror|Sci-Fi
2615,My Science Project,My Science Project (1985),Adventure|Sci-Fi
2616,Dick Tracy,Dick Tracy (1990),Action|Crime
2617,"Mummy, The","Mummy, The (1999)",Action|Adventure|Horror|Thriller
2618,"Castle, The","Castle, The (1997)",Comedy
2619,Mascara,Mascara (1999),Drama
2620,This Is My Father,This Is My Father (1998),Drama|Romance
2621,Xiu Xiu: The Sent-Down Girl (Tian yu),Xiu Xiu: The Sent-Down Girl (Tian yu) (1998),Drama|Romance
2622,"Midsummer Night's Dream, A","Midsummer Night's Dream, A (1999)",Comedy|Fantasy
2623,Trippin',Trippin' (1999),Comedy
2624,After Life,After Life (1998),Drama
2625,Black Mask (Hak hap),Black Mask (Hak hap) (1996),Action
2626,Edge of Seventeen,Edge of Seventeen (1998),Comedy|Drama|Romance
2627,Endurance,Endurance (1998),Documentary|Drama
2628,Star Wars: Episode I - The Phantom Menace,Star Wars: Episode I - The Phantom Menace (1999),Action|Adventure|Fantasy|Sci-Fi
2629,"Love Letter, The","Love Letter, The (1999)",Comedy|Romance
2630,Besieged (L' Assedio),Besieged (L' Assedio) (1998),Drama
2631,Frogs for Snakes,Frogs for Snakes (1998),Comedy|Film-Noir|Thriller
2632,"Saragossa Manuscript, The (Rekopis znaleziony w Saragossie)","Saragossa Manuscript, The (Rekopis znaleziony w Saragossie) (1965)",Drama
2633,"Mummy, The","Mummy, The (1932)",Horror|Romance
2634,"Mummy, The","Mummy, The (1959)",Horror
2635,"Mummy's Curse, The","Mummy's Curse, The (1944)",Horror
2636,"Mummy's Ghost, The","Mummy's Ghost, The (1944)",Horror
2637,"Mummy's Hand, The","Mummy's Hand, The (1940)",Horror
2638,"Mummy's Tomb, The","Mummy's Tomb, The (1942)",Horror
2639,Mommie Dearest,Mommie Dearest (1981),Drama
2640,Superman,Superman (1978),Action|Adventure|Sci-Fi
2641,Superman II,Superman II (1980),Action|Adventure|Sci-Fi
2642,Superman III,Superman III (1983),Action|Adventure|Sci-Fi
2643,Superman IV: The Quest for Peace,Superman IV: The Quest for Peace (1987),Action|Adventure|Sci-Fi
2644,Dracula,Dracula (1931),Horror
2645,Dracula,Dracula (1958),Horror
2646,House of Dracula,House of Dracula (1945),Horror
2647,House of Frankenstein,House of Frankenstein (1944),Horror
2648,Frankenstein,Frankenstein (1931),Horror
2649,Son of Frankenstein,Son of Frankenstein (1939),Horror
2650,"Ghost of Frankenstein, The","Ghost of Frankenstein, The (1942)",Horror
2651,Frankenstein Meets the Wolf Man,Frankenstein Meets the Wolf Man (1943),Horror
2652,"Curse of Frankenstein, The","Curse of Frankenstein, The (1957)",Horror
2653,Son of Dracula,Son of Dracula (1943),Horror
2654,"Wolf Man, The","Wolf Man, The (1941)",Horror
2655,Howling II: Your Sister Is a Werewolf,Howling II: Your Sister Is a Werewolf (1985),Horror
2656,Tarantula,Tarantula (1955),Horror|Sci-Fi
2657,"Rocky Horror Picture Show, The","Rocky Horror Picture Show, The (1975)",Comedy|Horror|Musical|Sci-Fi
2658,"Flying Saucer, The","Flying Saucer, The (1950)",Sci-Fi
2659,It Came from Hollywood,It Came from Hollywood (1982),Comedy|Documentary
2660,"Thing From Another World, The","Thing From Another World, The (1951)",Sci-Fi
2661,It Came from Outer Space,It Came from Outer Space (1953),Sci-Fi
2662,"War of the Worlds, The","War of the Worlds, The (1953)",Action|Sci-Fi|War
2663,It Came from Beneath the Sea,It Came from Beneath the Sea (1955),Sci-Fi
2664,Invasion of the Body Snatchers,Invasion of the Body Snatchers (1956),Horror|Sci-Fi
2665,Earth Vs. the Flying Saucers,Earth Vs. the Flying Saucers (1956),Sci-Fi
2666,It Conquered the World,It Conquered the World (1956),Sci-Fi
2667,"Mole People, The","Mole People, The (1956)",Sci-Fi
2668,Swamp Thing,Swamp Thing (1982),Horror|Sci-Fi
2669,Pork Chop Hill,Pork Chop Hill (1959),War
2670,"Run Silent, Run Deep","Run Silent, Run Deep (1958)",War
2671,Notting Hill,Notting Hill (1999),Comedy|Romance
2672,"Thirteenth Floor, The","Thirteenth Floor, The (1999)",Drama|Sci-Fi|Thriller
2673,Eternity and a Day (Mia eoniotita ke mia mera ),Eternity and a Day (Mia eoniotita ke mia mera ) (1998),Drama
2674,"Loss of Sexual Innocence, The","Loss of Sexual Innocence, The (1999)",Drama
2675,Twice Upon a Yesterday,Twice Upon a Yesterday (1998),Comedy|Drama|Romance
2676,Instinct,Instinct (1999),Drama|Thriller
2677,Buena Vista Social Club,Buena Vista Social Club (1999),Documentary
2678,Desert Blue,Desert Blue (1999),Drama
2679,Finding North,Finding North (1999),Drama|Romance
2680,Floating,Floating (1997),Drama
2681,Free Enterprise,Free Enterprise (1998),Comedy|Romance|Sci-Fi
2682,Limbo,Limbo (1999),Drama
2683,Austin Powers: The Spy Who Shagged Me,Austin Powers: The Spy Who Shagged Me (1999),Comedy
2684,Taxman,Taxman (1999),Comedy|Drama
2685,"Red Dwarf, The (Le Nain rouge)","Red Dwarf, The (Le Nain rouge) (1998)",Comedy|Drama
2686,"Red Violin, The (Le Violon rouge)","Red Violin, The (Le Violon rouge) (1998)",Drama|Mystery
2687,Tarzan,Tarzan (1999),Animation|Children's
2688,"General's Daughter, The","General's Daughter, The (1999)",Drama|Thriller
2689,Get Bruce,Get Bruce (1999),Documentary
2690,"Ideal Husband, An","Ideal Husband, An (1999)",Comedy
2691,"Legend of 1900, The (Leggenda del pianista sull'oceano)","Legend of 1900, The (Leggenda del pianista sull'oceano) (1998)",Drama
2692,Run Lola Run (Lola rennt),Run Lola Run (Lola rennt) (1998),Action|Crime|Romance
2693,Trekkies,Trekkies (1997),Documentary
2694,Big Daddy,Big Daddy (1999),Comedy
2695,"Boys, The","Boys, The (1997)",Drama
2696,"Dinner Game, The (Le Dner de cons)","Dinner Game, The (Le Dner de cons) (1998)",Comedy
2697,My Son the Fanatic,My Son the Fanatic (1998),Comedy|Drama|Romance
2698,Zone 39,Zone 39 (1997),Sci-Fi
2699,Arachnophobia,Arachnophobia (1990),Action|Comedy|Sci-Fi|Thriller
2700,"South Park: Bigger, Longer and Uncut","South Park: Bigger, Longer and Uncut (1999)",Animation|Comedy
2701,Wild Wild West,Wild Wild West (1999),Action|Sci-Fi|Western
2702,Summer of Sam,Summer of Sam (1999),Drama
2703,Broken Vessels,Broken Vessels (1998),Drama
2704,"Lovers on the Bridge, The (Les Amants du Pont-Neuf)","Lovers on the Bridge, The (Les Amants du Pont-Neuf) (1991)",Drama|Romance
2705,"Late August, Early September (Fin aot, dbut septembre)","Late August, Early September (Fin aot, dbut septembre) (1998)",Drama
2706,American Pie,American Pie (1999),Comedy
2707,Arlington Road,Arlington Road (1999),Thriller
2708,"Autumn Tale, An (Conte d'automne)","Autumn Tale, An (Conte d'automne) (1998)",Romance
2709,Muppets From Space,Muppets From Space (1999),Children's|Comedy
2710,"Blair Witch Project, The","Blair Witch Project, The (1999)",Horror
2711,My Life So Far,My Life So Far (1999),Drama
2712,Eyes Wide Shut,Eyes Wide Shut (1999),Drama
2713,Lake Placid,Lake Placid (1999),Horror|Thriller
2714,"Wood, The","Wood, The (1999)",Drama
2715,"Velocity of Gary, The","Velocity of Gary, The (1998)",Comedy|Romance
2716,Ghostbusters,Ghostbusters (1984),Comedy|Horror
2717,Ghostbusters II,Ghostbusters II (1989),Comedy|Horror
2718,Drop Dead Gorgeous,Drop Dead Gorgeous (1999),Comedy
2719,"Haunting, The","Haunting, The (1999)",Horror|Thriller
2720,Inspector Gadget,Inspector Gadget (1999),Action|Adventure|Children's|Comedy
2721,Trick,Trick (1999),Romance
2722,Deep Blue Sea,Deep Blue Sea (1999),Action|Sci-Fi|Thriller
2723,Mystery Men,Mystery Men (1999),Action|Adventure|Comedy
2724,Runaway Bride,Runaway Bride (1999),Comedy|Romance
2725,Twin Falls Idaho,Twin Falls Idaho (1999),Drama
2726,"Killing, The","Killing, The (1956)",Crime|Film-Noir
2727,Killer's Kiss,Killer's Kiss (1955),Film-Noir
2728,Spartacus,Spartacus (1960),Drama
2729,Lolita,Lolita (1962),Drama
2730,Barry Lyndon,Barry Lyndon (1975),Drama
2731,"400 Blows, The (Les Quatre cents coups)","400 Blows, The (Les Quatre cents coups) (1959)",Drama
2732,Jules and Jim (Jules et Jim),Jules and Jim (Jules et Jim) (1961),Drama
2733,Vibes,Vibes (1988),Adventure|Comedy
2734,"Mosquito Coast, The","Mosquito Coast, The (1986)",Drama
2735,"Golden Child, The","Golden Child, The (1986)",Action|Adventure|Comedy
2736,Brighton Beach Memoirs,Brighton Beach Memoirs (1986),Comedy
2737,Assassination,Assassination (1987),Action
2738,Crimes of the Heart,Crimes of the Heart (1986),Comedy|Drama
2739,"Color Purple, The","Color Purple, The (1985)",Drama
2740,"Kindred, The","Kindred, The (1986)",Horror
2741,No Mercy,No Mercy (1986),Action|Thriller
2742,Mnage (Tenue de soire),Mnage (Tenue de soire) (1986),Comedy|Drama
2743,Native Son,Native Son (1986),Drama
2744,Otello,Otello (1986),Drama
2745,"Mission, The","Mission, The (1986)",Drama
2746,Little Shop of Horrors,Little Shop of Horrors (1986),Comedy|Horror|Musical
2747,"Little Shop of Horrors, The","Little Shop of Horrors, The (1960)",Comedy|Horror
2748,Allan Quartermain and the Lost City of Gold,Allan Quartermain and the Lost City of Gold (1987),Action|Adventure
2749,"Morning After, The","Morning After, The (1986)",Drama|Mystery
2750,Radio Days,Radio Days (1987),Comedy|Drama
2751,From the Hip,From the Hip (1987),Comedy
2752,Outrageous Fortune,Outrageous Fortune (1987),Comedy|Mystery
2753,"Bedroom Window, The","Bedroom Window, The (1987)",Thriller
2754,Deadtime Stories,Deadtime Stories (1987),Horror
2755,Light of Day,Light of Day (1987),Drama
2756,Wanted: Dead or Alive,Wanted: Dead or Alive (1987),Action
2757,Frances,Frances (1982),Drama
2758,Plenty,Plenty (1985),Drama
2759,Dick,Dick (1999),Comedy
2760,"Gambler, The (A Jtkos)","Gambler, The (A Jtkos) (1997)",Drama
2761,"Iron Giant, The","Iron Giant, The (1999)",Animation|Children's
2762,"Sixth Sense, The","Sixth Sense, The (1999)",Thriller
2763,"Thomas Crown Affair, The","Thomas Crown Affair, The (1999)",Action|Thriller
2764,"Thomas Crown Affair, The","Thomas Crown Affair, The (1968)",Crime|Drama|Thriller
2765,"Acid House, The","Acid House, The (1998)",Comedy|Drama
2766,"Adventures of Sebastian Cole, The","Adventures of Sebastian Cole, The (1998)",Comedy|Drama
2767,Illuminata,Illuminata (1998),Comedy
2768,Stiff Upper Lips,Stiff Upper Lips (1998),Comedy
2769,"Yards, The","Yards, The (1999)",Crime|Mystery
2770,Bowfinger,Bowfinger (1999),Comedy
2771,Brokedown Palace,Brokedown Palace (1999),Drama
2772,Detroit Rock City,Detroit Rock City (1999),Comedy
2773,Alice and Martin (Alice et Martin),Alice and Martin (Alice et Martin) (1998),Drama
2774,Better Than Chocolate,Better Than Chocolate (1999),Comedy|Romance
2775,Head On,Head On (1998),Drama
2776,"Marcello Mastroianni: I Remember Yes, I Remember","Marcello Mastroianni: I Remember Yes, I Remember (1997)",Documentary
2777,Cobra,Cobra (1925),Drama
2778,Never Talk to Strangers,Never Talk to Strangers (1995),Thriller
2779,Heaven Can Wait,Heaven Can Wait (1978),Comedy
2780,"Raven, The","Raven, The (1963)",Comedy|Horror
2781,"Tingler, The","Tingler, The (1959)",Horror
2782,Pit and the Pendulum,Pit and the Pendulum (1961),Horror
2783,"Tomb of Ligeia, The","Tomb of Ligeia, The (1965)",Horror
2784,"Masque of the Red Death, The","Masque of the Red Death, The (1964)",Horror
2785,Tales of Terror,Tales of Terror (1962),Horror
2786,Haunted Honeymoon,Haunted Honeymoon (1986),Comedy
2787,Cat's Eye,Cat's Eye (1985),Horror
2788,And Now for Something Completely Different,And Now for Something Completely Different (1971),Comedy
2789,Damien: Omen II,Damien: Omen II (1978),Horror
2790,"Final Conflict, The (a.k.a. Omen III: The Final Conflict)","Final Conflict, The (a.k.a. Omen III: The Final Conflict) (1981)",Horror
2791,Airplane!,Airplane! (1980),Comedy
2792,Airplane II: The Sequel,Airplane II: The Sequel (1982),Comedy
2793,"American Werewolf in Paris, An","American Werewolf in Paris, An (1997)",Comedy|Horror
2794,European Vacation,European Vacation (1985),Comedy
2795,Vacation,Vacation (1983),Comedy
2796,Funny Farm,Funny Farm (1988),Comedy
2797,Big,Big (1988),Comedy|Fantasy
2798,Problem Child,Problem Child (1990),Comedy
2799,Problem Child 2,Problem Child 2 (1991),Comedy
2800,Little Nemo: Adventures in Slumberland,Little Nemo: Adventures in Slumberland (1992),Animation|Children's
2801,Oscar and Lucinda (a.k.a. Oscar & Lucinda),Oscar and Lucinda (a.k.a. Oscar & Lucinda) (1997),Drama|Romance
2802,Tequila Sunrise,Tequila Sunrise (1988),Action|Romance|Thriller
2803,"Pelican Brief, The","Pelican Brief, The (1993)",Thriller
2804,"Christmas Story, A","Christmas Story, A (1983)",Comedy|Drama
2805,Mickey Blue Eyes,Mickey Blue Eyes (1999),Comedy|Romance
2806,Teaching Mrs. Tingle,Teaching Mrs. Tingle (1999),Comedy|Thriller
2807,Universal Soldier: The Return,Universal Soldier: The Return (1999),Action|Sci-Fi
2808,Universal Soldier,Universal Soldier (1992),Action|Sci-Fi
2809,Love Stinks,Love Stinks (1999),Comedy
2810,Perfect Blue,Perfect Blue (1997),Animation|Mystery
2811,With Friends Like These...,With Friends Like These... (1998),Comedy
2812,In Too Deep,In Too Deep (1999),Action|Thriller
2813,"Source, The","Source, The (1999)",Documentary
2814,"Bat, The","Bat, The (1959)",Horror
2815,Iron Eagle,Iron Eagle (1986),Action|War
2816,Iron Eagle II,Iron Eagle II (1988),Action|War
2817,Aces: Iron Eagle III,Aces: Iron Eagle III (1992),Action|War
2818,Iron Eagle IV,Iron Eagle IV (1995),Action|War
2819,Three Days of the Condor,Three Days of the Condor (1975),Thriller
2820,Hamlet,Hamlet (1964),Drama
2821,Male and Female,Male and Female (1919),Adventure|Drama
2822,Medicine Man,Medicine Man (1992),Adventure|Romance
2823,"Spiders, The (Die Spinnen, 1. Teil: Der Goldene See)","Spiders, The (Die Spinnen, 1. Teil: Der Goldene See) (1919)",Action|Drama
2824,On the Ropes,On the Ropes (1999),Documentary
2825,Rosie,Rosie (1998),Drama
2826,"13th Warrior, The","13th Warrior, The (1999)",Action|Horror|Thriller
2827,"Astronaut's Wife, The","Astronaut's Wife, The (1999)",Sci-Fi|Thriller
2828,Dudley Do-Right,Dudley Do-Right (1999),Children's|Comedy
2829,"Muse, The","Muse, The (1999)",Comedy|Drama
2830,Cabaret Balkan (Bure Baruta),Cabaret Balkan (Bure Baruta) (1998),Drama
2831,"Dog of Flanders, A","Dog of Flanders, A (1999)",Drama
2832,"Lost Son, The","Lost Son, The (1999)",Drama
2833,Lucie Aubrac,Lucie Aubrac (1997),Romance|War
2834,"Very Thought of You, The","Very Thought of You, The (1998)",Comedy|Romance
2835,Chill Factor,Chill Factor (1999),Action|Thriller
2836,Outside Providence,Outside Providence (1999),Comedy
2837,Bedrooms & Hallways,Bedrooms & Hallways (1998),Comedy|Romance
2838,I Woke Up Early the Day I Died,I Woke Up Early the Day I Died (1998),Comedy
2839,West Beirut (West Beyrouth),West Beirut (West Beyrouth) (1998),Drama
2840,Stigmata,Stigmata (1999),Thriller
2841,Stir of Echoes,Stir of Echoes (1999),Thriller
2842,Best Laid Plans,Best Laid Plans (1999),Crime|Drama
2843,"Black Cat, White Cat (Crna macka, beli macor)","Black Cat, White Cat (Crna macka, beli macor) (1998)",Comedy|Romance
2844,"Minus Man, The","Minus Man, The (1999)",Drama|Mystery
2845,White Boys,White Boys (1999),Drama
2846,"Adventures of Milo and Otis, The","Adventures of Milo and Otis, The (1986)",Children's
2847,Only Angels Have Wings,Only Angels Have Wings (1939),Drama
2848,Othello,Othello (1952),Drama
2849,Queens Logic,Queens Logic (1991),Comedy|Drama
2850,Public Access,Public Access (1993),Drama|Thriller
2851,Saturn 3,Saturn 3 (1979),Adventure|Sci-Fi|Thriller
2852,"Soldier's Story, A","Soldier's Story, A (1984)",Drama
2853,"Communion (a.k.a. Alice, Sweet Alice/Holy Terror)","Communion (a.k.a. Alice, Sweet Alice/Holy Terror) (1977)",Horror
2854,Don't Look in the Basement!,Don't Look in the Basement! (1973),Horror
2855,Nightmares,Nightmares (1983),Horror
2856,I Saw What You Did,I Saw What You Did (1965),Thriller
2857,Yellow Submarine,Yellow Submarine (1968),Animation|Musical
2858,American Beauty,American Beauty (1999),Comedy|Drama
2859,Stop Making Sense,Stop Making Sense (1984),Documentary
2860,Blue Streak,Blue Streak (1999),Comedy
2861,For Love of the Game,For Love of the Game (1999),Comedy|Drama
2862,Caligula,Caligula (1980),Drama
2863,"Hard Day's Night, A","Hard Day's Night, A (1964)",Comedy|Musical
2864,Splendor,Splendor (1999),Comedy
2865,Sugar Town,Sugar Town (1999),Comedy
2866,"Buddy Holly Story, The","Buddy Holly Story, The (1978)",Drama
2867,Fright Night,Fright Night (1985),Comedy|Horror
2868,Fright Night Part II,Fright Night Part II (1989),Horror
2869,"Separation, The (La Sparation)","Separation, The (La Sparation) (1994)",Drama
2870,Barefoot in the Park,Barefoot in the Park (1967),Comedy
2871,Deliverance,Deliverance (1972),Adventure|Thriller
2872,Excalibur,Excalibur (1981),Action|Drama|Fantasy|Romance
2873,Lulu on the Bridge,Lulu on the Bridge (1998),Drama|Mystery|Romance
2874,"Pajama Game, The","Pajama Game, The (1957)",Comedy
2875,Sommersby,Sommersby (1993),Drama|Mystery|Romance
2876,Thumbelina,Thumbelina (1994),Animation|Children's
2877,Tommy,Tommy (1975),Drama|Musical
2878,Hell Night,Hell Night (1981),Horror
2879,Operation Condor (Feiying gaiwak),Operation Condor (Feiying gaiwak) (1990),Action|Adventure|Comedy
2880,Operation Condor 2 (Longxiong hudi),Operation Condor 2 (Longxiong hudi) (1990),Action|Adventure|Comedy
2881,Double Jeopardy,Double Jeopardy (1999),Action|Thriller
2882,Jakob the Liar,Jakob the Liar (1999),Drama
2883,Mumford,Mumford (1999),Comedy
2884,Dog Park,Dog Park (1998),Comedy|Romance
2885,Guinevere,Guinevere (1999),Drama|Romance
2886,"Adventures of Elmo in Grouchland, The","Adventures of Elmo in Grouchland, The (1999)",Children's|Comedy
2887,Simon Sez,Simon Sez (1999),Drama
2888,Drive Me Crazy,Drive Me Crazy (1999),Comedy|Romance
2889,"Mystery, Alaska","Mystery, Alaska (1999)",Comedy
2890,Three Kings,Three Kings (1999),Drama|War
2891,"Happy, Texas","Happy, Texas (1999)",Comedy
2892,New Rose Hotel,New Rose Hotel (1998),Action|Drama
2893,Plunkett & MaCleane,Plunkett & MaCleane (1999),Action|Drama
2894,Romance,Romance (1999),Drama|Romance
2895,Napoleon and Samantha,Napoleon and Samantha (1972),Adventure
2896,Alvarez Kelly,Alvarez Kelly (1966),Western
2897,And the Ship Sails On (E la nave va),And the Ship Sails On (E la nave va) (1984),Comedy|War
2898,"Dark Half, The","Dark Half, The (1993)",Horror|Mystery
2899,Gulliver's Travels,Gulliver's Travels (1939),Adventure|Animation|Children's
2900,Monkey Shines,Monkey Shines (1988),Horror|Sci-Fi
2901,Phantasm,Phantasm (1979),Horror|Sci-Fi
2902,Psycho II,Psycho II (1983),Horror|Thriller
2903,Psycho III,Psycho III (1986),Horror|Thriller
2904,Rain,Rain (1932),Drama
2905,Sanjuro,Sanjuro (1962),Action|Adventure
2906,Random Hearts,Random Hearts (1999),Drama|Romance
2907,Superstar,Superstar (1999),Comedy
2908,Boys Don't Cry,Boys Don't Cry (1999),Drama
2909,"Five Wives, Three Secretaries and Me","Five Wives, Three Secretaries and Me (1998)",Documentary
2910,"Ennui, L'","Ennui, L' (1998)",Drama|Romance
2911,"Grandfather, The (El Abuelo)","Grandfather, The (El Abuelo) (1998)",Drama
2912,"Limey, The","Limey, The (1999)",Action|Crime|Drama
2913,"Mating Habits of the Earthbound Human, The","Mating Habits of the Earthbound Human, The (1998)",Comedy
2914,Molly,Molly (1999),Comedy|Drama
2915,Risky Business,Risky Business (1983),Comedy
2916,Total Recall,Total Recall (1990),Action|Adventure|Sci-Fi|Thriller
2917,Body Heat,Body Heat (1981),Crime|Thriller
2918,Ferris Bueller's Day Off,Ferris Bueller's Day Off (1986),Comedy
2919,Year of Living Dangerously,Year of Living Dangerously (1982),Drama|Romance
2920,Children of Paradise (Les enfants du paradis),Children of Paradise (Les enfants du paradis) (1945),Drama|Romance
2921,High Plains Drifter,High Plains Drifter (1972),Western
2922,Hang 'em High,Hang 'em High (1967),Western
2923,Citizen's Band (a.k.a. Handle with Care),Citizen's Band (a.k.a. Handle with Care) (1977),Comedy
2924,Drunken Master (Zui quan),Drunken Master (Zui quan) (1979),Action|Comedy
2925,"Conformist, The (Il Conformista)","Conformist, The (Il Conformista) (1970)",Drama
2926,Hairspray,Hairspray (1988),Comedy|Drama
2927,Brief Encounter,Brief Encounter (1946),Drama|Romance
2928,"Razor's Edge, The","Razor's Edge, The (1984)",Drama
2929,Reds,Reds (1981),Drama
2930,Return with Honor,Return with Honor (1998),Documentary
2931,Time of the Gypsies (Dom za vesanje),Time of the Gypsies (Dom za vesanje) (1989),Drama
2932,Days of Heaven,Days of Heaven (1978),Drama
2933,"Fire Within, The (Le Feu Follet)","Fire Within, The (Le Feu Follet) (1963)",Drama
2934,"Love Bewitched, A (El Amor Brujo)","Love Bewitched, A (El Amor Brujo) (1986)",Musical
2935,"Lady Eve, The","Lady Eve, The (1941)",Comedy|Romance
2936,Sullivan's Travels,Sullivan's Travels (1942),Comedy
2937,"Palm Beach Story, The","Palm Beach Story, The (1942)",Comedy
2938,Man Facing Southeast (Hombre Mirando al Sudeste),Man Facing Southeast (Hombre Mirando al Sudeste) (1986),Drama
2939,Niagara,Niagara (1953),Drama|Thriller
2940,Gilda,Gilda (1946),Film-Noir
2941,South Pacific,South Pacific (1958),Musical|Romance|War
2942,Flashdance,Flashdance (1983),Drama|Romance
2943,Indochine,Indochine (1992),Drama|Romance
2944,"Dirty Dozen, The","Dirty Dozen, The (1967)",Action|War
2945,Mike's Murder,Mike's Murder (1984),Mystery
2946,Help!,Help! (1965),Comedy|Musical
2947,Goldfinger,Goldfinger (1964),Action
2948,From Russia with Love,From Russia with Love (1963),Action
2949,Dr. No,Dr. No (1962),Action
2950,"Blue Lagoon, The","Blue Lagoon, The (1980)",Adventure|Drama|Romance
2951,"Fistful of Dollars, A","Fistful of Dollars, A (1964)",Action|Western
2952,"Hard 8 (a.k.a. Sydney, a.k.a. Hard Eight)","Hard 8 (a.k.a. Sydney, a.k.a. Hard Eight) (1996)",Crime|Thriller
2953,Home Alone 2: Lost in New York,Home Alone 2: Lost in New York (1992),Children's|Comedy
2954,Penitentiary,Penitentiary (1979),Drama
2955,Penitentiary II,Penitentiary II (1982),Drama
2956,Someone to Watch Over Me,Someone to Watch Over Me (1987),Action|Crime|Thriller
2957,Sparrows,Sparrows (1926),Drama
2958,Naturally Native,Naturally Native (1998),Drama
2959,Fight Club,Fight Club (1999),Drama
2960,Beefcake,Beefcake (1999),Drama
2961,"Story of Us, The","Story of Us, The (1999)",Comedy|Drama
2962,Fever Pitch,Fever Pitch (1997),Comedy|Romance
2963,Joe the King,Joe the King (1999),Crime|Drama
2964,Julien Donkey-Boy,Julien Donkey-Boy (1999),Drama
2965,"Omega Code, The","Omega Code, The (1999)",Action
2966,"Straight Story, The","Straight Story, The (1999)",Drama
2967,"Bad Seed, The","Bad Seed, The (1956)",Drama|Thriller
2968,Time Bandits,Time Bandits (1981),Adventure|Fantasy|Sci-Fi
2969,"Man and a Woman, A (Un Homme et une Femme)","Man and a Woman, A (Un Homme et une Femme) (1966)",Drama|Romance
2970,Fitzcarraldo,Fitzcarraldo (1982),Adventure|Drama
2971,All That Jazz,All That Jazz (1979),Musical
2972,Red Sorghum (Hong Gao Liang),Red Sorghum (Hong Gao Liang) (1987),Drama|War
2973,Crimes and Misdemeanors,Crimes and Misdemeanors (1989),Comedy
2974,Bats,Bats (1999),Horror|Thriller
2975,"Best Man, The","Best Man, The (1999)",Drama
2976,Bringing Out the Dead,Bringing Out the Dead (1999),Drama|Horror
2977,Crazy in Alabama,Crazy in Alabama (1999),Comedy|Drama
2978,Three to Tango,Three to Tango (1999),Comedy|Romance
2979,Body Shots,Body Shots (1999),Drama
2980,Men Cry Bullets,Men Cry Bullets (1997),Drama
2981,"Brother, Can You Spare a Dime?","Brother, Can You Spare a Dime? (1975)",Documentary
2982,"Guardian, The","Guardian, The (1990)",Horror|Thriller
2983,"Ipcress File, The","Ipcress File, The (1965)",Thriller
2984,On Any Sunday,On Any Sunday (1971),Documentary
2985,Robocop,Robocop (1987),Action|Crime|Sci-Fi
2986,Robocop 2,Robocop 2 (1990),Action|Crime|Sci-Fi
2987,Who Framed Roger Rabbit?,Who Framed Roger Rabbit? (1988),Adventure|Animation|Film-Noir
2988,Melvin and Howard,Melvin and Howard (1980),Drama
2989,For Your Eyes Only,For Your Eyes Only (1981),Action
2990,Licence to Kill,Licence to Kill (1989),Action
2991,Live and Let Die,Live and Let Die (1973),Action
2992,Rawhead Rex,Rawhead Rex (1986),Horror|Thriller
2993,Thunderball,Thunderball (1965),Action
2994,"City, The","City, The (1998)",Drama
2995,"House on Haunted Hill, The","House on Haunted Hill, The (1999)",Horror
2996,Music of the Heart,Music of the Heart (1999),Drama
2997,Being John Malkovich,Being John Malkovich (1999),Comedy
2998,Dreaming of Joseph Lees,Dreaming of Joseph Lees (1998),Romance
2999,Man of the Century,Man of the Century (1999),Comedy
3000,"Princess Mononoke, The (Mononoke Hime)","Princess Mononoke, The (Mononoke Hime) (1997)",Action|Adventure|Animation
3001,"Suburbans, The","Suburbans, The (1999)",Drama
3002,My Best Fiend (Mein liebster Feind),My Best Fiend (Mein liebster Feind) (1999),Documentary
3003,Train of Life (Train De Vie),Train of Life (Train De Vie) (1998),Comedy|Drama
3004,"Bachelor, The","Bachelor, The (1999)",Comedy|Romance
3005,"Bone Collector, The","Bone Collector, The (1999)",Thriller
3006,"Insider, The","Insider, The (1999)",Drama
3007,American Movie,American Movie (1999),Documentary
3008,Last Night,Last Night (1998),Thriller
3009,Portraits Chinois,Portraits Chinois (1996),Drama
3010,Rosetta,Rosetta (1999),Drama
3011,"They Shoot Horses, Don't They?","They Shoot Horses, Don't They? (1969)",Drama
3012,Battling Butler,Battling Butler (1926),Comedy
3013,Bride of Re-Animator,Bride of Re-Animator (1990),Comedy|Horror
3014,Bustin' Loose,Bustin' Loose (1981),Comedy
3015,Coma,Coma (1978),Thriller
3016,Creepshow,Creepshow (1982),Horror
3017,Creepshow 2,Creepshow 2 (1987),Horror
3018,Re-Animator,Re-Animator (1985),Horror
3019,Drugstore Cowboy,Drugstore Cowboy (1989),Crime|Drama
3020,Falling Down,Falling Down (1993),Action|Drama
3021,"Funhouse, The","Funhouse, The (1981)",Horror
3022,"General, The","General, The (1927)",Comedy
3023,My Best Girl,My Best Girl (1927),Comedy|Romance
3024,Piranha,Piranha (1978),Horror|Sci-Fi
3025,Rough Night in Jericho,Rough Night in Jericho (1967),Western
3026,Slaughterhouse,Slaughterhouse (1987),Horror
3027,Slaughterhouse 2,Slaughterhouse 2 (1988),Horror
3028,"Taming of the Shrew, The","Taming of the Shrew, The (1967)",Comedy
3029,Nighthawks,Nighthawks (1981),Action|Drama
3030,Yojimbo,Yojimbo (1961),Comedy|Drama|Western
3031,Repossessed,Repossessed (1990),Comedy
3032,"Omega Man, The","Omega Man, The (1971)",Sci-Fi
3033,Spaceballs,Spaceballs (1987),Comedy|Sci-Fi
3034,Robin Hood,Robin Hood (1973),Animation|Children's
3035,Mister Roberts,Mister Roberts (1955),Comedy|Drama|War
3036,Quest for Fire,Quest for Fire (1981),Adventure
3037,Little Big Man,Little Big Man (1970),Comedy|Drama|Western
3038,"Face in the Crowd, A","Face in the Crowd, A (1957)",Drama
3039,Trading Places,Trading Places (1983),Comedy
3040,Meatballs,Meatballs (1979),Comedy
3041,Meatballs Part II,Meatballs Part II (1984),Comedy
3042,Meatballs III,Meatballs III (1987),Comedy
3043,Meatballs 4,Meatballs 4 (1992),Comedy
3044,Dead Again,Dead Again (1991),Mystery|Romance|Thriller
3045,Peter's Friends,Peter's Friends (1992),Comedy|Drama
3046,"Incredibly True Adventure of Two Girls in Love, The","Incredibly True Adventure of Two Girls in Love, The (1995)",Comedy|Romance
3047,Experience Preferred... But Not Essential,Experience Preferred... But Not Essential (1982),Drama
3048,Under the Rainbow,Under the Rainbow (1981),Comedy
3049,How I Won the War,How I Won the War (1967),Comedy|War
3050,Light It Up,Light It Up (1999),Drama
3051,Anywhere But Here,Anywhere But Here (1999),Drama
3052,Dogma,Dogma (1999),Comedy
3053,"Messenger: The Story of Joan of Arc, The","Messenger: The Story of Joan of Arc, The (1999)",Drama|War
3054,Pokmon: The First Movie,Pokmon: The First Movie (1998),Animation|Children's
3055,Felicia's Journey,Felicia's Journey (1999),Thriller
3056,Oxygen,Oxygen (1999),Thriller
3057,Where's Marlowe?,Where's Marlowe? (1999),Comedy
3058,"Ape, The","Ape, The (1940)",Horror|Sci-Fi
3059,British Intelligence,British Intelligence (1940),Drama
3060,"Commitments, The","Commitments, The (1991)",Comedy|Drama
3061,Holiday Inn,Holiday Inn (1942),Comedy|Musical
3062,"Longest Day, The","Longest Day, The (1962)",Action|Drama|War
3063,Poison Ivy,Poison Ivy (1992),Thriller
3064,Poison Ivy: New Seduction,Poison Ivy: New Seduction (1997),Thriller
3065,Ten Benny,Ten Benny (1997),Drama
3066,Tora! Tora! Tora!,Tora! Tora! Tora! (1970),War
3067,Women on the Verge of a Nervous Breakdown,Women on the Verge of a Nervous Breakdown (1988),Comedy|Drama
3068,"Verdict, The","Verdict, The (1982)",Drama
3069,"Effect of Gamma Rays on Man-in-the-Moon Marigolds, The","Effect of Gamma Rays on Man-in-the-Moon Marigolds, The (1972)",Drama
3070,"Adventures of Buckaroo Bonzai Across the 8th Dimension, The","Adventures of Buckaroo Bonzai Across the 8th Dimension, The (1984)",Adventure|Comedy|Sci-Fi
3071,Stand and Deliver,Stand and Deliver (1987),Drama
3072,Moonstruck,Moonstruck (1987),Comedy
3073,"Sandpiper, The","Sandpiper, The (1965)",Drama|Romance
3074,Jeremiah Johnson,Jeremiah Johnson (1972),Western
3075,Repulsion,Repulsion (1965),Thriller
3076,Irma la Douce,Irma la Douce (1963),Comedy
3077,42 Up,42 Up (1998),Documentary
3078,Liberty Heights,Liberty Heights (1999),Drama
3079,Mansfield Park,Mansfield Park (1999),Drama
3080,"Goodbye, 20th Century (Zbogum na dvadesetiot vek)","Goodbye, 20th Century (Zbogum na dvadesetiot vek) (1998)",Drama|Sci-Fi
3081,Sleepy Hollow,Sleepy Hollow (1999),Horror|Romance
3082,"World Is Not Enough, The","World Is Not Enough, The (1999)",Action|Thriller
3083,All About My Mother (Todo Sobre Mi Madre),All About My Mother (Todo Sobre Mi Madre) (1999),Comedy|Drama
3084,Home Page,Home Page (1999),Documentary
3085,"Living Dead Girl, The (La Morte Vivante)","Living Dead Girl, The (La Morte Vivante) (1982)",Horror
3086,March of the Wooden Soldiers (a.k.a. Laurel & Hardy in Toyland),March of the Wooden Soldiers (a.k.a. Laurel & Hardy in Toyland) (1934),Comedy
3087,Scrooged,Scrooged (1988),Comedy
3088,Harvey,Harvey (1950),Comedy
3089,"Bicycle Thief, The (Ladri di biciclette)","Bicycle Thief, The (Ladri di biciclette) (1948)",Drama
3090,Matewan,Matewan (1987),Drama
3091,Kagemusha,Kagemusha (1980),Drama|War
3092,Chushingura,Chushingura (1962),Drama
3093,McCabe & Mrs. Miller,McCabe & Mrs. Miller (1971),Drama|Western
3094,Maurice,Maurice (1987),Drama|Romance
3095,"Grapes of Wrath, The","Grapes of Wrath, The (1940)",Drama
3096,My Man Godfrey,My Man Godfrey (1957),Comedy
3097,"Shop Around the Corner, The","Shop Around the Corner, The (1940)",Comedy|Romance
3098,"Natural, The","Natural, The (1984)",Drama
3099,Shampoo,Shampoo (1975),Comedy|Romance
3100,"River Runs Through It, A","River Runs Through It, A (1992)",Drama
3101,Fatal Attraction,Fatal Attraction (1987),Thriller
3102,Jagged Edge,Jagged Edge (1985),Thriller
3103,Stanley & Iris,Stanley & Iris (1990),Drama|Romance
3104,Midnight Run,Midnight Run (1988),Action|Adventure|Comedy|Crime
3105,Awakenings,Awakenings (1990),Drama
3106,Come See the Paradise,Come See the Paradise (1990),Drama|Romance
3107,Backdraft,Backdraft (1991),Action|Drama
3108,"Fisher King, The","Fisher King, The (1991)",Comedy|Drama|Romance
3109,"River, The","River, The (1984)",Drama
3110,Country,Country (1984),Drama
3111,Places in the Heart,Places in the Heart (1984),Drama
3112,'Night Mother,'Night Mother (1986),Drama
3113,End of Days,End of Days (1999),Action|Thriller
3114,Toy Story 2,Toy Story 2 (1999),Animation|Children's|Comedy
3115,Flawless,Flawless (1999),Drama
3116,Miss Julie,Miss Julie (1999),Drama
3117,Ride with the Devil,Ride with the Devil (1999),Drama|Romance|War
3118,Tumbleweeds,Tumbleweeds (1999),Drama
3119,Bay of Blood (Reazione a catena),Bay of Blood (Reazione a catena) (1971),Horror
3120,"Distinguished Gentleman, The","Distinguished Gentleman, The (1992)",Comedy
3121,"Hitch-Hiker, The","Hitch-Hiker, The (1953)",Film-Noir
3122,Santa Fe Trail,Santa Fe Trail (1940),Drama|Romance|Western
3123,Spring Fever USA (a.k.a. Lauderdale),Spring Fever USA (a.k.a. Lauderdale) (1989),Comedy
3124,Agnes Browne,Agnes Browne (1999),Comedy|Drama
3125,"End of the Affair, The","End of the Affair, The (1999)",Drama
3126,"End of the Affair, The","End of the Affair, The (1955)",Drama
3127,Holy Smoke,Holy Smoke (1999),Drama
3128,"Map of the World, A","Map of the World, A (1999)",Drama
3129,Sweet and Lowdown,Sweet and Lowdown (1999),Comedy|Drama
3130,Bonfire of the Vanities,Bonfire of the Vanities (1990),Comedy
3131,Broadway Damage,Broadway Damage (1997),Comedy
3132,Daddy Long Legs,Daddy Long Legs (1919),Comedy
3133,Go West,Go West (1925),Comedy
3134,"Grand Illusion (Grande illusion, La)","Grand Illusion (Grande illusion, La) (1937)",Drama|War
3135,"Great Santini, The","Great Santini, The (1979)",Drama
3136,"James Dean Story, The","James Dean Story, The (1957)",Documentary
3137,"Sea Wolves, The","Sea Wolves, The (1980)",Action|War
3138,Stealing Home,Stealing Home (1988),Drama
3139,Tarzan the Fearless,Tarzan the Fearless (1933),Action|Adventure
3140,"Three Ages, The","Three Ages, The (1923)",Comedy
3141,"Two Jakes, The","Two Jakes, The (1990)",Drama
3142,U2: Rattle and Hum,U2: Rattle and Hum (1988),Documentary|Musical
3143,Hell in the Pacific,Hell in the Pacific (1968),Drama|War
3144,"Glass Bottom Boat, The","Glass Bottom Boat, The (1966)",Comedy|Romance
3145,"Cradle Will Rock, The","Cradle Will Rock, The (1999)",Drama
3146,Deuce Bigalow: Male Gigolo,Deuce Bigalow: Male Gigolo (1999),Comedy
3147,"Green Mile, The","Green Mile, The (1999)",Drama|Thriller
3148,"Cider House Rules, The","Cider House Rules, The (1999)",Drama
3149,Diamonds,Diamonds (1999),Mystery
3150,"War Zone, The","War Zone, The (1999)",Drama
3151,"Bat Whispers, The","Bat Whispers, The (1930)",Crime|Drama|Mystery
3152,"Last Picture Show, The","Last Picture Show, The (1971)",Drama
3153,"7th Voyage of Sinbad, The","7th Voyage of Sinbad, The (1958)",Action|Adventure|Fantasy
3154,Blood on the Sun,Blood on the Sun (1945),Drama|War
3155,Anna and the King,Anna and the King (1999),Drama|Romance
3156,Bicentennial Man,Bicentennial Man (1999),Comedy|Drama|Sci-Fi
3157,Stuart Little,Stuart Little (1999),Children's|Comedy
3158,"Emperor and the Assassin, The (Jing ke ci qin wang)","Emperor and the Assassin, The (Jing ke ci qin wang) (1999)",Drama
3159,Fantasia 2000,Fantasia 2000 (1999),Animation|Children's|Musical
3160,Magnolia,Magnolia (1999),Drama
3161,Onegin,Onegin (1999),Drama
3162,Simpatico,Simpatico (1999),Comedy|Drama
3163,Topsy-Turvy,Topsy-Turvy (1999),Drama
3164,"Alley Cats, The","Alley Cats, The (1968)",Drama
3165,Boiling Point,Boiling Point (1993),Action|Drama
3166,Brenda Starr,Brenda Starr (1989),Adventure
3167,Carnal Knowledge,Carnal Knowledge (1971),Drama
3168,Easy Rider,Easy Rider (1969),Adventure|Drama
3169,"Falcon and the Snowman, The","Falcon and the Snowman, The (1984)",Drama
3170,Hi-Yo Silver,Hi-Yo Silver (1940),Western
3171,Room at the Top,Room at the Top (1959),Drama
3172,Ulysses (Ulisse),Ulysses (Ulisse) (1954),Adventure
3173,Any Given Sunday,Any Given Sunday (1999),Drama
3174,Man on the Moon,Man on the Moon (1999),Comedy|Drama
3175,Galaxy Quest,Galaxy Quest (1999),Adventure|Comedy|Sci-Fi
3176,"Talented Mr. Ripley, The","Talented Mr. Ripley, The (1999)",Drama|Mystery|Thriller
3177,Next Friday,Next Friday (1999),Comedy
3178,"Hurricane, The","Hurricane, The (1999)",Drama
3179,Angela's Ashes,Angela's Ashes (1999),Drama
3180,Play it to the Bone,Play it to the Bone (1999),Comedy|Drama
3181,Titus,Titus (1999),Drama
3182,Mr. Death: The Rise and Fall of Fred A. Leuchter Jr.,Mr. Death: The Rise and Fall of Fred A. Leuchter Jr. (1999),Documentary
3183,"Third Miracle, The","Third Miracle, The (1999)",Drama
3184,Montana,Montana (1998),Action|Comedy|Crime|Drama
3185,Snow Falling on Cedars,Snow Falling on Cedars (1999),Drama
3186,"Girl, Interrupted","Girl, Interrupted (1999)",Drama
3187,Trans,Trans (1998),Drama
3188,"Life and Times of Hank Greenberg, The","Life and Times of Hank Greenberg, The (1998)",Documentary
3189,My Dog Skip,My Dog Skip (1999),Comedy
3190,Supernova,Supernova (2000),Adventure|Sci-Fi
3191,"Quarry, The","Quarry, The (1998)",Drama
3192,"Terrorist, The (Malli)","Terrorist, The (Malli) (1998)",Drama
3193,Creature,Creature (1999),Documentary
3194,"Way We Were, The","Way We Were, The (1973)",Drama
3195,Tess of the Storm Country,Tess of the Storm Country (1922),Drama
3196,Stalag 17,Stalag 17 (1953),Drama|War
3197,"Presidio, The","Presidio, The (1988)",Action
3198,Papillon,Papillon (1973),Drama
3199,Pal Joey,Pal Joey (1957),Comedy|Musical|Romance
3200,"Last Detail, The","Last Detail, The (1973)",Comedy|Drama
3201,Five Easy Pieces,Five Easy Pieces (1970),Drama
3202,Even Dwarfs Started Small (Auch Zwerge haben klein angefangen),Even Dwarfs Started Small (Auch Zwerge haben klein angefangen) (1971),Drama
3203,Dead Calm,Dead Calm (1989),Thriller
3204,"Boys from Brazil, The","Boys from Brazil, The (1978)",Thriller
3205,Black Sunday (La Maschera Del Demonio),Black Sunday (La Maschera Del Demonio) (1960),Horror
3206,Against All Odds,Against All Odds (1984),Romance
3207,"Snows of Kilimanjaro, The","Snows of Kilimanjaro, The (1952)",Adventure
3208,Loaded Weapon 1,Loaded Weapon 1 (1993),Action|Comedy
3209,"Loves of Carmen, The","Loves of Carmen, The (1948)",Drama
3210,Fast Times at Ridgemont High,Fast Times at Ridgemont High (1982),Comedy
3211,"Cry in the Dark, A","Cry in the Dark, A (1988)",Drama
3212,Born to Win,Born to Win (1971),Drama
3213,Batman: Mask of the Phantasm,Batman: Mask of the Phantasm (1993),Animation|Children's
3214,American Flyers,American Flyers (1985),Drama
3215,Voyage of the Damned,Voyage of the Damned (1976),Drama
3216,Vampyros Lesbos (Las Vampiras),Vampyros Lesbos (Las Vampiras) (1970),Horror
3217,"Star Is Born, A","Star Is Born, A (1937)",Drama
3218,Poison,Poison (1991),Drama
3219,Pacific Heights,Pacific Heights (1990),Thriller
3220,Night Tide,Night Tide (1961),Drama
3221,"Draughtsman's Contract, The","Draughtsman's Contract, The (1982)",Drama
3222,Carmen,Carmen (1984),Drama
3223,"Zed & Two Noughts, A","Zed & Two Noughts, A (1985)",Drama
3224,Woman in the Dunes (Suna no onna),Woman in the Dunes (Suna no onna) (1964),Drama
3225,Down to You,Down to You (2000),Comedy|Romance
3226,Hellhounds on My Trail,Hellhounds on My Trail (1999),Documentary
3227,"Not Love, Just Frenzy (Ms que amor, frenes)","Not Love, Just Frenzy (Ms que amor, frenes) (1996)",Comedy|Drama|Thriller
3228,Wirey Spindell,Wirey Spindell (1999),Comedy
3229,Another Man's Poison,Another Man's Poison (1952),Crime|Drama
3230,"Odessa File, The","Odessa File, The (1974)",Thriller
3231,"Saphead, The","Saphead, The (1920)",Comedy
3232,Seven Chances,Seven Chances (1925),Comedy
3233,Smashing Time,Smashing Time (1967),Comedy
3234,Train Ride to Hollywood,Train Ride to Hollywood (1978),Comedy
3235,Where the Buffalo Roam,Where the Buffalo Roam (1980),Comedy
3236,Zachariah,Zachariah (1971),Western
3237,Kestrel's Eye (Falkens ga),Kestrel's Eye (Falkens ga) (1998),Documentary
3238,Eye of the Beholder,Eye of the Beholder (1999),Thriller
3239,Isn't She Great?,Isn't She Great? (2000),Comedy
3240,"Big Tease, The","Big Tease, The (1999)",Comedy
3241,"Cup, The (Phrpa)","Cup, The (Phrpa) (1999)",Comedy
3242,Santitos,Santitos (1997),Comedy
3243,Encino Man,Encino Man (1992),Comedy
3244,"Goodbye Girl, The","Goodbye Girl, The (1977)",Comedy|Romance
3245,I Am Cuba (Soy Cuba/Ya Kuba),I Am Cuba (Soy Cuba/Ya Kuba) (1964),Drama
3246,Malcolm X,Malcolm X (1992),Drama
3247,Sister Act,Sister Act (1992),Comedy|Crime
3248,Sister Act 2: Back in the Habit,Sister Act 2: Back in the Habit (1993),Comedy
3249,"Hand That Rocks the Cradle, The","Hand That Rocks the Cradle, The (1992)",Thriller
3250,Alive,Alive (1993),Drama
3251,Agnes of God,Agnes of God (1985),Drama|Mystery
3252,Scent of a Woman,Scent of a Woman (1992),Drama
3253,Wayne's World,Wayne's World (1992),Comedy
3254,Wayne's World 2,Wayne's World 2 (1993),Comedy
3255,"League of Their Own, A","League of Their Own, A (1992)",Comedy|Drama
3256,Patriot Games,Patriot Games (1992),Action|Thriller
3257,"Bodyguard, The","Bodyguard, The (1992)",Action|Drama|Romance|Thriller
3258,Death Becomes Her,Death Becomes Her (1992),Comedy
3259,Far and Away,Far and Away (1992),Drama|Romance
3260,Howards End,Howards End (1992),Drama
3261,Singles,Singles (1992),Comedy|Drama|Romance
3262,Twin Peaks: Fire Walk with Me,Twin Peaks: Fire Walk with Me (1992),Drama|Mystery
3263,White Men Can't Jump,White Men Can't Jump (1992),Comedy
3264,Buffy the Vampire Slayer,Buffy the Vampire Slayer (1992),Comedy|Horror
3265,Hard-Boiled (Lashou shentan),Hard-Boiled (Lashou shentan) (1992),Action|Crime
3266,Man Bites Dog (C'est arriv prs de chez vous),Man Bites Dog (C'est arriv prs de chez vous) (1992),Action|Comedy|Crime|Drama
3267,"Mariachi, El","Mariachi, El (1992)",Action|Thriller
3268,Stop! Or My Mom Will Shoot,Stop! Or My Mom Will Shoot (1992),Action|Comedy
3269,Forever Young,Forever Young (1992),Adventure|Romance|Sci-Fi
3270,"Cutting Edge, The","Cutting Edge, The (1992)",Drama
3271,Of Mice and Men,Of Mice and Men (1992),Drama
3272,Bad Lieutenant,Bad Lieutenant (1992),Crime|Drama
3273,Scream 3,Scream 3 (2000),Horror|Mystery|Thriller
3274,Single White Female,Single White Female (1992),Action
3275,"Boondock Saints, The","Boondock Saints, The (1999)",Action|Comedy
3276,Gun Shy,Gun Shy (2000),Comedy
3277,Beloved/Friend (Amigo/Amado),Beloved/Friend (Amigo/Amado) (1999),Drama
3278,Gendernauts,Gendernauts (1999),Documentary
3279,Knockout,Knockout (1999),Action|Adventure
3280,"Baby, The","Baby, The (1973)",Horror
3281,"Brandon Teena Story, The","Brandon Teena Story, The (1998)",Documentary
3282,Different for Girls,Different for Girls (1996),Comedy
3283,Minnie and Moskowitz,Minnie and Moskowitz (1971),Action
3284,They Might Be Giants,They Might Be Giants (1971),Comedy|Romance
3285,"Beach, The","Beach, The (2000)",Adventure|Drama
3286,Snow Day,Snow Day (2000),Comedy
3287,"Tigger Movie, The","Tigger Movie, The (2000)",Animation|Children's
3288,Cotton Mary,Cotton Mary (1999),Drama
3289,Not One Less (Yi ge dou bu neng shao),Not One Less (Yi ge dou bu neng shao) (1999),Drama
3290,Soft Toilet Seats,Soft Toilet Seats (1999),Comedy
3291,Trois,Trois (2000),Thriller
3292,"Big Combo, The","Big Combo, The (1955)",Film-Noir
3293,Conceiving Ada,Conceiving Ada (1997),Drama|Sci-Fi
3294,Eaten Alive,Eaten Alive (1976),Horror
3295,Raining Stones,Raining Stones (1993),Drama
3296,To Sir with Love,To Sir with Love (1967),Drama
3297,With Byrd at the South Pole,With Byrd at the South Pole (1930),Documentary
3298,Boiler Room,Boiler Room (2000),Drama
3299,Hanging Up,Hanging Up (2000),Comedy|Drama
3300,Pitch Black,Pitch Black (2000),Action|Sci-Fi
3301,"Whole Nine Yards, The","Whole Nine Yards, The (2000)",Comedy|Crime
3302,Beautiful People,Beautiful People (1999),Comedy
3303,Black Tar Heroin: The Dark End of the Street,Black Tar Heroin: The Dark End of the Street (1999),Documentary
3304,Blue Collar,Blue Collar (1978),Crime|Drama
3305,Bluebeard,Bluebeard (1944),Film-Noir|Horror
3306,"Circus, The","Circus, The (1928)",Comedy
3307,City Lights,City Lights (1931),Comedy|Drama|Romance
3308,"Flamingo Kid, The","Flamingo Kid, The (1984)",Comedy|Drama
3309,"Dog's Life, A","Dog's Life, A (1920)",Comedy
3310,"Kid, The","Kid, The (1921)",Action
3311,"Man from Laramie, The","Man from Laramie, The (1955)",Western
3312,"McCullochs, The","McCullochs, The (1975)",Drama
3313,Class Reunion,Class Reunion (1982),Comedy
3314,"Big Trees, The","Big Trees, The (1952)",Action|Drama
3315,Happy Go Lovely,Happy Go Lovely (1951),Musical
3316,Reindeer Games,Reindeer Games (2000),Action|Thriller
3317,Wonder Boys,Wonder Boys (2000),Comedy|Drama
3318,Deterrence,Deterrence (1998),Thriller
3319,Judy Berlin,Judy Berlin (1999),Drama
3320,Mifune (Mifunes sidste sang),Mifune (Mifunes sidste sang) (1999),Comedy|Romance
3321,"Waiting Game, The","Waiting Game, The (2000)",Comedy
3322,3 Strikes,3 Strikes (2000),Comedy
3323,Chain of Fools,Chain of Fools (2000),Comedy|Crime
3324,Drowning Mona,Drowning Mona (2000),Comedy
3325,"Next Best Thing, The","Next Best Thing, The (2000)",Comedy|Drama
3326,What Planet Are You From?,What Planet Are You From? (2000),Comedy|Sci-Fi
3327,Beyond the Mat,Beyond the Mat (2000),Documentary
3328,Ghost Dog: The Way of the Samurai,Ghost Dog: The Way of the Samurai (1999),Crime|Drama
3329,"Year My Voice Broke, The","Year My Voice Broke, The (1987)",Drama
3330,Splendor in the Grass,Splendor in the Grass (1961),Drama
3331,My Tutor,My Tutor (1983),Drama
3332,"Legend of Lobo, The","Legend of Lobo, The (1962)",Adventure|Children's
3333,"Killing of Sister George, The","Killing of Sister George, The (1968)",Drama
3334,Key Largo,Key Largo (1948),Crime|Drama|Film-Noir|Thriller
3335,Jail Bait,Jail Bait (1954),Crime|Drama
3336,It Happened Here,It Happened Here (1961),Drama
3337,I'll Never Forget What's 'is Name,I'll Never Forget What's 'is Name (1967),Comedy|Drama
3338,For All Mankind,For All Mankind (1989),Documentary
3339,Cross of Iron,Cross of Iron (1977),War
3340,Bride of the Monster,Bride of the Monster (1956),Horror|Sci-Fi
3341,Born Yesterday,Born Yesterday (1950),Comedy
3342,Birdy,Birdy (1984),Drama|War
3343,And God Created Woman,And God Created Woman (1988),Comedy|Drama|Romance
3344,Blood Feast,Blood Feast (1963),Horror
3345,"Charlie, the Lonesome Cougar","Charlie, the Lonesome Cougar (1967)",Adventure|Children's
3346,Color Me Blood Red,Color Me Blood Red (1965),Horror
3347,Never Cry Wolf,Never Cry Wolf (1983),Drama
3348,"Night Visitor, The","Night Visitor, The (1970)",Crime|Thriller
3349,"Perils of Pauline, The","Perils of Pauline, The (1947)",Comedy
3350,"Raisin in the Sun, A","Raisin in the Sun, A (1961)",Drama
3351,Two Thousand Maniacs!,Two Thousand Maniacs! (1964),Horror
3352,Brown's Requiem,Brown's Requiem (1998),Drama
3353,"Closer You Get, The","Closer You Get, The (2000)",Comedy|Romance
3354,Mission to Mars,Mission to Mars (2000),Sci-Fi
3355,"Ninth Gate, The","Ninth Gate, The (2000)",Thriller
3356,Condo Painting,Condo Painting (2000),Documentary
3357,East-West (Est-ouest),East-West (Est-ouest) (1999),Drama|Romance
3358,Defending Your Life,Defending Your Life (1991),Comedy|Romance
3359,Breaking Away,Breaking Away (1979),Drama
3360,Hoosiers,Hoosiers (1986),Drama
3361,Bull Durham,Bull Durham (1988),Comedy
3362,Dog Day Afternoon,Dog Day Afternoon (1975),Comedy|Crime|Drama
3363,American Graffiti,American Graffiti (1973),Comedy|Drama
3364,"Asphalt Jungle, The","Asphalt Jungle, The (1950)",Crime|Film-Noir
3365,"Searchers, The","Searchers, The (1956)",Western
3366,Where Eagles Dare,Where Eagles Dare (1969),Action|Adventure|War
3367,"Devil's Brigade, The","Devil's Brigade, The (1968)",War
3368,"Big Country, The","Big Country, The (1958)",Romance|Western
3369,Any Number Can Win (Mlodie en sous-sol ),Any Number Can Win (Mlodie en sous-sol ) (1963),Crime
3370,Betrayed,Betrayed (1988),Drama|Thriller
3371,Bound for Glory,Bound for Glory (1976),Drama
3372,"Bridge at Remagen, The","Bridge at Remagen, The (1969)",Action|War
3373,Buck and the Preacher,Buck and the Preacher (1972),Western
3374,Daughters of the Dust,Daughters of the Dust (1992),Drama
3375,Destination Moon,Destination Moon (1950),Sci-Fi
3376,"Fantastic Night, The (La Nuit Fantastique)","Fantastic Night, The (La Nuit Fantastique) (1949)",Romance
3377,Hangmen Also Die,Hangmen Also Die (1943),Drama|War
3378,"Ogre, The (Der Unhold)","Ogre, The (Der Unhold) (1996)",Drama
3379,On the Beach,On the Beach (1959),Drama
3380,Railroaded!,Railroaded! (1947),Film-Noir
3381,Slaves to the Underground,Slaves to the Underground (1997),Comedy|Drama
3382,Song of Freedom,Song of Freedom (1936),Drama
3383,Big Fella,Big Fella (1937),Drama|Musical
3384,"Taking of Pelham One Two Three, The","Taking of Pelham One Two Three, The (1974)",Action
3385,Volunteers,Volunteers (1985),Comedy
3386,JFK,JFK (1991),Drama|Mystery
3387,Who's Harry Crumb?,Who's Harry Crumb? (1989),Comedy
3388,Harry and the Hendersons,Harry and the Hendersons (1987),Comedy
3389,Let's Get Harry,Let's Get Harry (1986),Action|Adventure
3390,Shanghai Surprise,Shanghai Surprise (1986),Adventure
3391,Who's That Girl?,Who's That Girl? (1987),Comedy
3392,She-Devil,She-Devil (1989),Comedy
3393,Date with an Angel,Date with an Angel (1987),Comedy|Fantasy
3394,Blind Date,Blind Date (1987),Comedy|Romance
3395,Nadine,Nadine (1987),Comedy
3396,"Muppet Movie, The","Muppet Movie, The (1979)",Children's|Comedy
3397,"Great Muppet Caper, The","Great Muppet Caper, The (1981)",Children's|Comedy
3398,"Muppets Take Manhattan, The","Muppets Take Manhattan, The (1984)",Children's|Comedy
3399,Sesame Street Presents Follow That Bird,Sesame Street Presents Follow That Bird (1985),Children's|Comedy
3400,We're Back! A Dinosaur's Story,We're Back! A Dinosaur's Story (1993),Animation|Children's
3401,Baby... Secret of the Lost Legend,Baby... Secret of the Lost Legend (1985),Adventure|Sci-Fi
3402,Turtle Diary,Turtle Diary (1985),Drama
3403,Raise the Titanic,Raise the Titanic (1980),Drama|Thriller
3404,Titanic,Titanic (1953),Action|Drama
3405,"Night to Remember, A","Night to Remember, A (1958)",Action|Drama
3406,Captain Horatio Hornblower,Captain Horatio Hornblower (1951),Action|Adventure|War
3407,"Carriers Are Waiting, The (Les Convoyeurs Attendent)","Carriers Are Waiting, The (Les Convoyeurs Attendent) (1999)",Comedy|Drama
3408,Erin Brockovich,Erin Brockovich (2000),Drama
3409,Final Destination,Final Destination (2000),Drama|Thriller
3410,Soft Fruit,Soft Fruit (1999),Comedy|Drama
3411,Babymother,Babymother (1998),Drama
3412,"Bear, The","Bear, The (1988)",Adventure
3413,Impact,Impact (1949),Crime|Drama
3414,Love Is a Many-Splendored Thing,Love Is a Many-Splendored Thing (1955),Romance
3415,"Mirror, The (Zerkalo)","Mirror, The (Zerkalo) (1975)",Drama
3416,"Trial, The (Le Procs)","Trial, The (Le Procs) (1963)",Drama
3417,"Crimson Pirate, The","Crimson Pirate, The (1952)",Adventure|Comedy|Sci-Fi
3418,Thelma & Louise,Thelma & Louise (1991),Action|Drama
3419,Something for Everyone,Something for Everyone (1970),Comedy|Crime
3420,...And Justice for All,...And Justice for All (1979),Drama|Thriller
3421,Animal House,Animal House (1978),Comedy
3422,She's Gotta Have It,She's Gotta Have It (1986),Comedy|Romance
3423,School Daze,School Daze (1988),Drama
3424,Do the Right Thing,Do the Right Thing (1989),Comedy|Drama
3425,Mo' Better Blues,Mo' Better Blues (1990),Drama
3426,Jungle Fever,Jungle Fever (1991),Drama|Romance
3427,Coogan's Bluff,Coogan's Bluff (1968),Crime
3428,"Champ, The","Champ, The (1979)",Drama
3429,Creature Comforts,Creature Comforts (1990),Animation|Comedy
3430,Death Wish,Death Wish (1974),Action|Drama
3431,Death Wish II,Death Wish II (1982),Action|Drama
3432,Death Wish 3,Death Wish 3 (1985),Action|Drama
3433,Death Wish 4: The Crackdown,Death Wish 4: The Crackdown (1987),Action|Drama
3434,Death Wish V: The Face of Death,Death Wish V: The Face of Death (1994),Action|Drama
3435,Double Indemnity,Double Indemnity (1944),Crime|Film-Noir
3436,Dying Young,Dying Young (1991),Drama|Romance
3437,Cool as Ice,Cool as Ice (1991),Drama
3438,Teenage Mutant Ninja Turtles,Teenage Mutant Ninja Turtles (1990),Action|Children's|Fantasy
3439,Teenage Mutant Ninja Turtles II: The Secret of the Ooze,Teenage Mutant Ninja Turtles II: The Secret of the Ooze (1991),Action|Children's|Fantasy
3440,Teenage Mutant Ninja Turtles III,Teenage Mutant Ninja Turtles III (1993),Action|Children's|Fantasy
3441,Red Dawn,Red Dawn (1984),Action|War
3442,Band of the Hand,Band of the Hand (1986),Action
3443,Born American,Born American (1986),Action|Drama|Thriller
3444,Bloodsport,Bloodsport (1988),Action
3445,Eyes of Laura Mars,Eyes of Laura Mars (1978),Mystery|Thriller
3446,Funny Bones,Funny Bones (1995),Comedy
3447,"Good Earth, The","Good Earth, The (1937)",Drama
3448,"Good Morning, Vietnam","Good Morning, Vietnam (1987)",Comedy|Drama|War
3449,"Good Mother, The","Good Mother, The (1988)",Drama
3450,Grumpy Old Men,Grumpy Old Men (1993),Comedy
3451,Guess Who's Coming to Dinner,Guess Who's Coming to Dinner (1967),Comedy|Drama
3452,Romeo Must Die,Romeo Must Die (2000),Action|Romance
3453,Here on Earth,Here on Earth (2000),Drama|Romance
3454,Whatever It Takes,Whatever It Takes (2000),Comedy|Romance
3455,Buddy Boy,Buddy Boy (1999),Drama|Thriller
3456,"Color of Paradise, The (Rang-e Khoda)","Color of Paradise, The (Rang-e Khoda) (1999)",Drama
3457,Waking the Dead,Waking the Dead (1999),Drama
3458,Blood and Sand (Sangre y Arena),Blood and Sand (Sangre y Arena) (1989),Drama|Romance
3459,Gothic,Gothic (1986),Drama|Horror
3460,Hillbillys in a Haunted House,Hillbillys in a Haunted House (1967),Comedy
3461,Lord of the Flies,Lord of the Flies (1963),Adventure|Drama|Thriller
3462,Modern Times,Modern Times (1936),Comedy
3463,Last Resort,Last Resort (1994),Comedy
3464,Solar Crisis,Solar Crisis (1993),Sci-Fi|Thriller
3465,That's Life!,That's Life! (1986),Drama
3466,Heart and Souls,Heart and Souls (1993),Comedy|Fantasy
3467,Hud,Hud (1963),Drama|Western
3468,"Hustler, The","Hustler, The (1961)",Drama
3469,Inherit the Wind,Inherit the Wind (1960),Drama
3470,Dersu Uzala,Dersu Uzala (1974),Adventure|Drama
3471,Close Encounters of the Third Kind,Close Encounters of the Third Kind (1977),Drama|Sci-Fi
3472,Horror Hotel (a.k.a. The City of the Dead),Horror Hotel (a.k.a. The City of the Dead) (1960),Horror
3473,Jonah Who Will Be 25 in the Year 2000,Jonah Who Will Be 25 in the Year 2000 (1976),Comedy
3474,Retroactive,Retroactive (1997),Sci-Fi|Thriller
3475,"Place in the Sun, A","Place in the Sun, A (1951)",Drama|Romance
3476,Jacob's Ladder,Jacob's Ladder (1990),Horror|Mystery|Thriller
3477,Empire Records,Empire Records (1995),Comedy|Drama
3478,"Bamba, La","Bamba, La (1987)",Drama
3479,Ladyhawke,Ladyhawke (1985),Adventure|Fantasy|Romance
3480,Lucas,Lucas (1986),Drama
3481,High Fidelity,High Fidelity (2000),Comedy
3482,Price of Glory,Price of Glory (2000),Drama
3483,"Road to El Dorado, The","Road to El Dorado, The (2000)",Animation|Children's
3484,"Skulls, The","Skulls, The (2000)",Thriller
3485,Autopsy (Macchie Solari),Autopsy (Macchie Solari) (1975),Horror
3486,Devil Girl From Mars,Devil Girl From Mars (1954),Sci-Fi
3487,"Dorado, El","Dorado, El (1967)",Western
3488,"Hideous Sun Demon, The","Hideous Sun Demon, The (1959)",Horror|Sci-Fi
3489,Hook,Hook (1991),Adventure|Fantasy
3490,Horror Express,Horror Express (1972),Horror
3491,My Chauffeur,My Chauffeur (1986),Comedy
3492,"Son of the Sheik, The","Son of the Sheik, The (1926)",Adventure
3493,Torso (Corpi Presentano Tracce di Violenza Carnale),Torso (Corpi Presentano Tracce di Violenza Carnale) (1973),Horror
3494,True Grit,True Grit (1969),Adventure|Western
3495,Roadside Prophets,Roadside Prophets (1992),Comedy|Drama
3496,Madame Sousatzka,Madame Sousatzka (1988),Drama
3497,Max Dugan Returns,Max Dugan Returns (1983),Comedy
3498,Midnight Express,Midnight Express (1978),Drama
3499,Misery,Misery (1990),Horror
3500,Mr. Saturday Night,Mr. Saturday Night (1992),Comedy|Drama
3501,Murphy's Romance,Murphy's Romance (1985),Comedy|Romance
3502,My Life,My Life (1993),Drama
3503,Solaris (Solyaris),Solaris (Solyaris) (1972),Drama|Sci-Fi
3504,Network,Network (1976),Comedy|Drama
3505,No Way Out,No Way Out (1987),Thriller
3506,North Dallas Forty,North Dallas Forty (1979),Comedy|Drama
3507,"Odd Couple, The","Odd Couple, The (1968)",Comedy
3508,"Outlaw Josey Wales, The","Outlaw Josey Wales, The (1976)",Western
3509,Black and White,Black and White (1999),Drama
3510,Frequency,Frequency (2000),Drama|Thriller
3511,Ready to Rumble,Ready to Rumble (2000),Comedy
3512,Return to Me,Return to Me (2000),Drama|Romance
3513,Rules of Engagement,Rules of Engagement (2000),Drama|Thriller
3514,Joe Gould's Secret,Joe Gould's Secret (2000),Drama
3515,Me Myself I,Me Myself I (2000),Comedy
3516,"Bell, Book and Candle","Bell, Book and Candle (1958)",Comedy|Romance
3517,"Bells, The","Bells, The (1926)",Crime|Drama
3518,"End of Violence, The","End of Violence, The (1997)",Drama|Thriller
3519,Force 10 from Navarone,Force 10 from Navarone (1978),Action|War
3520,How to Stuff a Wild Bikini,How to Stuff a Wild Bikini (1965),Comedy
3521,Mystery Train,Mystery Train (1989),Comedy|Crime|Drama
3522,Sacco and Vanzetti (Sacco e Vanzetti),Sacco and Vanzetti (Sacco e Vanzetti) (1971),Drama
3523,Taffin,Taffin (1988),Action|Thriller
3524,Arthur,Arthur (1981),Comedy|Romance
3525,Bachelor Party,Bachelor Party (1984),Comedy
3526,Parenthood,Parenthood (1989),Comedy|Drama
3527,Predator,Predator (1987),Action|Sci-Fi|Thriller
3528,"Prince of Tides, The","Prince of Tides, The (1991)",Drama|Romance
3529,"Postman Always Rings Twice, The","Postman Always Rings Twice, The (1981)",Crime|Thriller
3530,Smoking/No Smoking,Smoking/No Smoking (1993),Comedy
3531,All the Vermeers in New York,All the Vermeers in New York (1990),Comedy|Drama|Romance
3532,Freedom for Us ( nous la libert ),Freedom for Us ( nous la libert ) (1931),Comedy
3533,"Actor's Revenge, An (Yukinojo Henge)","Actor's Revenge, An (Yukinojo Henge) (1963)",Drama
3534,28 Days,28 Days (2000),Comedy
3535,American Psycho,American Psycho (2000),Comedy|Horror|Thriller
3536,Keeping the Faith,Keeping the Faith (2000),Comedy|Romance
3537,Where the Money Is,Where the Money Is (2000),Comedy|Drama
3538,East is East,East is East (1999),Comedy
3539,"Filth and the Fury, The","Filth and the Fury, The (2000)",Documentary
3540,Passion of Mind,Passion of Mind (1999),Romance|Thriller
3541,Third World Cop,Third World Cop (1999),Action
3542,Coming Apart,Coming Apart (1969),Drama
3543,Diner,Diner (1982),Comedy|Drama
3544,Shakes the Clown,Shakes the Clown (1991),Comedy
3545,Cabaret,Cabaret (1972),Musical|War
3546,What Ever Happened to Baby Jane?,What Ever Happened to Baby Jane? (1962),Drama|Thriller
3547,Prick Up Your Ears,Prick Up Your Ears (1987),Drama
3548,Auntie Mame,Auntie Mame (1958),Comedy|Drama
3549,Guys and Dolls,Guys and Dolls (1955),Musical
3550,"Hunger, The","Hunger, The (1983)",Horror
3551,Marathon Man,Marathon Man (1976),Thriller
3552,Caddyshack,Caddyshack (1980),Comedy
3553,Gossip,Gossip (2000),Drama|Thriller
3554,Love and Basketball,Love and Basketball (2000),Drama|Romance
3555,U-571,U-571 (2000),Action|Thriller
3556,"Virgin Suicides, The","Virgin Suicides, The (1999)",Comedy|Drama
3557,Jennifer 8,Jennifer 8 (1992),Thriller
3558,"Law, The (Le Legge)","Law, The (Le Legge) (1958)",Drama
3559,Limelight,Limelight (1952),Drama
3560,Phantom Love (Ai No Borei),Phantom Love (Ai No Borei) (1978),Drama
3561,Stacy's Knights,Stacy's Knights (1982),Drama
3562,Committed,Committed (2000),Comedy|Drama
3563,"Crow: Salvation, The","Crow: Salvation, The (2000)",Action|Horror
3564,"Flintstones in Viva Rock Vegas, The","Flintstones in Viva Rock Vegas, The (2000)",Children's|Comedy
3565,Where the Heart Is,Where the Heart Is (2000),Comedy|Drama
3566,"Big Kahuna, The","Big Kahuna, The (2000)",Comedy|Drama
3567,Bossa Nova,Bossa Nova (1999),Comedy
3568,Smiling Fish and Goat on Fire,Smiling Fish and Goat on Fire (1999),Drama
3569,"Idiots, The (Idioterne)","Idiots, The (Idioterne) (1998)",Comedy|Drama
3570,"Last September, The","Last September, The (1999)",Drama
3571,Time Code,Time Code (2000),Drama
3572,Carnosaur,Carnosaur (1993),Horror|Sci-Fi
3573,Carnosaur 2,Carnosaur 2 (1995),Horror|Sci-Fi
3574,Carnosaur 3: Primal Species,Carnosaur 3: Primal Species (1996),Horror|Sci-Fi
3575,Defying Gravity,Defying Gravity (1997),Drama
3576,"Hidden, The","Hidden, The (1987)",Action|Horror|Sci-Fi
3577,Two Moon Juction,Two Moon Juction (1988),Drama
3578,Gladiator,Gladiator (2000),Action|Drama
3579,I Dreamed of Africa,I Dreamed of Africa (2000),Drama
3580,Up at the Villa,Up at the Villa (2000),Drama
3581,Human Traffic,Human Traffic (1999),Drama
3582,"Jails, Hospitals & Hip-Hop","Jails, Hospitals & Hip-Hop (2000)",Drama
3583,Black Tights (Les Collants Noirs),Black Tights (Les Collants Noirs) (1960),Drama
3584,Breathless,Breathless (1983),Action|Drama|Romance|Thriller
3585,"Great Locomotive Chase, The","Great Locomotive Chase, The (1956)",Adventure|War
3586,"Idolmaker, The","Idolmaker, The (1980)",Drama
3587,Inferno,Inferno (1980),Horror
3588,"King of Marvin Gardens, The","King of Marvin Gardens, The (1972)",Crime|Drama
3589,"Kill, Baby... Kill! (Operazione Paura)","Kill, Baby... Kill! (Operazione Paura) (1966)",Horror
3590,"Lords of Flatbush, The","Lords of Flatbush, The (1974)",Comedy
3591,Mr. Mom,Mr. Mom (1983),Comedy|Drama
3592,Time Masters (Les Matres du Temps),Time Masters (Les Matres du Temps) (1982),Animation|Sci-Fi
3593,Battlefield Earth,Battlefield Earth (2000),Action|Sci-Fi
3594,Center Stage,Center Stage (2000),Drama
3595,Held Up,Held Up (2000),Comedy
3596,Screwed,Screwed (2000),Comedy
3597,Whipped,Whipped (2000),Comedy
3598,Hamlet,Hamlet (2000),Drama
3599,Anchors Aweigh,Anchors Aweigh (1945),Comedy|Musical
3600,Blue Hawaii,Blue Hawaii (1961),Comedy|Musical
3601,"Castaway Cowboy, The","Castaway Cowboy, The (1974)",Comedy|Western
3602,G. I. Blues,G. I. Blues (1960),Musical
3603,"Gay Deceivers, The","Gay Deceivers, The (1969)",Comedy
3604,Gypsy,Gypsy (1962),Musical
3605,King Creole,King Creole (1958),Drama|Musical
3606,On the Town,On the Town (1949),Musical
3607,One Little Indian,One Little Indian (1973),Comedy|Drama|Western
3608,Pee-wee's Big Adventure,Pee-wee's Big Adventure (1985),Comedy
3609,Regret to Inform,Regret to Inform (1998),Documentary
3610,Roustabout,Roustabout (1964),Musical
3611,Saludos Amigos,Saludos Amigos (1943),Animation|Children's|Comedy
3612,"Slipper and the Rose, The","Slipper and the Rose, The (1976)",Adventure|Musical|Romance
3613,Things Change,Things Change (1988),Comedy
3614,Honeymoon in Vegas,Honeymoon in Vegas (1992),Comedy|Romance
3615,Dinosaur,Dinosaur (2000),Animation|Children's
3616,Loser,Loser (2000),Comedy|Romance
3617,Road Trip,Road Trip (2000),Comedy
3618,Small Time Crooks,Small Time Crooks (2000),Comedy
3619,"Hollywood Knights, The","Hollywood Knights, The (1980)",Comedy
3620,"Myth of Fingerprints, The","Myth of Fingerprints, The (1997)",Comedy|Drama
3621,Possession,Possession (1981),Drama|Horror
3622,"Twelve Chairs, The","Twelve Chairs, The (1970)",Comedy
3623,Mission: Impossible 2,Mission: Impossible 2 (2000),Action|Thriller
3624,Shanghai Noon,Shanghai Noon (2000),Action
3625,Better Living Through Circuitry,Better Living Through Circuitry (1999),Documentary
3626,8 1/2 Women,8 1/2 Women (1999),Comedy
3627,Carnival of Souls,Carnival of Souls (1962),Horror|Thriller
3628,Flying Tigers,Flying Tigers (1942),Action|Drama|War
3629,"Gold Rush, The","Gold Rush, The (1925)",Comedy
3630,"House of Exorcism, The (La Casa dell'esorcismo)","House of Exorcism, The (La Casa dell'esorcismo) (1974)",Horror
3631,It's in the Water,It's in the Water (1998),Comedy
3632,Monsieur Verdoux,Monsieur Verdoux (1947),Comedy
3633,On Her Majesty's Secret Service,On Her Majesty's Secret Service (1969),Action
3634,Seven Days in May,Seven Days in May (1964),Thriller
3635,"Spy Who Loved Me, The","Spy Who Loved Me, The (1977)",Action
3636,Those Who Love Me Can Take the Train (Ceux qui m'aiment prendront le train),Those Who Love Me Can Take the Train (Ceux qui m'aiment prendront le train) (1998),Drama
3637,Vagabond (Sans toit ni loi),Vagabond (Sans toit ni loi) (1985),Drama
3638,Moonraker,Moonraker (1979),Action|Romance|Sci-Fi
3639,"Man with the Golden Gun, The","Man with the Golden Gun, The (1974)",Action
3640,"King in New York, A","King in New York, A (1957)",Comedy|Drama
3641,"Woman of Paris, A","Woman of Paris, A (1923)",Drama
3642,In Old California,In Old California (1942),Western
3643,"Fighting Seabees, The","Fighting Seabees, The (1944)",Action|Drama|War
3644,Dark Command,Dark Command (1940),Western
3645,Cleo From 5 to 7 (Clo de 5  7),Cleo From 5 to 7 (Clo de 5  7) (1962),Drama
3646,Big Momma's House,Big Momma's House (2000),Comedy
3647,Running Free,Running Free (2000),Drama
3648,"Abominable Snowman, The","Abominable Snowman, The (1957)",Horror|Sci-Fi
3649,American Gigolo,American Gigolo (1980),Drama
3650,Anguish (Angustia),Anguish (Angustia) (1986),Horror
3651,"Blood Spattered Bride, The (La Novia Ensangrentada)","Blood Spattered Bride, The (La Novia Ensangrentada) (1972)",Horror
3652,City of the Living Dead (Paura nella citt dei morti viventi),City of the Living Dead (Paura nella citt dei morti viventi) (1980),Horror
3653,"Endless Summer, The","Endless Summer, The (1966)",Documentary
3654,"Guns of Navarone, The","Guns of Navarone, The (1961)",Action|Drama|War
3655,Blow-Out (La Grande Bouffe),Blow-Out (La Grande Bouffe) (1973),Drama
3656,Lured,Lured (1947),Crime
3657,Pandora and the Flying Dutchman,Pandora and the Flying Dutchman (1951),Drama
3658,Quatermass and the Pit,Quatermass and the Pit (1967),Sci-Fi
3659,Quatermass II,Quatermass II (1957),Sci-Fi|Thriller
3660,Puppet Master,Puppet Master (1989),Horror|Sci-Fi|Thriller
3661,Puppet Master II,Puppet Master II (1990),Horror|Sci-Fi|Thriller
3662,Puppet Master III: Toulon's Revenge,Puppet Master III: Toulon's Revenge (1991),Horror|Sci-Fi|Thriller
3663,Puppet Master 4,Puppet Master 4 (1993),Horror|Sci-Fi|Thriller
3664,Puppet Master 5: The Final Chapter,Puppet Master 5: The Final Chapter (1994),Horror|Sci-Fi|Thriller
3665,Curse of the Puppet Master,Curse of the Puppet Master (1998),Horror|Sci-Fi|Thriller
3666,Retro Puppetmaster,Retro Puppetmaster (1999),Horror|Sci-Fi|Thriller
3667,Rent-A-Cop,Rent-A-Cop (1988),Action|Comedy
3668,Romeo and Juliet,Romeo and Juliet (1968),Drama|Romance
3669,Stay Tuned,Stay Tuned (1992),Comedy
3670,"Story of G.I. Joe, The","Story of G.I. Joe, The (1945)",War
3671,Blazing Saddles,Blazing Saddles (1974),Comedy|Western
3672,Benji,Benji (1974),Adventure|Children's
3673,Benji the Hunted,Benji the Hunted (1987),Adventure|Children's
3674,For the Love of Benji,For the Love of Benji (1977),Adventure|Children's
3675,White Christmas,White Christmas (1954),Musical
3676,Eraserhead,Eraserhead (1977),Drama|Horror
3677,Baraka,Baraka (1992),Documentary
3678,"Man with the Golden Arm, The","Man with the Golden Arm, The (1955)",Drama
3679,"Decline of Western Civilization, The","Decline of Western Civilization, The (1981)",Documentary
3680,"Decline of Western Civilization Part II: The Metal Years, The","Decline of Western Civilization Part II: The Metal Years, The (1988)",Documentary
3681,For a Few Dollars More,For a Few Dollars More (1965),Western
3682,Magnum Force,Magnum Force (1973),Western
3683,Blood Simple,Blood Simple (1984),Drama|Film-Noir
3684,"Fabulous Baker Boys, The","Fabulous Baker Boys, The (1989)",Drama|Romance
3685,Prizzi's Honor,Prizzi's Honor (1985),Comedy|Drama|Romance
3686,Flatliners,Flatliners (1990),Thriller
3687,Light Years,Light Years (1988),Sci-Fi
3688,Porky's,Porky's (1981),Comedy
3689,Porky's II: The Next Day,Porky's II: The Next Day (1983),Comedy
3690,Porky's Revenge,Porky's Revenge (1985),Comedy
3691,Private School,Private School (1983),Comedy
3692,Class of Nuke 'Em High,Class of Nuke 'Em High (1986),Comedy|Horror
3693,"Toxic Avenger, The","Toxic Avenger, The (1985)",Comedy|Horror
3694,"Toxic Avenger, Part II, The","Toxic Avenger, Part II, The (1989)",Comedy|Horror
3695,"Toxic Avenger Part III: The Last Temptation of Toxie, The","Toxic Avenger Part III: The Last Temptation of Toxie, The (1989)",Comedy|Horror
3696,Night of the Creeps,Night of the Creeps (1986),Comedy|Horror|Sci-Fi
3697,Predator 2,Predator 2 (1990),Action|Sci-Fi|Thriller
3698,"Running Man, The","Running Man, The (1987)",Action|Adventure|Sci-Fi
3699,Starman,Starman (1984),Adventure|Drama|Romance|Sci-Fi
3700,"Brother from Another Planet, The","Brother from Another Planet, The (1984)",Drama|Sci-Fi
3701,Alien Nation,Alien Nation (1988),Crime|Drama|Sci-Fi
3702,Mad Max,Mad Max (1979),Action|Sci-Fi
3703,Mad Max 2 (a.k.a. The Road Warrior),Mad Max 2 (a.k.a. The Road Warrior) (1981),Action|Sci-Fi
3704,Mad Max Beyond Thunderdome,Mad Max Beyond Thunderdome (1985),Action|Sci-Fi
3705,Bird on a Wire,Bird on a Wire (1990),Action|Adventure|Romance|Thriller
3706,Angel Heart,Angel Heart (1987),Film-Noir|Mystery|Thriller
3707,Nine 1/2 Weeks,Nine 1/2 Weeks (1986),Drama
3708,Firestarter,Firestarter (1984),Horror|Thriller
3709,Sleepwalkers,Sleepwalkers (1992),Horror
3710,Action Jackson,Action Jackson (1988),Action|Comedy
3711,Sarafina!,Sarafina! (1992),Drama
3712,Soapdish,Soapdish (1991),Comedy
3713,"Long Walk Home, The","Long Walk Home, The (1990)",Drama
3714,Clara's Heart,Clara's Heart (1988),Drama
3715,Burglar,Burglar (1987),Comedy
3716,Fatal Beauty,Fatal Beauty (1987),Action|Crime
3717,Gone in 60 Seconds,Gone in 60 Seconds (2000),Action|Crime
3718,American Pimp,American Pimp (1999),Documentary
3719,Love's Labour's Lost,Love's Labour's Lost (2000),Comedy|Romance
3720,Sunshine,Sunshine (1999),Drama
3721,Trixie,Trixie (1999),Comedy
3722,Live Virgin,Live Virgin (1999),Comedy
3723,Hamlet,Hamlet (1990),Drama
3724,Coming Home,Coming Home (1978),Drama|War
3725,American Pop,American Pop (1981),Animation|Musical
3726,Assault on Precinct 13,Assault on Precinct 13 (1976),Action|Thriller
3727,Near Dark,Near Dark (1987),Comedy|Horror
3728,One False Move,One False Move (1991),Thriller
3729,Shaft,Shaft (1971),Action|Crime
3730,"Conversation, The","Conversation, The (1974)",Drama|Mystery
3731,Cutter's Way,Cutter's Way (1981),Drama|Thriller
3732,"Fury, The","Fury, The (1978)",Horror
3733,"Paper Chase, The","Paper Chase, The (1973)",Drama
3734,Prince of the City,Prince of the City (1981),Drama
3735,Serpico,Serpico (1973),Crime|Drama
3736,"Big Carnival, The","Big Carnival, The (1951)",Drama
3737,Lonely Are the Brave,Lonely Are the Brave (1962),Drama|Western
3738,"Sugarland Express, The","Sugarland Express, The (1974)",Drama
3739,Trouble in Paradise,Trouble in Paradise (1932),Comedy|Romance
3740,Big Trouble in Little China,Big Trouble in Little China (1986),Action|Comedy
3741,Badlands,Badlands (1973),Crime|Drama
3742,"Battleship Potemkin, The (Bronenosets Potyomkin)","Battleship Potemkin, The (Bronenosets Potyomkin) (1925)",Drama|War
3743,Boys and Girls,Boys and Girls (2000),Comedy|Romance
3744,Shaft,Shaft (2000),Action|Crime
3745,Titan A.E.,Titan A.E. (2000),Adventure|Animation|Sci-Fi
3746,Butterfly (La Lengua de las Mariposas),Butterfly (La Lengua de las Mariposas) (2000),Drama|War
3747,Jesus' Son,Jesus' Son (1999),Drama
3748,"Match, The","Match, The (1999)",Comedy|Romance
3749,Time Regained (Le Temps Retrouv),Time Regained (Le Temps Retrouv) (1999),Drama
3750,Boricua's Bond,Boricua's Bond (2000),Drama
3751,Chicken Run,Chicken Run (2000),Animation|Children's|Comedy
3752,"Me, Myself and Irene","Me, Myself and Irene (2000)",Comedy
3753,"Patriot, The","Patriot, The (2000)",Action|Drama|War
3754,"Adventures of Rocky and Bullwinkle, The","Adventures of Rocky and Bullwinkle, The (2000)",Animation|Children's|Comedy
3755,"Perfect Storm, The","Perfect Storm, The (2000)",Action|Adventure|Thriller
3756,"Golden Bowl, The","Golden Bowl, The (2000)",Drama
3757,Asylum,Asylum (1972),Horror
3758,Communion,Communion (1989),Drama|Sci-Fi|Thriller
3759,Fun and Fancy Free,Fun and Fancy Free (1947),Animation|Children's|Musical
3760,"Kentucky Fried Movie, The","Kentucky Fried Movie, The (1977)",Comedy
3761,"Blood In, Blood Out (a.k.a. Bound by Honor)","Blood In, Blood Out (a.k.a. Bound by Honor) (1993)",Crime|Drama
3762,Daughter of Dr. Jeckyll,Daughter of Dr. Jeckyll (1957),Horror
3763,F/X,F/X (1986),Action|Crime|Thriller
3764,F/X 2,F/X 2 (1992),Action|Crime|Thriller
3765,"Hot Spot, The","Hot Spot, The (1990)",Drama|Romance
3766,Missing in Action,Missing in Action (1984),Action|War
3767,Missing in Action 2: The Beginning,Missing in Action 2: The Beginning (1985),Action|War
3768,Braddock: Missing in Action III,Braddock: Missing in Action III (1988),Action|War
3769,Thunderbolt and Lightfoot,Thunderbolt and Lightfoot (1974),Action
3770,Dreamscape,Dreamscape (1984),Adventure|Crime|Sci-Fi|Thriller
3771,"Golden Voyage of Sinbad, The","Golden Voyage of Sinbad, The (1974)",Action|Adventure
3772,Hatchet For the Honeymoon (Rosso Segno Della Follia),Hatchet For the Honeymoon (Rosso Segno Della Follia) (1969),Horror
3773,House Party,House Party (1990),Comedy
3774,House Party 2,House Party 2 (1991),Comedy
3775,Make Mine Music,Make Mine Music (1946),Animation|Children's|Musical
3776,Melody Time,Melody Time (1948),Animation|Children's|Musical
3777,Nekromantik,Nekromantik (1987),Comedy|Horror
3778,On Our Merry Way,On Our Merry Way (1948),Comedy|Drama
3779,Project Moon Base,Project Moon Base (1953),Sci-Fi
3780,Rocketship X-M,Rocketship X-M (1950),Sci-Fi
3781,Shaft in Africa,Shaft in Africa (1973),Action|Crime
3782,Shaft's Big Score!,Shaft's Big Score! (1972),Action|Crime
3783,Croupier,Croupier (1998),Crime|Drama
3784,"Kid, The","Kid, The (2000)",Comedy
3785,Scary Movie,Scary Movie (2000),Comedy|Horror
3786,But I'm a Cheerleader,But I'm a Cheerleader (1999),Comedy
3787,Shower (Xizhao),Shower (Xizhao) (1999),Comedy
3788,Blowup,Blowup (1966),Drama|Mystery
3789,"Pawnbroker, The","Pawnbroker, The (1965)",Drama
3790,Groove,Groove (2000),Drama
3791,Footloose,Footloose (1984),Drama
3792,Duel in the Sun,Duel in the Sun (1946),Western
3793,X-Men,X-Men (2000),Action|Sci-Fi
3794,Chuck & Buck,Chuck & Buck (2000),Comedy|Drama
3795,"Five Senses, The","Five Senses, The (1999)",Drama
3796,"Wisdom of Crocodiles, The (a.k.a. Immortality)","Wisdom of Crocodiles, The (a.k.a. Immortality) (2000)",Romance|Thriller
3797,"In Crowd, The","In Crowd, The (2000)",Thriller
3798,What Lies Beneath,What Lies Beneath (2000),Thriller
3799,Pokmon the Movie 2000,Pokmon the Movie 2000 (2000),Animation|Children's
3800,Criminal Lovers (Les Amants Criminels),Criminal Lovers (Les Amants Criminels) (1999),Drama|Romance
3801,Anatomy of a Murder,Anatomy of a Murder (1959),Drama|Mystery
3802,Freejack,Freejack (1992),Action|Sci-Fi
3803,Greaser's Palace,Greaser's Palace (1972),Drama
3804,H.O.T.S.,H.O.T.S. (1979),Comedy
3805,Knightriders,Knightriders (1981),Action|Adventure|Drama
3806,MacKenna's Gold,MacKenna's Gold (1969),Western
3807,Sinbad and the Eye of the Tiger,Sinbad and the Eye of the Tiger (1977),Action|Adventure
3808,Two Women (La Ciociara),Two Women (La Ciociara) (1961),Drama|War
3809,What About Bob?,What About Bob? (1991),Comedy
3810,White Sands,White Sands (1992),Drama|Thriller
3811,Breaker Morant,Breaker Morant (1980),Drama|War
3812,Everything You Always Wanted to Know About Sex,Everything You Always Wanted to Know About Sex (1972),Comedy
3813,Interiors,Interiors (1978),Drama
3814,Love and Death,Love and Death (1975),Comedy
3816,"Official Story, The (La Historia Oficial)","Official Story, The (La Historia Oficial) (1985)",Drama
3817,"Other Side of Sunday, The (Sndagsengler)","Other Side of Sunday, The (Sndagsengler) (1996)",Comedy|Drama
3818,Pot O' Gold,Pot O' Gold (1941),Comedy|Musical
3819,Tampopo,Tampopo (1986),Comedy
3820,Thomas and the Magic Railroad,Thomas and the Magic Railroad (2000),Children's
3821,Nutty Professor II: The Klumps,Nutty Professor II: The Klumps (2000),Comedy
3822,"Girl on the Bridge, The (La Fille sur le Pont)","Girl on the Bridge, The (La Fille sur le Pont) (1999)",Drama|Romance
3823,Wonderland,Wonderland (1999),Drama
3824,Autumn in New York,Autumn in New York (2000),Drama|Romance
3825,Coyote Ugly,Coyote Ugly (2000),Drama
3826,Hollow Man,Hollow Man (2000),Horror|Sci-Fi|Thriller
3827,Space Cowboys,Space Cowboys (2000),Action|Sci-Fi
3828,Better Living,Better Living (1998),Comedy
3829,Mad About Mambo,Mad About Mambo (2000),Comedy|Romance
3830,Psycho Beach Party,Psycho Beach Party (2000),Comedy|Horror|Thriller
3831,Saving Grace,Saving Grace (2000),Comedy
3832,"Black Sabbath (Tre Volti Della Paura, I)","Black Sabbath (Tre Volti Della Paura, I) (1963)",Horror
3833,"Brain That Wouldn't Die, The","Brain That Wouldn't Die, The (1962)",Horror|Sci-Fi
3834,Bronco Billy,Bronco Billy (1980),Adventure|Drama|Romance
3835,"Crush, The","Crush, The (1993)",Thriller
3836,Kelly's Heroes,Kelly's Heroes (1970),Action|Comedy|War
3837,Phantasm II,Phantasm II (1988),Horror
3838,Phantasm III: Lord of the Dead,Phantasm III: Lord of the Dead (1994),Horror
3839,Phantasm IV: Oblivion,Phantasm IV: Oblivion (1998),Horror
3840,Pumpkinhead,Pumpkinhead (1988),Horror
3841,Air America,Air America (1990),Action|Comedy
3842,Make Them Die Slowly (Cannibal Ferox),Make Them Die Slowly (Cannibal Ferox) (1980),Horror
3843,Sleepaway Camp,Sleepaway Camp (1983),Horror
3844,Steel Magnolias,Steel Magnolias (1989),Drama
3845,And God Created Woman (Et Dieu&#8230;Cra la Femme),And God Created Woman (Et Dieu&#8230;Cra la Femme) (1956),Drama
3846,Easy Money,Easy Money (1983),Comedy
3847,"Ilsa, She Wolf of the SS","Ilsa, She Wolf of the SS (1974)",Horror
3848,Silent Fall,Silent Fall (1994),Drama|Thriller
3849,"Spiral Staircase, The","Spiral Staircase, The (1946)",Thriller
3850,Whatever Happened to Aunt Alice?,Whatever Happened to Aunt Alice? (1969),Crime|Thriller
3851,I'm the One That I Want,I'm the One That I Want (2000),Comedy
3852,"Tao of Steve, The","Tao of Steve, The (2000)",Comedy
3853,"Tic Code, The","Tic Code, The (1998)",Drama
3854,Aime & Jaguar,Aime & Jaguar (1999),Drama|Romance
3855,"Affair of Love, An (Une Liaison Pornographique)","Affair of Love, An (Une Liaison Pornographique) (1999)",Drama|Romance
3856,Autumn Heart,Autumn Heart (1999),Drama
3857,Bless the Child,Bless the Child (2000),Thriller
3858,Cecil B. Demented,Cecil B. Demented (2000),Comedy
3859,"Eyes of Tammy Faye, The","Eyes of Tammy Faye, The (2000)",Documentary
3860,"Opportunists, The","Opportunists, The (1999)",Crime
3861,"Replacements, The","Replacements, The (2000)",Comedy
3862,About Adam,About Adam (2000),Comedy
3863,"Cell, The","Cell, The (2000)",Sci-Fi|Thriller
3864,Godzilla 2000 (Gojira ni-sen mireniamu),Godzilla 2000 (Gojira ni-sen mireniamu) (1999),Action|Adventure|Sci-Fi
3865,"Original Kings of Comedy, The","Original Kings of Comedy, The (2000)",Comedy|Documentary
3866,Sunset Strip,Sunset Strip (2000),Comedy
3867,All the Rage (a.k.a. It's the Rage),All the Rage (a.k.a. It's the Rage) (1999),Drama
3868,"Naked Gun: From the Files of Police Squad!, The","Naked Gun: From the Files of Police Squad!, The (1988)",Comedy
3869,"Naked Gun 2 1/2: The Smell of Fear, The","Naked Gun 2 1/2: The Smell of Fear, The (1991)",Comedy
3870,Our Town,Our Town (1940),Drama
3871,Shane,Shane (1953),Drama|Western
3872,"Suddenly, Last Summer","Suddenly, Last Summer (1959)",Drama
3873,Cat Ballou,Cat Ballou (1965),Comedy|Western
3874,"Couch in New York, A","Couch in New York, A (1996)",Comedy|Romance
3875,"Devil Rides Out, The","Devil Rides Out, The (1968)",Horror
3876,Jerry & Tom,Jerry & Tom (1998),Drama
3877,Supergirl,Supergirl (1984),Action|Adventure|Fantasy
3878,X: The Unknown,X: The Unknown (1956),Sci-Fi
3879,"Art of War, The","Art of War, The (2000)",Action
3880,"Ballad of Ramblin' Jack, The","Ballad of Ramblin' Jack, The (2000)",Documentary
3881,Bittersweet Motel,Bittersweet Motel (2000),Documentary
3882,Bring It On,Bring It On (2000),Comedy
3883,Catfish in Black Bean Sauce,Catfish in Black Bean Sauce (2000),Comedy|Drama
3884,"Crew, The","Crew, The (2000)",Comedy
3885,Love & Sex,Love & Sex (2000),Comedy|Romance
3886,Steal This Movie!,Steal This Movie! (2000),Drama
3887,Went to Coney Island on a Mission From God... Be Back by Five,Went to Coney Island on a Mission From God... Be Back by Five (1998),Drama
3888,Skipped Parts,Skipped Parts (2000),Drama|Romance
3889,Highlander: Endgame,Highlander: Endgame (2000),Action|Adventure|Fantasy
3890,Back Stage,Back Stage (2000),Documentary
3891,Turn It Up,Turn It Up (2000),Crime|Drama
3892,Anatomy (Anatomie),Anatomy (Anatomie) (2000),Horror
3893,Nurse Betty,Nurse Betty (2000),Comedy|Thriller
3894,Solas,Solas (1999),Drama
3895,"Watcher, The","Watcher, The (2000)",Crime|Thriller
3896,"Way of the Gun, The","Way of the Gun, The (2000)",Crime|Thriller
3897,Almost Famous,Almost Famous (2000),Comedy|Drama
3898,Bait,Bait (2000),Action|Comedy
3899,Circus,Circus (2000),Comedy
3900,Crime and Punishment in Suburbia,Crime and Punishment in Suburbia (2000),Comedy|Drama
3901,Duets,Duets (2000),Comedy|Drama
3902,Goya in Bordeaux (Goya en Bodeos),Goya in Bordeaux (Goya en Bodeos) (1999),Drama
3903,Urbania,Urbania (2000),Drama
3904,"Uninvited Guest, An","Uninvited Guest, An (2000)",Drama
3905,"Specials, The","Specials, The (2000)",Comedy
3906,Under Suspicion,Under Suspicion (2000),Crime
3907,"Prince of Central Park, The","Prince of Central Park, The (1999)",Drama
3908,Urban Legends: Final Cut,Urban Legends: Final Cut (2000),Horror
3909,Woman on Top,Woman on Top (2000),Comedy|Romance
3910,Dancer in the Dark,Dancer in the Dark (2000),Drama|Musical
3911,Best in Show,Best in Show (2000),Comedy
3912,Beautiful,Beautiful (2000),Comedy|Drama
3913,Barenaked in America,Barenaked in America (1999),Documentary
3914,"Broken Hearts Club, The","Broken Hearts Club, The (2000)",Drama
3915,Girlfight,Girlfight (2000),Drama
3916,Remember the Titans,Remember the Titans (2000),Drama
3917,Hellraiser,Hellraiser (1987),Horror
3918,Hellbound: Hellraiser II,Hellbound: Hellraiser II (1988),Horror
3919,Hellraiser III: Hell on Earth,Hellraiser III: Hell on Earth (1992),Horror
3920,"Faraway, So Close (In Weiter Ferne, So Nah!)","Faraway, So Close (In Weiter Ferne, So Nah!) (1993)",Drama|Fantasy
3921,Beach Party,Beach Party (1963),Comedy
3922,Bikini Beach,Bikini Beach (1964),Comedy
3923,Return of the Fly,Return of the Fly (1959),Horror|Sci-Fi
3924,Pajama Party,Pajama Party (1964),Comedy
3925,Stranger Than Paradise,Stranger Than Paradise (1984),Comedy
3926,Voyage to the Bottom of the Sea,Voyage to the Bottom of the Sea (1961),Adventure|Sci-Fi
3927,Fantastic Voyage,Fantastic Voyage (1966),Adventure|Sci-Fi
3928,Abbott and Costello Meet Frankenstein,Abbott and Costello Meet Frankenstein (1948),Comedy|Horror
3929,"Bank Dick, The","Bank Dick, The (1940)",Comedy
3930,"Creature From the Black Lagoon, The","Creature From the Black Lagoon, The (1954)",Horror
3931,"Giant Gila Monster, The","Giant Gila Monster, The (1959)",Horror|Sci-Fi
3932,"Invisible Man, The","Invisible Man, The (1933)",Horror|Sci-Fi
3933,"Killer Shrews, The","Killer Shrews, The (1959)",Horror|Sci-Fi
3934,Kronos,Kronos (1957),Sci-Fi
3935,Kronos,Kronos (1973),Horror
3936,"Phantom of the Opera, The","Phantom of the Opera, The (1943)",Drama|Thriller
3937,Runaway,Runaway (1984),Sci-Fi|Thriller
3938,"Slumber Party Massacre, The","Slumber Party Massacre, The (1982)",Horror
3939,"Slumber Party Massacre II, The","Slumber Party Massacre II, The (1987)",Horror
3940,"Slumber Party Massacre III, The","Slumber Party Massacre III, The (1990)",Horror
3941,Sorority House Massacre,Sorority House Massacre (1986),Horror
3942,Sorority House Massacre II,Sorority House Massacre II (1990),Horror
3943,Bamboozled,Bamboozled (2000),Comedy
3944,Bootmen,Bootmen (2000),Comedy|Drama
3945,Digimon: The Movie,Digimon: The Movie (2000),Adventure|Animation|Children's
3946,Get Carter,Get Carter (2000),Action|Drama|Thriller
3947,Get Carter,Get Carter (1971),Thriller
3948,Meet the Parents,Meet the Parents (2000),Comedy
3949,Requiem for a Dream,Requiem for a Dream (2000),Drama
3950,Tigerland,Tigerland (2000),Drama
3951,Two Family House,Two Family House (2000),Drama
3952,"Contender, The","Contender, The (2000)",Drama|Thriller
