movie_id,title,genre
1,Toy Story,Animation
1,Toy Story,Children's
1,Toy Story,Comedy
2,Jumanji,Adventure
2,Jumanji,Children's
2,Jumanji,Fantasy
3,Grumpier Old Men,Comedy
3,Grumpier Old Men,Romance
4,Waiting to Exhale,Comedy
4,Waiting to Exhale,Drama
5,Father of the Bride Part II,Comedy
6,Heat,Action
6,Heat,Crime
6,Heat,Thriller
7,Sabrina,Comedy
7,Sabrina,Romance
8,Tom and Huck,Adventure
8,Tom and Huck,Children's
9,Sudden Death,Action
10,GoldenEye,Action
10,GoldenEye,Adventure
10,GoldenEye,Thriller
11,"American President, The",Comedy
11,"American President, The",Drama
11,"American President, The",Romance
12,Dracula: Dead and Loving It,Comedy
12,Dracula: Dead and Loving It,Horror
13,Balto,Animation
13,Balto,Children's
14,Nixon,Drama
15,Cutthroat Island,Action
15,Cutthroat Island,Adventure
15,Cutthroat Island,Romance
16,Casino,Drama
16,Casino,Thriller
17,Sense and Sensibility,Drama
17,Sense and Sensibility,Romance
18,Four Rooms,Thriller
19,Ace Ventura: When Nature Calls,Comedy
20,Money Train,Action
21,Get Shorty,Action
21,Get Shorty,Comedy
21,Get Shorty,Drama
22,Copycat,Crime
22,Copycat,Drama
22,Copycat,Thriller
23,Assassins,Thriller
24,Powder,Drama
24,Powder,Sci-Fi
25,Leaving Las Vegas,Drama
25,Leaving Las Vegas,Romance
26,Othello,Drama
27,Now and Then,Drama
28,Persuasion,Romance
29,"City of Lost Children, The",Adventure
29,"City of Lost Children, The",Sci-Fi
30,Shanghai Triad (Yao a yao yao dao waipo qiao),Drama
31,Dangerous Minds,Drama
32,Twelve Monkeys,Drama
32,Twelve Monkeys,Sci-Fi
33,Wings of Courage,Adventure
33,Wings of Courage,Romance
34,Babe,Children's
34,Babe,Comedy
34,Babe,Drama
35,Carrington,Drama
35,Carrington,Romance
36,Dead Man Walking,Drama
37,Across the Sea of Time,Documentary
38,It Takes Two,Comedy
39,Clueless,Comedy
39,Clueless,Romance
40,"Cry, the Beloved Country",Drama
41,Richard III,Drama
41,Richard III,War
42,Dead Presidents,Action
42,Dead Presidents,Crime
42,Dead Presidents,Drama
43,Restoration,Drama
44,Mortal Kombat,Action
44,Mortal Kombat,Adventure
45,To Die For,Comedy
45,To Die For,Drama
46,How to Make an American Quilt,Drama
46,How to Make an American Quilt,Romance
47,Seven (Se7en),Crime
47,Seven (Se7en),Thriller
48,Pocahontas,Animation
48,Pocahontas,Children's
48,Pocahontas,Musical
48,Pocahontas,Romance
49,When Night Is Falling,Drama
49,When Night Is Falling,Romance
50,"Usual Suspects, The",Crime
50,"Usual Suspects, The",Thriller
51,Guardian Angel,Action
51,Guardian Angel,Drama
51,Guardian Angel,Thriller
52,Mighty Aphrodite,Comedy
53,Lamerica,Drama
54,"Big Green, The",Children's
54,"Big Green, The",Comedy
55,Georgia,Drama
56,Kids of the Round Table,Adventure
56,Kids of the Round Table,Children's
56,Kids of the Round Table,Fantasy
57,Home for the Holidays,Drama
58,"Postino, Il (The Postman)",Drama
58,"Postino, Il (The Postman)",Romance
59,"Confessional, The (Le Confessionnal)",Drama
59,"Confessional, The (Le Confessionnal)",Mystery
60,"Indian in the Cupboard, The",Adventure
60,"Indian in the Cupboard, The",Children's
60,"Indian in the Cupboard, The",Fantasy
61,Eye for an Eye,Drama
61,Eye for an Eye,Thriller
62,Mr. Holland's Opus,Drama
63,Don't Be a Menace to South Central While Drinking Your Juice in the Hood,Comedy
64,Two if by Sea,Comedy
64,Two if by Sea,Romance
65,Bio-Dome,Comedy
66,Lawnmower Man 2: Beyond Cyberspace,Sci-Fi
66,Lawnmower Man 2: Beyond Cyberspace,Thriller
67,Two Bits,Drama
68,French Twist (Gazon maudit),Comedy
68,French Twist (Gazon maudit),Romance
69,Friday,Comedy
70,From Dusk Till Dawn,Action
70,From Dusk Till Dawn,Comedy
70,From Dusk Till Dawn,Crime
70,From Dusk Till Dawn,Horror
70,From Dusk Till Dawn,Thriller
71,Fair Game,Action
72,Kicking and Screaming,Comedy
72,Kicking and Screaming,Drama
73,"Misrables, Les",Drama
73,"Misrables, Les",Musical
74,Bed of Roses,Drama
74,Bed of Roses,Romance
75,Big Bully,Comedy
75,Big Bully,Drama
76,Screamers,Sci-Fi
76,Screamers,Thriller
77,Nico Icon,Documentary
78,"Crossing Guard, The",Drama
79,"Juror, The",Drama
79,"Juror, The",Thriller
80,"White Balloon, The (Badkonake Sefid )",Drama
81,Things to Do in Denver when You're Dead,Crime
81,Things to Do in Denver when You're Dead,Drama
81,Things to Do in Denver when You're Dead,Romance
82,Antonia's Line (Antonia),Drama
83,Once Upon a Time... When We Were Colored,Drama
84,Last Summer in the Hamptons,Comedy
84,Last Summer in the Hamptons,Drama
85,Angels and Insects,Drama
85,Angels and Insects,Romance
86,White Squall,Adventure
86,White Squall,Drama
87,Dunston Checks In,Children's
87,Dunston Checks In,Comedy
88,Black Sheep,Comedy
89,Nick of Time,Action
89,Nick of Time,Thriller
90,"Journey of August King, The",Drama
92,Mary Reilly,Drama
92,Mary Reilly,Thriller
93,Vampire in Brooklyn,Comedy
93,Vampire in Brooklyn,Romance
94,Beautiful Girls,Drama
95,Broken Arrow,Action
95,Broken Arrow,Thriller
96,In the Bleak Midwinter,Comedy
97,"Hate (Haine, La)",Drama
98,Shopping,Action
98,Shopping,Thriller
99,Heidi Fleiss: Hollywood Madam,Documentary
100,City Hall,Drama
100,City Hall,Thriller
101,Bottle Rocket,Comedy
102,Mr. Wrong,Comedy
103,Unforgettable,Thriller
104,Happy Gilmore,Comedy
105,"Bridges of Madison County, The",Drama
105,"Bridges of Madison County, The",Romance
106,Nobody Loves Me (Keiner liebt mich),Comedy
106,Nobody Loves Me (Keiner liebt mich),Drama
107,Muppet Treasure Island,Adventure
107,Muppet Treasure Island,Children's
107,Muppet Treasure Island,Comedy
107,Muppet Treasure Island,Musical
108,Catwalk,Documentary
109,Headless Body in Topless Bar,Comedy
110,Braveheart,Action
110,Braveheart,Drama
110,Braveheart,War
111,Taxi Driver,Drama
111,Taxi Driver,Thriller
112,Rumble in the Bronx,Action
112,Rumble in the Bronx,Adventure
112,Rumble in the Bronx,Crime
113,Before and After,Drama
113,Before and After,Mystery
114,Margaret's Museum,Drama
115,Happiness Is in the Field,Comedy
116,Anne Frank Remembered,Documentary
117,"Young Poisoner's Handbook, The",Crime
118,If Lucy Fell,Comedy
118,If Lucy Fell,Romance
119,"Steal Big, Steal Little",Comedy
120,Race the Sun,Drama
121,"Boys of St. Vincent, The",Drama
122,Boomerang,Comedy
122,Boomerang,Romance
123,Chungking Express,Drama
123,Chungking Express,Mystery
123,Chungking Express,Romance
124,"Star Maker, The (Uomo delle stelle, L')",Drama
125,Flirting With Disaster,Comedy
126,"NeverEnding Story III, The",Adventure
126,"NeverEnding Story III, The",Children's
126,"NeverEnding Story III, The",Fantasy
127,"Silence of the Palace, The (Saimt el Qusur)",Drama
128,Jupiter's Wife,Documentary
129,Pie in the Sky,Comedy
129,Pie in the Sky,Romance
130,Angela,Drama
131,Frankie Starlight,Drama
131,Frankie Starlight,Romance
132,Jade,Thriller
133,Nueba Yol,Comedy
133,Nueba Yol,Drama
134,Sonic Outlaws,Documentary
135,Down Periscope,Comedy
136,From the Journals of Jean Seberg,Documentary
137,Man of the Year,Documentary
138,"Neon Bible, The",Drama
139,Target,Action
139,Target,Drama
140,Up Close and Personal,Drama
140,Up Close and Personal,Romance
141,"Birdcage, The",Comedy
142,Shadows (Cienie),Drama
143,Gospa,Drama
144,"Brothers McMullen, The",Comedy
145,Bad Boys,Action
146,"Amazing Panda Adventure, The",Adventure
146,"Amazing Panda Adventure, The",Children's
147,"Basketball Diaries, The",Drama
148,"Awfully Big Adventure, An",Drama
149,Amateur,Crime
149,Amateur,Drama
149,Amateur,Thriller
150,Apollo 13,Drama
151,Rob Roy,Drama
151,Rob Roy,Romance
151,Rob Roy,War
152,"Addiction, The",Horror
153,Batman Forever,Action
153,Batman Forever,Adventure
153,Batman Forever,Comedy
153,Batman Forever,Crime
154,Belle de jour,Drama
155,Beyond Rangoon,Drama
155,Beyond Rangoon,War
156,Blue in the Face,Comedy
157,Canadian Bacon,Comedy
157,Canadian Bacon,War
158,Casper,Adventure
158,Casper,Children's
159,Clockers,Drama
160,Congo,Action
160,Congo,Adventure
160,Congo,Mystery
160,Congo,Sci-Fi
161,Crimson Tide,Drama
161,Crimson Tide,Thriller
161,Crimson Tide,War
162,Crumb,Documentary
163,Desperado,Action
163,Desperado,Romance
163,Desperado,Thriller
164,Devil in a Blue Dress,Crime
164,Devil in a Blue Dress,Film-Noir
164,Devil in a Blue Dress,Mystery
164,Devil in a Blue Dress,Thriller
165,Die Hard: With a Vengeance,Action
165,Die Hard: With a Vengeance,Thriller
166,"Doom Generation, The",Comedy
166,"Doom Generation, The",Drama
167,Feast of July,Drama
168,First Knight,Action
168,First Knight,Adventure
168,First Knight,Drama
168,First Knight,Romance
169,Free Willy 2: The Adventure Home,Adventure
169,Free Willy 2: The Adventure Home,Children's
169,Free Willy 2: The Adventure Home,Drama
170,Hackers,Action
170,Hackers,Crime
170,Hackers,Thriller
171,Jeffrey,Comedy
172,Johnny Mnemonic,Action
172,Johnny Mnemonic,Sci-Fi
172,Johnny Mnemonic,Thriller
173,Judge Dredd,Action
173,Judge Dredd,Adventure
173,Judge Dredd,Sci-Fi
174,Jury Duty,Comedy
175,Kids,Drama
176,Living in Oblivion,Comedy
177,Lord of Illusions,Horror
178,Love & Human Remains,Comedy
179,Mad Love,Drama
179,Mad Love,Romance
180,Mallrats,Comedy
181,Mighty Morphin Power Rangers: The Movie,Action
181,Mighty Morphin Power Rangers: The Movie,Children's
182,Moonlight and Valentino,Drama
182,Moonlight and Valentino,Romance
183,Mute Witness,Thriller
184,Nadja,Drama
185,"Net, The",Sci-Fi
185,"Net, The",Thriller
186,Nine Months,Comedy
187,Party Girl,Comedy
188,"Prophecy, The",Horror
189,Reckless,Comedy
190,Safe,Thriller
191,"Scarlet Letter, The",Drama
192,"Show, The",Documentary
193,Showgirls,Drama
194,Smoke,Drama
195,Something to Talk About,Comedy
195,Something to Talk About,Drama
195,Something to Talk About,Romance
196,Species,Horror
196,Species,Sci-Fi
197,"Stars Fell on Henrietta, The",Drama
198,Strange Days,Action
198,Strange Days,Crime
198,Strange Days,Sci-Fi
199,"Umbrellas of Cherbourg, The (Parapluies de Cherbourg, Les)",Drama
199,"Umbrellas of Cherbourg, The (Parapluies de Cherbourg, Les)",Musical
200,"Tie That Binds, The",Thriller
201,Three Wishes,Drama
202,Total Eclipse,Drama
202,Total Eclipse,Romance
203,"To Wong Foo, Thanks for Everything! Julie Newmar",Comedy
204,Under Siege 2: Dark Territory,Action
205,Unstrung Heroes,Comedy
205,Unstrung Heroes,Drama
206,Unzipped,Documentary
207,"Walk in the Clouds, A",Drama
207,"Walk in the Clouds, A",Romance
208,Waterworld,Action
208,Waterworld,Adventure
209,White Man's Burden,Drama
210,Wild Bill,Western
211,"Browning Version, The",Drama
212,Bushwhacked,Comedy
213,Burnt By the Sun (Utomlyonnye solntsem),Drama
214,Before the Rain (Pred dozhdot),Drama
215,Before Sunrise,Drama
215,Before Sunrise,Romance
216,Billy Madison,Comedy
217,"Babysitter, The",Drama
217,"Babysitter, The",Thriller
218,Boys on the Side,Comedy
218,Boys on the Side,Drama
219,"Cure, The",Drama
220,Castle Freak,Horror
222,Circle of Friends,Drama
222,Circle of Friends,Romance
223,Clerks,Comedy
224,Don Juan DeMarco,Comedy
224,Don Juan DeMarco,Drama
224,Don Juan DeMarco,Romance
225,Disclosure,Drama
225,Disclosure,Thriller
226,Dream Man,Thriller
227,Drop Zone,Action
228,Destiny Turns on the Radio,Comedy
229,Death and the Maiden,Drama
229,Death and the Maiden,Thriller
230,Dolores Claiborne,Drama
230,Dolores Claiborne,Thriller
231,Dumb & Dumber,Comedy
232,Eat Drink Man Woman,Comedy
232,Eat Drink Man Woman,Drama
233,Exotica,Drama
234,Exit to Eden,Comedy
235,Ed Wood,Comedy
235,Ed Wood,Drama
236,French Kiss,Comedy
236,French Kiss,Romance
237,Forget Paris,Comedy
237,Forget Paris,Romance
238,Far From Home: The Adventures of Yellow Dog,Adventure
238,Far From Home: The Adventures of Yellow Dog,Children's
239,"Goofy Movie, A",Animation
239,"Goofy Movie, A",Children's
239,"Goofy Movie, A",Comedy
239,"Goofy Movie, A",Romance
240,Hideaway,Thriller
241,Fluke,Children's
241,Fluke,Drama
242,Farinelli: il castrato,Drama
242,Farinelli: il castrato,Musical
243,Gordy,Comedy
244,Gumby: The Movie,Animation
244,Gumby: The Movie,Children's
245,"Glass Shield, The",Crime
245,"Glass Shield, The",Drama
246,Hoop Dreams,Documentary
247,Heavenly Creatures,Drama
247,Heavenly Creatures,Fantasy
247,Heavenly Creatures,Romance
247,Heavenly Creatures,Thriller
248,Houseguest,Comedy
249,Immortal Beloved,Drama
249,Immortal Beloved,Romance
250,Heavyweights,Children's
250,Heavyweights,Comedy
251,"Hunted, The",Action
252,I.Q.,Comedy
252,I.Q.,Romance
253,Interview with the Vampire,Drama
253,Interview with the Vampire,Horror
254,Jefferson in Paris,Drama
255,"Jerky Boys, The",Comedy
256,Junior,Comedy
256,Junior,Sci-Fi
257,Just Cause,Mystery
257,Just Cause,Thriller
258,"Kid in King Arthur's Court, A",Adventure
258,"Kid in King Arthur's Court, A",Children's
258,"Kid in King Arthur's Court, A",Comedy
258,"Kid in King Arthur's Court, A",Fantasy
258,"Kid in King Arthur's Court, A",Romance
259,Kiss of Death,Crime
259,Kiss of Death,Drama
259,Kiss of Death,Thriller
260,Star Wars: Episode IV - A New Hope,Action
260,Star Wars: Episode IV - A New Hope,Adventure
260,Star Wars: Episode IV - A New Hope,Fantasy
260,Star Wars: Episode IV - A New Hope,Sci-Fi
261,Little Women,Drama
262,"Little Princess, A",Children's
262,"Little Princess, A",Drama
263,Ladybird Ladybird,Drama
264,"Enfer, L'",Drama
265,Like Water for Chocolate (Como agua para chocolate),Drama
265,Like Water for Chocolate (Como agua para chocolate),Romance
266,Legends of the Fall,Drama
266,Legends of the Fall,Romance
266,Legends of the Fall,War
266,Legends of the Fall,Western
267,Major Payne,Comedy
268,Little Odessa,Drama
269,My Crazy Life (Mi vida loca),Drama
270,Love Affair,Drama
270,Love Affair,Romance
271,Losing Isaiah,Drama
272,"Madness of King George, The",Drama
273,Mary Shelley's Frankenstein,Drama
273,Mary Shelley's Frankenstein,Horror
274,Man of the House,Comedy
275,Mixed Nuts,Comedy
276,Milk Money,Comedy
276,Milk Money,Romance
277,Miracle on 34th Street,Drama
278,Miami Rhapsody,Comedy
279,My Family,Drama
280,Murder in the First,Drama
280,Murder in the First,Thriller
281,Nobody's Fool,Drama
282,Nell,Drama
283,New Jersey Drive,Crime
283,New Jersey Drive,Drama
284,New York Cop,Action
284,New York Cop,Crime
285,Beyond Bedlam,Drama
285,Beyond Bedlam,Horror
286,Nemesis 2: Nebula,Action
286,Nemesis 2: Nebula,Sci-Fi
286,Nemesis 2: Nebula,Thriller
287,Nina Takes a Lover,Comedy
287,Nina Takes a Lover,Romance
288,Natural Born Killers,Action
288,Natural Born Killers,Thriller
289,Only You,Comedy
289,Only You,Romance
290,Once Were Warriors,Crime
290,Once Were Warriors,Drama
291,Poison Ivy II,Thriller
292,Outbreak,Action
292,Outbreak,Drama
292,Outbreak,Thriller
293,"Professional, The (a.k.a. Leon: The Professional)",Crime
293,"Professional, The (a.k.a. Leon: The Professional)",Drama
293,"Professional, The (a.k.a. Leon: The Professional)",Romance
293,"Professional, The (a.k.a. Leon: The Professional)",Thriller
294,"Perez Family, The",Comedy
294,"Perez Family, The",Romance
295,"Pyromaniac's Love Story, A",Comedy
295,"Pyromaniac's Love Story, A",Romance
296,Pulp Fiction,Crime
296,Pulp Fiction,Drama
297,Panther,Drama
298,Pushing Hands,Comedy
299,Priest,Drama
300,Quiz Show,Drama
301,Picture Bride,Drama
301,Picture Bride,Romance
302,Queen Margot (La Reine Margot),Drama
302,Queen Margot (La Reine Margot),Romance
303,"Quick and the Dead, The",Action
303,"Quick and the Dead, The",Adventure
303,"Quick and the Dead, The",Western
304,Roommates,Comedy
304,Roommates,Drama
305,Ready to Wear (Pret-A-Porter),Comedy
306,Three Colors: Red,Drama
307,Three Colors: Blue,Drama
308,Three Colors: White,Drama
309,"Red Firecracker, Green Firecracker",Drama
310,Rent-a-Kid,Comedy
311,Relative Fear,Horror
311,Relative Fear,Thriller
312,Stuart Saves His Family,Comedy
313,"Swan Princess, The",Animation
313,"Swan Princess, The",Children's
314,"Secret of Roan Inish, The",Drama
315,"Specialist, The",Action
316,Stargate,Action
316,Stargate,Adventure
316,Stargate,Sci-Fi
317,"Santa Clause, The",Children's
317,"Santa Clause, The",Comedy
317,"Santa Clause, The",Fantasy
318,"Shawshank Redemption, The",Drama
319,Shallow Grave,Thriller
320,Suture,Film-Noir
320,Suture,Thriller
321,Strawberry and Chocolate (Fresa y chocolate),Drama
322,Swimming with Sharks,Comedy
322,Swimming with Sharks,Drama
324,"Sum of Us, The",Comedy
325,National Lampoon's Senior Trip,Comedy
326,To Live (Huozhe),Drama
327,Tank Girl,Action
327,Tank Girl,Comedy
327,Tank Girl,Musical
327,Tank Girl,Sci-Fi
328,Tales From the Crypt Presents: Demon Knight,Horror
329,Star Trek: Generations,Action
329,Star Trek: Generations,Adventure
329,Star Trek: Generations,Sci-Fi
330,Tales from the Hood,Comedy
330,Tales from the Hood,Horror
331,Tom & Viv,Drama
332,Village of the Damned,Horror
332,Village of the Damned,Sci-Fi
333,Tommy Boy,Comedy
334,Vanya on 42nd Street,Drama
335,"Underneath, The",Mystery
335,"Underneath, The",Thriller
336,"Walking Dead, The",Drama
336,"Walking Dead, The",War
337,What's Eating Gilbert Grape,Drama
338,Virtuosity,Sci-Fi
338,Virtuosity,Thriller
339,While You Were Sleeping,Comedy
339,While You Were Sleeping,Romance
340,"War, The",Adventure
340,"War, The",Drama
341,Double Happiness,Drama
342,Muriel's Wedding,Comedy
342,Muriel's Wedding,Romance
343,"Baby-Sitters Club, The",Children's
344,Ace Ventura: Pet Detective,Comedy
345,"Adventures of Priscilla, Queen of the Desert, The",Comedy
345,"Adventures of Priscilla, Queen of the Desert, The",Drama
346,Backbeat,Drama
346,Backbeat,Musical
347,Bitter Moon,Drama
348,Bullets Over Broadway,Comedy
349,Clear and Present Danger,Action
349,Clear and Present Danger,Adventure
349,Clear and Present Danger,Thriller
350,"Client, The",Drama
350,"Client, The",Mystery
350,"Client, The",Thriller
351,"Corrina, Corrina",Comedy
351,"Corrina, Corrina",Drama
351,"Corrina, Corrina",Romance
352,Crooklyn,Comedy
353,"Crow, The",Action
353,"Crow, The",Romance
353,"Crow, The",Thriller
354,Cobb,Drama
355,"Flintstones, The",Children's
355,"Flintstones, The",Comedy
356,Forrest Gump,Comedy
356,Forrest Gump,Romance
356,Forrest Gump,War
357,Four Weddings and a Funeral,Comedy
357,Four Weddings and a Funeral,Romance
358,Higher Learning,Drama
359,I Like It Like That,Comedy
359,I Like It Like That,Drama
359,I Like It Like That,Romance
360,I Love Trouble,Action
360,I Love Trouble,Comedy
361,It Could Happen to You,Drama
361,It Could Happen to You,Romance
362,"Jungle Book, The",Adventure
362,"Jungle Book, The",Children's
362,"Jungle Book, The",Romance
363,"Wonderful, Horrible Life of Leni Riefenstahl, The (Die Macht der Bilder)",Documentary
364,"Lion King, The",Animation
364,"Lion King, The",Children's
364,"Lion King, The",Musical
365,Little Buddha,Drama
366,Wes Craven's New Nightmare,Horror
367,"Mask, The",Comedy
367,"Mask, The",Crime
367,"Mask, The",Fantasy
368,Maverick,Action
368,Maverick,Comedy
368,Maverick,Western
369,Mrs. Parker and the Vicious Circle,Drama
370,Naked Gun 33 1/3: The Final Insult,Comedy
371,"Paper, The",Comedy
371,"Paper, The",Drama
372,Reality Bites,Comedy
372,Reality Bites,Drama
373,Red Rock West,Thriller
374,Richie Rich,Children's
374,Richie Rich,Comedy
375,Safe Passage,Drama
376,"River Wild, The",Action
376,"River Wild, The",Thriller
377,Speed,Action
377,Speed,Romance
377,Speed,Thriller
378,Speechless,Comedy
378,Speechless,Romance
379,Timecop,Action
379,Timecop,Sci-Fi
380,True Lies,Action
380,True Lies,Adventure
380,True Lies,Comedy
380,True Lies,Romance
381,When a Man Loves a Woman,Drama
382,Wolf,Drama
382,Wolf,Horror
383,Wyatt Earp,Western
384,Bad Company,Action
385,"Man of No Importance, A",Drama
386,S.F.W.,Drama
387,"Low Down Dirty Shame, A",Action
387,"Low Down Dirty Shame, A",Comedy
388,Boys Life,Drama
389,"Colonel Chabert, Le",Drama
389,"Colonel Chabert, Le",Romance
389,"Colonel Chabert, Le",War
390,Faster Pussycat! Kill! Kill!,Action
390,Faster Pussycat! Kill! Kill!,Comedy
390,Faster Pussycat! Kill! Kill!,Drama
391,Jason's Lyric,Crime
391,Jason's Lyric,Drama
392,"Secret Adventures of Tom Thumb, The",Adventure
392,"Secret Adventures of Tom Thumb, The",Children's
393,Street Fighter,Action
394,Coldblooded,Action
395,Desert Winds,Drama
396,Fall Time,Drama
397,"Fear, The",Horror
398,Frank and Ollie,Documentary
399,Girl in the Cadillac,Drama
400,Homage,Drama
401,Mirage,Action
401,Mirage,Thriller
402,Open Season,Comedy
403,Two Crimes,Comedy
403,Two Crimes,Crime
403,Two Crimes,Drama
404,Brother Minister: The Assassination of Malcolm X,Documentary
405,Highlander III: The Sorcerer,Action
405,Highlander III: The Sorcerer,Sci-Fi
406,Federal Hill,Drama
407,In the Mouth of Madness,Horror
407,In the Mouth of Madness,Thriller
408,8 Seconds,Drama
409,Above the Rim,Drama
410,Addams Family Values,Comedy
411,You So Crazy,Comedy
412,"Age of Innocence, The",Drama
413,Airheads,Comedy
414,"Air Up There, The",Comedy
415,Another Stakeout,Comedy
415,Another Stakeout,Thriller
416,Bad Girls,Western
417,Barcelona,Comedy
417,Barcelona,Romance
418,Being Human,Drama
419,"Beverly Hillbillies, The",Comedy
420,Beverly Hills Cop III,Action
420,Beverly Hills Cop III,Comedy
421,Black Beauty,Adventure
421,Black Beauty,Children's
422,Blink,Thriller
423,Blown Away,Action
423,Blown Away,Thriller
424,Blue Chips,Drama
425,Blue Sky,Drama
425,Blue Sky,Romance
426,Body Snatchers,Horror
426,Body Snatchers,Sci-Fi
426,Body Snatchers,Thriller
427,Boxing Helena,Mystery
427,Boxing Helena,Romance
427,Boxing Helena,Thriller
428,"Bronx Tale, A",Drama
429,Cabin Boy,Comedy
430,Calendar Girl,Drama
431,Carlito's Way,Crime
431,Carlito's Way,Drama
432,City Slickers II: The Legend of Curly's Gold,Comedy
432,City Slickers II: The Legend of Curly's Gold,Western
433,Clean Slate,Comedy
434,Cliffhanger,Action
434,Cliffhanger,Adventure
434,Cliffhanger,Crime
435,Coneheads,Comedy
435,Coneheads,Sci-Fi
436,Color of Night,Drama
436,Color of Night,Thriller
437,Cops and Robbersons,Comedy
438,"Cowboy Way, The",Action
438,"Cowboy Way, The",Comedy
439,Dangerous Game,Drama
440,Dave,Comedy
440,Dave,Romance
441,Dazed and Confused,Comedy
442,Demolition Man,Action
442,Demolition Man,Sci-Fi
443,"Endless Summer 2, The",Documentary
444,Even Cowgirls Get the Blues,Comedy
444,Even Cowgirls Get the Blues,Romance
445,Fatal Instinct,Comedy
446,Farewell My Concubine,Drama
446,Farewell My Concubine,Romance
447,"Favor, The",Comedy
447,"Favor, The",Romance
448,Fearless,Drama
449,Fear of a Black Hat,Comedy
450,With Honors,Comedy
450,With Honors,Drama
451,Flesh and Bone,Drama
451,Flesh and Bone,Mystery
451,Flesh and Bone,Romance
452,Widows' Peak,Drama
453,For Love or Money,Comedy
454,"Firm, The",Drama
454,"Firm, The",Thriller
455,Free Willy,Adventure
455,Free Willy,Children's
455,Free Willy,Drama
456,Fresh,Drama
457,"Fugitive, The",Action
457,"Fugitive, The",Thriller
458,Geronimo: An American Legend,Drama
458,Geronimo: An American Legend,Western
459,"Getaway, The",Action
460,Getting Even with Dad,Comedy
461,Go Fish,Drama
461,Go Fish,Romance
462,"Good Man in Africa, A",Action
462,"Good Man in Africa, A",Adventure
463,Guilty as Sin,Crime
463,Guilty as Sin,Drama
463,Guilty as Sin,Thriller
464,Hard Target,Action
464,Hard Target,Adventure
464,Hard Target,Crime
464,Hard Target,Thriller
465,Heaven & Earth,Action
465,Heaven & Earth,Drama
465,Heaven & Earth,War
466,Hot Shots! Part Deux,Action
466,Hot Shots! Part Deux,Comedy
466,Hot Shots! Part Deux,War
467,Live Nude Girls,Comedy
468,"Englishman Who Went Up a Hill, But Came Down a Mountain, The",Comedy
468,"Englishman Who Went Up a Hill, But Came Down a Mountain, The",Romance
469,"House of the Spirits, The",Drama
469,"House of the Spirits, The",Romance
470,House Party 3,Comedy
471,"Hudsucker Proxy, The",Comedy
471,"Hudsucker Proxy, The",Romance
472,I'll Do Anything,Comedy
472,I'll Do Anything,Drama
473,In the Army Now,Comedy
473,In the Army Now,War
474,In the Line of Fire,Action
474,In the Line of Fire,Thriller
475,In the Name of the Father,Drama
476,"Inkwell, The",Comedy
476,"Inkwell, The",Drama
477,What's Love Got to Do with It?,Drama
478,Jimmy Hollywood,Comedy
479,Judgment Night,Action
480,Jurassic Park,Action
480,Jurassic Park,Adventure
480,Jurassic Park,Sci-Fi
481,Kalifornia,Drama
481,Kalifornia,Thriller
482,Killing Zoe,Thriller
483,King of the Hill,Drama
484,Lassie,Adventure
484,Lassie,Children's
485,Last Action Hero,Action
485,Last Action Hero,Comedy
486,Life with Mikey,Comedy
487,Lightning Jack,Comedy
487,Lightning Jack,Western
488,M. Butterfly,Drama
489,Made in America,Comedy
490,Malice,Thriller
491,"Man Without a Face, The",Drama
492,Manhattan Murder Mystery,Comedy
492,Manhattan Murder Mystery,Mystery
493,Menace II Society,Action
493,Menace II Society,Crime
493,Menace II Society,Drama
494,Executive Decision,Action
494,Executive Decision,Thriller
495,In the Realm of the Senses (Ai no corrida),Drama
496,What Happened Was...,Comedy
496,What Happened Was...,Drama
496,What Happened Was...,Romance
497,Much Ado About Nothing,Comedy
497,Much Ado About Nothing,Romance
498,Mr. Jones,Drama
498,Mr. Jones,Romance
499,Mr. Wonderful,Comedy
499,Mr. Wonderful,Romance
500,Mrs. Doubtfire,Comedy
501,Naked,Drama
502,"Next Karate Kid, The",Action
502,"Next Karate Kid, The",Children's
503,"New Age, The",Drama
504,No Escape,Action
504,No Escape,Sci-Fi
505,North,Comedy
506,Orlando,Drama
507,"Perfect World, A",Action
507,"Perfect World, A",Drama
508,Philadelphia,Drama
509,"Piano, The",Drama
509,"Piano, The",Romance
510,Poetic Justice,Drama
511,"Program, The",Action
511,"Program, The",Drama
512,Robert A. Heinlein's The Puppet Masters,Horror
512,Robert A. Heinlein's The Puppet Masters,Sci-Fi
513,Radioland Murders,Comedy
513,Radioland Murders,Mystery
513,Radioland Murders,Romance
514,"Ref, The",Comedy
515,"Remains of the Day, The",Drama
516,Renaissance Man,Comedy
516,Renaissance Man,Drama
516,Renaissance Man,War
517,Rising Sun,Action
517,Rising Sun,Drama
517,Rising Sun,Mystery
518,"Road to Wellville, The",Comedy
519,Robocop 3,Sci-Fi
519,Robocop 3,Thriller
520,Robin Hood: Men in Tights,Comedy
521,Romeo Is Bleeding,Crime
521,Romeo Is Bleeding,Thriller
522,Romper Stomper,Action
522,Romper Stomper,Drama
523,Ruby in Paradise,Drama
524,Rudy,Drama
525,"Saint of Fort Washington, The",Drama
526,"Savage Nights (Nuits fauves, Les)",Drama
527,Schindler's List,Drama
527,Schindler's List,War
528,"Scout, The",Drama
529,Searching for Bobby Fischer,Drama
530,Second Best,Drama
531,"Secret Garden, The",Children's
531,"Secret Garden, The",Drama
532,Serial Mom,Comedy
532,Serial Mom,Crime
532,Serial Mom,Horror
533,"Shadow, The",Action
534,Shadowlands,Drama
534,Shadowlands,Romance
535,Short Cuts,Drama
536,"Simple Twist of Fate, A",Drama
537,Sirens,Comedy
537,Sirens,Drama
538,Six Degrees of Separation,Drama
539,Sleepless in Seattle,Comedy
539,Sleepless in Seattle,Romance
540,Sliver,Thriller
541,Blade Runner,Film-Noir
541,Blade Runner,Sci-Fi
542,Son in Law,Comedy
543,So I Married an Axe Murderer,Comedy
543,So I Married an Axe Murderer,Romance
543,So I Married an Axe Murderer,Thriller
544,Striking Distance,Action
545,Harlem,Drama
546,Super Mario Bros.,Action
546,Super Mario Bros.,Adventure
546,Super Mario Bros.,Children's
546,Super Mario Bros.,Sci-Fi
547,Surviving the Game,Action
547,Surviving the Game,Adventure
547,Surviving the Game,Thriller
548,Terminal Velocity,Action
549,Thirty-Two Short Films About Glenn Gould,Documentary
550,Threesome,Comedy
550,Threesome,Romance
551,"Nightmare Before Christmas, The",Children's
551,"Nightmare Before Christmas, The",Comedy
551,"Nightmare Before Christmas, The",Musical
552,"Three Musketeers, The",Action
552,"Three Musketeers, The",Adventure
552,"Three Musketeers, The",Comedy
553,Tombstone,Western
554,Trial by Jury,Thriller
555,True Romance,Action
555,True Romance,Crime
555,True Romance,Romance
556,"War Room, The",Documentary
557,Mamma Roma,Drama
558,"Pagemaster, The",Action
558,"Pagemaster, The",Adventure
558,"Pagemaster, The",Animation
558,"Pagemaster, The",Children's
558,"Pagemaster, The",Fantasy
559,"Paris, France",Comedy
560,"Beans of Egypt, Maine, The",Drama
561,Killer (Bulletproof Heart),Thriller
562,Welcome to the Dollhouse,Comedy
562,Welcome to the Dollhouse,Drama
563,Germinal,Drama
564,Chasers,Comedy
565,Cronos,Horror
566,Naked in New York,Comedy
566,Naked in New York,Romance
567,Kika,Drama
568,Bhaji on the Beach,Comedy
568,Bhaji on the Beach,Drama
569,Little Big League,Children's
569,Little Big League,Comedy
570,"Slingshot, The (Kdisbellan )",Comedy
570,"Slingshot, The (Kdisbellan )",Drama
571,"Wedding Gift, The",Drama
572,Foreign Student,Drama
573,"Ciao, Professore! (Io speriamo che me la cavo )",Drama
574,Spanking the Monkey,Comedy
574,Spanking the Monkey,Drama
575,"Little Rascals, The",Children's
575,"Little Rascals, The",Comedy
576,Fausto,Comedy
577,Andre,Adventure
577,Andre,Children's
578,"Hour of the Pig, The",Drama
578,"Hour of the Pig, The",Mystery
579,"Scorta, La",Thriller
580,Princess Caraboo,Drama
581,"Celluloid Closet, The",Documentary
582,Metisse (Caf au Lait),Comedy
583,Dear Diary (Caro Diario),Comedy
583,Dear Diary (Caro Diario),Drama
584,I Don't Want to Talk About It (De eso no se habla),Drama
585,"Brady Bunch Movie, The",Comedy
586,Home Alone,Children's
586,Home Alone,Comedy
587,Ghost,Comedy
587,Ghost,Romance
587,Ghost,Thriller
588,Aladdin,Animation
588,Aladdin,Children's
588,Aladdin,Comedy
588,Aladdin,Musical
589,Terminator 2: Judgment Day,Action
589,Terminator 2: Judgment Day,Sci-Fi
589,Terminator 2: Judgment Day,Thriller
590,Dances with Wolves,Adventure
590,Dances with Wolves,Drama
590,Dances with Wolves,Western
591,Tough and Deadly,Action
591,Tough and Deadly,Drama
591,Tough and Deadly,Thriller
592,Batman,Action
592,Batman,Adventure
592,Batman,Crime
592,Batman,Drama
593,"Silence of the Lambs, The",Drama
593,"Silence of the Lambs, The",Thriller
594,Snow White and the Seven Dwarfs,Animation
594,Snow White and the Seven Dwarfs,Children's
594,Snow White and the Seven Dwarfs,Musical
595,Beauty and the Beast,Animation
595,Beauty and the Beast,Children's
595,Beauty and the Beast,Musical
596,Pinocchio,Animation
596,Pinocchio,Children's
597,Pretty Woman,Comedy
597,Pretty Woman,Romance
598,Window to Paris,Comedy
599,"Wild Bunch, The",Western
600,Love and a .45,Thriller
601,"Wooden Man's Bride, The (Wu Kui)",Drama
602,"Great Day in Harlem, A",Documentary
603,"Bye Bye, Love",Comedy
604,Criminals,Documentary
605,One Fine Day,Drama
605,One Fine Day,Romance
606,Candyman: Farewell to the Flesh,Horror
607,Century,Drama
608,Fargo,Crime
608,Fargo,Drama
608,Fargo,Thriller
609,Homeward Bound II: Lost in San Francisco,Adventure
609,Homeward Bound II: Lost in San Francisco,Children's
610,Heavy Metal,Action
610,Heavy Metal,Adventure
610,Heavy Metal,Animation
610,Heavy Metal,Horror
610,Heavy Metal,Sci-Fi
611,Hellraiser: Bloodline,Action
611,Hellraiser: Bloodline,Horror
611,Hellraiser: Bloodline,Sci-Fi
612,"Pallbearer, The",Comedy
613,Jane Eyre,Drama
613,Jane Eyre,Romance
614,Loaded,Drama
614,Loaded,Thriller
615,Bread and Chocolate (Pane e cioccolata),Drama
616,"Aristocats, The",Animation
616,"Aristocats, The",Children's
617,"Flower of My Secret, The (La Flor de Mi Secreto)",Drama
618,Two Much,Comedy
618,Two Much,Romance
619,Ed,Comedy
620,Scream of Stone (Schrei aus Stein),Drama
621,My Favorite Season,Drama
623,"Modern Affair, A",Romance
624,Condition Red,Action
624,Condition Red,Drama
624,Condition Red,Thriller
625,Asfour Stah,Drama
626,"Thin Line Between Love and Hate, A",Comedy
627,"Last Supper, The",Drama
627,"Last Supper, The",Thriller
628,Primal Fear,Drama
628,Primal Fear,Thriller
629,Rude,Drama
630,Carried Away,Drama
630,Carried Away,Romance
631,All Dogs Go to Heaven 2,Animation
631,All Dogs Go to Heaven 2,Children's
631,All Dogs Go to Heaven 2,Musical
632,Land and Freedom (Tierra y libertad),War
633,Denise Calls Up,Comedy
634,Theodore Rex,Comedy
635,"Family Thing, A",Comedy
635,"Family Thing, A",Drama
636,Frisk,Drama
637,Sgt. Bilko,Comedy
638,Jack and Sarah,Romance
639,Girl 6,Comedy
640,Diabolique,Drama
640,Diabolique,Thriller
641,"Little Indian, Big City (Un indien dans la ville)",Comedy
642,Roula,Drama
643,Peanuts - Die Bank zahlt alles,Comedy
644,Happy Weekend,Comedy
645,Nelly & Monsieur Arnaud,Drama
647,Courage Under Fire,Drama
647,Courage Under Fire,War
648,Mission: Impossible,Action
648,Mission: Impossible,Adventure
648,Mission: Impossible,Mystery
649,Cold Fever ( kldum klaka),Comedy
649,Cold Fever ( kldum klaka),Drama
650,Moll Flanders,Drama
651,"Superweib, Das",Comedy
652,"301, 302",Mystery
653,Dragonheart,Action
653,Dragonheart,Adventure
653,Dragonheart,Fantasy
654,Und keiner weint mir nach,Drama
654,Und keiner weint mir nach,Romance
655,Mutters Courage,Comedy
656,Eddie,Comedy
657,Yankee Zulu,Comedy
657,Yankee Zulu,Drama
658,Billy's Holiday,Drama
659,Purple Noon,Crime
659,Purple Noon,Thriller
660,August,Drama
661,James and the Giant Peach,Animation
661,James and the Giant Peach,Children's
661,James and the Giant Peach,Musical
662,Fear,Thriller
663,Kids in the Hall: Brain Candy,Comedy
664,Faithful,Comedy
665,Underground,War
666,All Things Fair,Drama
667,Bloodsport 2,Action
668,Pather Panchali,Drama
669,Aparajito,Drama
670,"World of Apu, The (Apur Sansar)",Drama
671,Mystery Science Theater 3000: The Movie,Comedy
671,Mystery Science Theater 3000: The Movie,Sci-Fi
672,Tarantella,Drama
673,Space Jam,Adventure
673,Space Jam,Animation
673,Space Jam,Children's
673,Space Jam,Comedy
673,Space Jam,Fantasy
674,Barbarella,Adventure
674,Barbarella,Sci-Fi
675,Hostile Intentions,Action
675,Hostile Intentions,Drama
675,Hostile Intentions,Thriller
676,They Bite,Drama
678,Some Folks Call It a Sling Blade,Drama
678,Some Folks Call It a Sling Blade,Thriller
679,"Run of the Country, The",Drama
680,Alphaville,Sci-Fi
681,Clean Slate (Coup de Torchon),Crime
682,Tigrero: A Film That Was Never Made,Documentary
682,Tigrero: A Film That Was Never Made,Drama
683,"Eye of Vichy, The (Oeil de Vichy, L')",Documentary
684,Windows,Drama
685,It's My Party,Drama
687,Country Life,Drama
687,Country Life,Romance
688,Operation Dumbo Drop,Action
688,Operation Dumbo Drop,Adventure
688,Operation Dumbo Drop,Comedy
688,Operation Dumbo Drop,War
690,"Promise, The (Versprechen, Das)",Romance
691,Mrs. Winterbourne,Comedy
691,Mrs. Winterbourne,Romance
692,Solo,Action
692,Solo,Sci-Fi
692,Solo,Thriller
693,Under the Domin Tree (Etz Hadomim Tafus),Drama
694,"Substitute, The",Action
695,True Crime,Mystery
695,True Crime,Thriller
696,Butterfly Kiss,Thriller
697,Feeling Minnesota,Drama
697,Feeling Minnesota,Romance
698,Delta of Venus,Drama
699,To Cross the Rubicon,Drama
700,Angus,Comedy
701,Daens,Drama
702,Faces,Drama
703,Boys,Drama
704,"Quest, The",Action
704,"Quest, The",Adventure
705,Cosi,Comedy
706,Sunset Park,Drama
707,Mulholland Falls,Crime
707,Mulholland Falls,Film-Noir
707,Mulholland Falls,Thriller
708,"Truth About Cats & Dogs, The",Comedy
708,"Truth About Cats & Dogs, The",Romance
709,Oliver & Company,Animation
709,Oliver & Company,Children's
710,Celtic Pride,Comedy
711,Flipper,Adventure
711,Flipper,Children's
712,Captives,Drama
713,Of Love and Shadows,Drama
714,Dead Man,Western
715,"Horseman on the Roof, The (Hussard sur le toit, Le)",Drama
716,Switchblade Sisters,Crime
717,Mouth to Mouth (Boca a boca),Comedy
718,"Visitors, The (Les Visiteurs)",Comedy
718,"Visitors, The (Les Visiteurs)",Sci-Fi
719,Multiplicity,Comedy
720,Wallace & Gromit: The Best of Aardman Animation,Animation
721,Halfmoon (Paul Bowles - Halbmond),Drama
722,"Haunted World of Edward D. Wood Jr., The",Documentary
723,Two Friends,Drama
724,"Craft, The",Drama
724,"Craft, The",Horror
725,"Great White Hype, The",Comedy
726,Last Dance,Drama
727,War Stories,Documentary
728,Cold Comfort Farm,Comedy
729,"Institute Benjamenta, or This Dream People Call Human Life",Drama
730,"Low Life, The",Drama
731,Heaven's Prisoners,Mystery
731,Heaven's Prisoners,Thriller
732,Original Gangstas,Crime
733,"Rock, The",Action
733,"Rock, The",Adventure
733,"Rock, The",Thriller
734,Getting Away With Murder,Comedy
735,Cemetery Man (Dellamorte Dellamore),Comedy
735,Cemetery Man (Dellamorte Dellamore),Horror
736,Twister,Action
736,Twister,Adventure
736,Twister,Romance
736,Twister,Thriller
737,Barb Wire,Action
737,Barb Wire,Sci-Fi
738,"Garcu, Le",Drama
739,Honigmond,Comedy
741,Ghost in the Shell (Kokaku kidotai),Animation
741,Ghost in the Shell (Kokaku kidotai),Sci-Fi
742,Thinner,Horror
742,Thinner,Thriller
743,Spy Hard,Comedy
744,Brothers in Trouble,Drama
745,"Close Shave, A",Animation
745,"Close Shave, A",Comedy
745,"Close Shave, A",Thriller
746,Force of Evil,Film-Noir
747,"Stupids, The",Comedy
748,"Arrival, The",Action
748,"Arrival, The",Sci-Fi
748,"Arrival, The",Thriller
749,"Man from Down Under, The",Drama
750,Dr. Strangelove or: How I Learned to Stop Worrying and Love the Bomb,Sci-Fi
750,Dr. Strangelove or: How I Learned to Stop Worrying and Love the Bomb,War
751,Careful,Comedy
752,Vermont Is For Lovers,Comedy
752,Vermont Is For Lovers,Romance
753,"Month by the Lake, A",Comedy
753,"Month by the Lake, A",Drama
754,Gold Diggers: The Secret of Bear Mountain,Adventure
754,Gold Diggers: The Secret of Bear Mountain,Children's
755,Kim,Children's
755,Kim,Drama
756,Carmen Miranda: Bananas Is My Business,Documentary
757,Ashes of Time,Drama
758,"Jar, The (Khomreh)",Drama
759,Maya Lin: A Strong Clear Vision,Documentary
760,Stalingrad,War
761,"Phantom, The",Adventure
762,Striptease,Comedy
762,Striptease,Crime
763,"Last of the High Kings, The (a.k.a. Summer Fling)",Drama
764,Heavy,Drama
764,Heavy,Romance
765,Jack,Comedy
765,Jack,Drama
766,I Shot Andy Warhol,Drama
767,"Grass Harp, The",Drama
768,Someone Else's America,Drama
769,Marlene Dietrich: Shadow and Light,Documentary
770,Costa Brava,Drama
771,"Vie est belle, La (Life is Rosey)",Comedy
771,"Vie est belle, La (Life is Rosey)",Drama
772,Quartier Mozart,Comedy
773,Touki Bouki (Journey of the Hyena),Drama
774,Wend Kuuni (God's Gift),Drama
775,Spirits of the Dead (Tre Passi nel Delirio),Horror
776,Babyfever,Comedy
776,Babyfever,Drama
777,Pharaoh's Army,War
778,Trainspotting,Drama
779,'Til There Was You,Drama
779,'Til There Was You,Romance
780,Independence Day (ID4),Action
780,Independence Day (ID4),Sci-Fi
780,Independence Day (ID4),War
781,Stealing Beauty,Drama
782,"Fan, The",Thriller
783,"Hunchback of Notre Dame, The",Animation
783,"Hunchback of Notre Dame, The",Children's
783,"Hunchback of Notre Dame, The",Musical
784,"Cable Guy, The",Comedy
785,Kingpin,Comedy
786,Eraser,Action
786,Eraser,Thriller
787,"Gate of Heavenly Peace, The",Documentary
788,"Nutty Professor, The",Comedy
788,"Nutty Professor, The",Fantasy
788,"Nutty Professor, The",Romance
788,"Nutty Professor, The",Sci-Fi
789,"I, Worst of All (Yo, la peor de todas)",Drama
790,An Unforgettable Summer,Drama
791,"Last Klezmer: Leopold Kozlowski, His Life and Music, The",Documentary
792,"Hungarian Fairy Tale, A",Fantasy
793,My Life and Times With Antonin Artaud (En compagnie d'Antonin Artaud),Drama
794,Midnight Dancers (Sibak),Comedy
794,Midnight Dancers (Sibak),Drama
795,Somebody to Love,Drama
796,"Very Natural Thing, A",Drama
797,"Old Lady Who Walked in the Sea, The (Vieille qui marchait dans la mer, La)",Comedy
798,Daylight,Action
798,Daylight,Adventure
798,Daylight,Thriller
799,"Frighteners, The",Comedy
799,"Frighteners, The",Horror
800,Lone Star,Drama
800,Lone Star,Mystery
801,Harriet the Spy,Children's
801,Harriet the Spy,Comedy
802,Phenomenon,Drama
802,Phenomenon,Romance
803,Walking and Talking,Romance
804,She's the One,Comedy
804,She's the One,Romance
805,"Time to Kill, A",Drama
806,American Buffalo,Drama
807,"Rendezvous in Paris (Rendez-vous de Paris, Les)",Comedy
807,"Rendezvous in Paris (Rendez-vous de Paris, Les)",Romance
808,Alaska,Adventure
808,Alaska,Children's
809,Fled,Action
809,Fled,Adventure
810,Kazaam,Children's
810,Kazaam,Comedy
810,Kazaam,Fantasy
811,"Bewegte Mann, Der",Comedy
812,Magic Hunter,Drama
813,Larger Than Life,Comedy
814,"Boy Called Hate, A",Drama
815,Power 98,Action
815,Power 98,Mystery
815,Power 98,Thriller
816,Two Deaths,Drama
818,"Very Brady Sequel, A",Comedy
819,Stefano Quantestorie,Comedy
819,Stefano Quantestorie,Drama
820,"Death in the Garden (Mort en ce jardin, La)",Drama
821,"Crude Oasis, The",Romance
822,Hedd Wyn,Drama
823,"Collectionneuse, La",Drama
824,Kaspar Hauser,Drama
825,Echte Kerle,Comedy
825,Echte Kerle,Romance
826,Diebinnen,Drama
827,"Convent, The (Convento, O)",Drama
828,"Adventures of Pinocchio, The",Adventure
828,"Adventures of Pinocchio, The",Children's
829,Joe's Apartment,Comedy
829,Joe's Apartment,Musical
830,"First Wives Club, The",Comedy
831,Stonewall,Drama
832,Ransom,Drama
832,Ransom,Thriller
833,High School High,Comedy
834,Phat Beach,Comedy
835,Foxfire,Drama
836,Chain Reaction,Action
836,Chain Reaction,Adventure
836,Chain Reaction,Thriller
837,Matilda,Children's
837,Matilda,Comedy
838,Emma,Comedy
838,Emma,Drama
838,Emma,Romance
839,"Crow: City of Angels, The",Action
839,"Crow: City of Angels, The",Thriller
840,House Arrest,Comedy
841,Eyes Without a Face,Horror
842,Tales from the Crypt Presents: Bordello of Blood,Horror
843,Lotto Land,Drama
844,"Story of Xinghua, The",Drama
845,"Day the Sun Turned Cold, The (Tianguo niezi)",Drama
846,Flirt,Drama
847,"Big Squeeze, The",Comedy
847,"Big Squeeze, The",Drama
848,"Spitfire Grill, The",Drama
849,Escape from L.A.,Action
849,Escape from L.A.,Adventure
849,Escape from L.A.,Sci-Fi
849,Escape from L.A.,Thriller
850,Cyclo,Crime
850,Cyclo,Drama
851,Basquiat,Drama
852,Tin Cup,Comedy
852,Tin Cup,Romance
853,Dingo,Drama
854,"Ballad of Narayama, The (Narayama Bushiko)",Drama
855,Every Other Weekend,Drama
856,Mille bolle blu,Comedy
857,Crows and Sparrows,Drama
858,"Godfather, The",Action
858,"Godfather, The",Crime
858,"Godfather, The",Drama
859,"Hippie Revolution, The",Documentary
860,"Maybe, Maybe Not (Bewegte Mann, Der)",Comedy
861,Supercop,Action
861,Supercop,Thriller
862,Manny & Lo,Drama
863,Celestial Clockwork,Comedy
864,"Wife, The",Comedy
864,"Wife, The",Drama
865,Small Faces,Drama
866,Bound,Crime
866,Bound,Drama
866,Bound,Romance
866,Bound,Thriller
867,Carpool,Comedy
867,Carpool,Crime
868,Death in Brunswick,Comedy
869,Kansas City,Crime
870,Gone Fishin',Comedy
871,Lover's Knot,Comedy
872,Aiqing wansui,Drama
873,Shadow of Angels (Schatten der Engel),Drama
874,Killer: A Journal of Murder,Crime
874,Killer: A Journal of Murder,Drama
875,Nothing to Lose,Drama
876,Police Story 4: Project S (Chao ji ji hua),Action
877,Girls Town,Drama
878,Bye-Bye,Drama
879,"Relic, The",Horror
880,"Island of Dr. Moreau, The",Sci-Fi
880,"Island of Dr. Moreau, The",Thriller
881,First Kid,Children's
881,First Kid,Comedy
882,"Trigger Effect, The",Drama
882,"Trigger Effect, The",Thriller
884,Sweet Nothing,Drama
885,Bogus,Children's
885,Bogus,Drama
885,Bogus,Fantasy
886,Bulletproof,Action
887,Talk of Angels,Drama
888,Land Before Time III: The Time of the Great Giving,Animation
888,Land Before Time III: The Time of the Great Giving,Children's
889,1-900,Romance
890,Baton Rouge,Thriller
891,Halloween: The Curse of Michael Myers,Horror
891,Halloween: The Curse of Michael Myers,Thriller
892,Twelfth Night,Comedy
892,Twelfth Night,Drama
892,Twelfth Night,Romance
893,Mother Night,Drama
894,Liebelei,Romance
895,Venice/Venice,Drama
896,Wild Reeds,Drama
897,For Whom the Bell Tolls,Adventure
897,For Whom the Bell Tolls,War
898,"Philadelphia Story, The",Comedy
898,"Philadelphia Story, The",Romance
899,Singin' in the Rain,Musical
899,Singin' in the Rain,Romance
900,"American in Paris, An",Musical
900,"American in Paris, An",Romance
901,Funny Face,Comedy
901,Funny Face,Musical
902,Breakfast at Tiffany's,Drama
902,Breakfast at Tiffany's,Romance
903,Vertigo,Mystery
903,Vertigo,Thriller
904,Rear Window,Mystery
904,Rear Window,Thriller
905,It Happened One Night,Comedy
906,Gaslight,Mystery
906,Gaslight,Thriller
907,"Gay Divorcee, The",Comedy
907,"Gay Divorcee, The",Musical
907,"Gay Divorcee, The",Romance
908,North by Northwest,Drama
908,North by Northwest,Thriller
909,"Apartment, The",Comedy
909,"Apartment, The",Drama
910,Some Like It Hot,Comedy
910,Some Like It Hot,Crime
911,Charade,Comedy
911,Charade,Mystery
911,Charade,Romance
911,Charade,Thriller
912,Casablanca,Drama
912,Casablanca,Romance
912,Casablanca,War
913,"Maltese Falcon, The",Film-Noir
913,"Maltese Falcon, The",Mystery
914,My Fair Lady,Musical
914,My Fair Lady,Romance
915,Sabrina,Comedy
915,Sabrina,Romance
916,Roman Holiday,Comedy
916,Roman Holiday,Romance
917,"Little Princess, The",Children's
917,"Little Princess, The",Drama
918,Meet Me in St. Louis,Musical
919,"Wizard of Oz, The",Adventure
919,"Wizard of Oz, The",Children's
919,"Wizard of Oz, The",Drama
919,"Wizard of Oz, The",Musical
920,Gone with the Wind,Drama
920,Gone with the Wind,Romance
920,Gone with the Wind,War
921,My Favorite Year,Comedy
922,Sunset Blvd. (a.k.a. Sunset Boulevard),Film-Noir
923,Citizen Kane,Drama
924,2001: A Space Odyssey,Drama
924,2001: A Space Odyssey,Mystery
924,2001: A Space Odyssey,Sci-Fi
924,2001: A Space Odyssey,Thriller
925,Golden Earrings,Adventure
925,Golden Earrings,Romance
926,All About Eve,Drama
927,"Women, The",Comedy
928,Rebecca,Romance
928,Rebecca,Thriller
929,Foreign Correspondent,Thriller
930,Notorious,Film-Noir
930,Notorious,Romance
930,Notorious,Thriller
931,Spellbound,Mystery
931,Spellbound,Romance
931,Spellbound,Thriller
932,"Affair to Remember, An",Romance
933,To Catch a Thief,Comedy
933,To Catch a Thief,Romance
933,To Catch a Thief,Thriller
934,Father of the Bride,Comedy
935,"Band Wagon, The",Comedy
935,"Band Wagon, The",Musical
936,Ninotchka,Comedy
936,Ninotchka,Romance
937,Love in the Afternoon,Comedy
937,Love in the Afternoon,Romance
938,Gigi,Musical
939,"Reluctant Debutante, The",Comedy
939,"Reluctant Debutante, The",Drama
940,"Adventures of Robin Hood, The",Action
940,"Adventures of Robin Hood, The",Adventure
941,"Mark of Zorro, The",Adventure
942,Laura,Crime
942,Laura,Film-Noir
942,Laura,Mystery
943,"Ghost and Mrs. Muir, The",Drama
943,"Ghost and Mrs. Muir, The",Romance
944,Lost Horizon,Drama
945,Top Hat,Comedy
945,Top Hat,Musical
945,Top Hat,Romance
946,To Be or Not to Be,Comedy
946,To Be or Not to Be,Drama
946,To Be or Not to Be,War
947,My Man Godfrey,Comedy
948,Giant,Drama
949,East of Eden,Drama
950,"Thin Man, The",Mystery
951,His Girl Friday,Comedy
952,Around the World in 80 Days,Adventure
952,Around the World in 80 Days,Comedy
953,It's a Wonderful Life,Drama
954,Mr. Smith Goes to Washington,Drama
955,Bringing Up Baby,Comedy
956,Penny Serenade,Drama
956,Penny Serenade,Romance
957,"Scarlet Letter, The",Drama
958,Lady of Burlesque,Comedy
958,Lady of Burlesque,Mystery
959,Of Human Bondage,Drama
960,Angel on My Shoulder,Crime
960,Angel on My Shoulder,Drama
961,Little Lord Fauntleroy,Drama
962,They Made Me a Criminal,Crime
962,They Made Me a Criminal,Drama
963,"Inspector General, The",Musical
964,Angel and the Badman,Western
965,"39 Steps, The",Thriller
966,"Walk in the Sun, A",Drama
967,"Outlaw, The",Western
968,Night of the Living Dead,Horror
968,Night of the Living Dead,Sci-Fi
969,"African Queen, The",Action
969,"African Queen, The",Adventure
969,"African Queen, The",Romance
969,"African Queen, The",War
970,Beat the Devil,Comedy
970,Beat the Devil,Drama
971,Cat on a Hot Tin Roof,Drama
972,"Last Time I Saw Paris, The",Drama
973,Meet John Doe,Drama
974,Algiers,Drama
974,Algiers,Romance
975,Something to Sing About,Comedy
975,Something to Sing About,Musical
976,"Farewell to Arms, A",Romance
976,"Farewell to Arms, A",War
977,Moonlight Murder,Mystery
978,"Blue Angel, The (Blaue Engel, Der)",Drama
979,Nothing Personal,Drama
979,Nothing Personal,War
980,In the Line of Duty 2,Action
981,Dangerous Ground,Drama
982,Picnic,Drama
983,Madagascar Skin,Romance
984,"Pompatus of Love, The",Comedy
984,"Pompatus of Love, The",Drama
985,Small Wonders,Documentary
986,Fly Away Home,Adventure
986,Fly Away Home,Children's
987,Bliss,Drama
987,Bliss,Romance
988,Grace of My Heart,Comedy
988,Grace of My Heart,Drama
989,Schlafes Bruder (Brother of Sleep),Drama
990,Maximum Risk,Action
990,Maximum Risk,Adventure
990,Maximum Risk,Thriller
991,Michael Collins,Drama
991,Michael Collins,War
992,"Rich Man's Wife, The",Thriller
993,Infinity,Drama
994,Big Night,Drama
996,Last Man Standing,Action
996,Last Man Standing,Drama
996,Last Man Standing,Western
997,Caught,Drama
997,Caught,Thriller
998,Set It Off,Action
998,Set It Off,Crime
999,2 Days in the Valley,Crime
1000,Curdled,Crime
1001,"Associate, The (L'Associe)",Comedy
1002,Ed's Next Move,Comedy
1003,Extreme Measures,Drama
1003,Extreme Measures,Thriller
1004,"Glimmer Man, The",Action
1004,"Glimmer Man, The",Thriller
1005,D3: The Mighty Ducks,Children's
1005,D3: The Mighty Ducks,Comedy
1006,"Chamber, The",Drama
1007,"Apple Dumpling Gang, The",Children's
1007,"Apple Dumpling Gang, The",Comedy
1007,"Apple Dumpling Gang, The",Western
1008,"Davy Crockett, King of the Wild Frontier",Western
1009,Escape to Witch Mountain,Adventure
1009,Escape to Witch Mountain,Children's
1009,Escape to Witch Mountain,Fantasy
1010,"Love Bug, The",Children's
1010,"Love Bug, The",Comedy
1011,Herbie Rides Again,Adventure
1011,Herbie Rides Again,Children's
1011,Herbie Rides Again,Comedy
1012,Old Yeller,Children's
1012,Old Yeller,Drama
1013,"Parent Trap, The",Children's
1013,"Parent Trap, The",Drama
1014,Pollyanna,Children's
1014,Pollyanna,Comedy
1014,Pollyanna,Drama
1015,Homeward Bound: The Incredible Journey,Adventure
1015,Homeward Bound: The Incredible Journey,Children's
1016,"Shaggy Dog, The",Children's
1016,"Shaggy Dog, The",Comedy
1017,Swiss Family Robinson,Adventure
1017,Swiss Family Robinson,Children's
1018,That Darn Cat!,Children's
1018,That Darn Cat!,Comedy
1018,That Darn Cat!,Mystery
1019,"20,000 Leagues Under the Sea",Adventure
1019,"20,000 Leagues Under the Sea",Children's
1019,"20,000 Leagues Under the Sea",Fantasy
1019,"20,000 Leagues Under the Sea",Sci-Fi
1020,Cool Runnings,Comedy
1021,Angels in the Outfield,Children's
1021,Angels in the Outfield,Comedy
1022,Cinderella,Animation
1022,Cinderella,Children's
1022,Cinderella,Musical
1023,Winnie the Pooh and the Blustery Day,Animation
1023,Winnie the Pooh and the Blustery Day,Children's
1024,"Three Caballeros, The",Animation
1024,"Three Caballeros, The",Children's
1024,"Three Caballeros, The",Musical
1025,"Sword in the Stone, The",Animation
1025,"Sword in the Stone, The",Children's
1026,So Dear to My Heart,Children's
1026,So Dear to My Heart,Drama
1027,Robin Hood: Prince of Thieves,Drama
1028,Mary Poppins,Children's
1028,Mary Poppins,Comedy
1028,Mary Poppins,Musical
1029,Dumbo,Animation
1029,Dumbo,Children's
1029,Dumbo,Musical
1030,Pete's Dragon,Adventure
1030,Pete's Dragon,Animation
1030,Pete's Dragon,Children's
1030,Pete's Dragon,Musical
1031,Bedknobs and Broomsticks,Adventure
1031,Bedknobs and Broomsticks,Children's
1031,Bedknobs and Broomsticks,Musical
1032,Alice in Wonderland,Animation
1032,Alice in Wonderland,Children's
1032,Alice in Wonderland,Musical
1033,"Fox and the Hound, The",Animation
1033,"Fox and the Hound, The",Children's
1034,Freeway,Crime
1035,"Sound of Music, The",Musical
1036,Die Hard,Action
1036,Die Hard,Thriller
1037,"Lawnmower Man, The",Action
1037,"Lawnmower Man, The",Sci-Fi
1037,"Lawnmower Man, The",Thriller
1038,Unhook the Stars,Drama
1039,Synthetic Pleasures,Documentary
1040,"Secret Agent, The",Drama
1041,Secrets & Lies,Drama
1042,That Thing You Do!,Comedy
1043,To Gillian on Her 37th Birthday,Drama
1043,To Gillian on Her 37th Birthday,Romance
1044,Surviving Picasso,Drama
1045,Love Is All There Is,Comedy
1045,Love Is All There Is,Drama
1046,Beautiful Thing,Drama
1046,Beautiful Thing,Romance
1047,"Long Kiss Goodnight, The",Action
1047,"Long Kiss Goodnight, The",Thriller
1049,"Ghost and the Darkness, The",Action
1049,"Ghost and the Darkness, The",Adventure
1050,Looking for Richard,Documentary
1050,Looking for Richard,Drama
1051,Trees Lounge,Drama
1052,"Proprietor, The",Drama
1053,Normal Life,Crime
1053,Normal Life,Drama
1054,Get on the Bus,Drama
1055,Shadow Conspiracy,Thriller
1056,Jude,Drama
1057,Everyone Says I Love You,Comedy
1057,Everyone Says I Love You,Musical
1057,Everyone Says I Love You,Romance
1058,Bitter Sugar (Azucar Amargo),Drama
1059,William Shakespeare's Romeo and Juliet,Drama
1059,William Shakespeare's Romeo and Juliet,Romance
1060,Swingers,Comedy
1060,Swingers,Drama
1061,Sleepers,Crime
1061,Sleepers,Drama
1062,"Sunchaser, The",Drama
1063,Johns,Drama
1064,Aladdin and the King of Thieves,Animation
1064,Aladdin and the King of Thieves,Children's
1064,Aladdin and the King of Thieves,Comedy
1065,"Woman in Question, The",Mystery
1066,Shall We Dance?,Comedy
1066,Shall We Dance?,Musical
1066,Shall We Dance?,Romance
1067,"Damsel in Distress, A",Comedy
1067,"Damsel in Distress, A",Musical
1067,"Damsel in Distress, A",Romance
1068,Crossfire,Crime
1068,Crossfire,Film-Noir
1069,"Murder, My Sweet",Film-Noir
1069,"Murder, My Sweet",Thriller
1070,Macao,Adventure
1071,For the Moment,Romance
1071,For the Moment,War
1073,Willy Wonka and the Chocolate Factory,Adventure
1073,Willy Wonka and the Chocolate Factory,Children's
1073,Willy Wonka and the Chocolate Factory,Comedy
1073,Willy Wonka and the Chocolate Factory,Fantasy
1075,"Sexual Life of the Belgians, The",Comedy
1076,"Innocents, The",Thriller
1077,Sleeper,Comedy
1077,Sleeper,Sci-Fi
1078,Bananas,Comedy
1078,Bananas,War
1079,"Fish Called Wanda, A",Comedy
1080,Monty Python's Life of Brian,Comedy
1081,Victor/Victoria,Comedy
1081,Victor/Victoria,Musical
1082,"Candidate, The",Drama
1083,"Great Race, The",Comedy
1083,"Great Race, The",Musical
1084,Bonnie and Clyde,Crime
1084,Bonnie and Clyde,Drama
1085,"Old Man and the Sea, The",Adventure
1085,"Old Man and the Sea, The",Drama
1086,Dial M for Murder,Mystery
1086,Dial M for Murder,Thriller
1087,Madame Butterfly,Musical
1088,Dirty Dancing,Musical
1088,Dirty Dancing,Romance
1089,Reservoir Dogs,Crime
1089,Reservoir Dogs,Thriller
1090,Platoon,Drama
1090,Platoon,War
1091,Weekend at Bernie's,Comedy
1092,Basic Instinct,Mystery
1092,Basic Instinct,Thriller
1093,"Doors, The",Drama
1093,"Doors, The",Musical
1094,"Crying Game, The",Drama
1094,"Crying Game, The",Romance
1094,"Crying Game, The",War
1095,Glengarry Glen Ross,Drama
1096,Sophie's Choice,Drama
1097,E.T. the Extra-Terrestrial,Children's
1097,E.T. the Extra-Terrestrial,Drama
1097,E.T. the Extra-Terrestrial,Fantasy
1097,E.T. the Extra-Terrestrial,Sci-Fi
1098,"Search for One-eye Jimmy, The",Comedy
1099,"Christmas Carol, A",Drama
1100,Days of Thunder,Action
1100,Days of Thunder,Romance
1101,Top Gun,Action
1101,Top Gun,Romance
1102,American Strays,Action
1103,Rebel Without a Cause,Drama
1104,"Streetcar Named Desire, A",Drama
1105,Children of the Corn IV: The Gathering,Horror
1106,"Leopard Son, The",Documentary
1107,Loser,Comedy
1108,Prerokbe Ognja,Documentary
1109,Charm's Incidents,Drama
1110,Bird of Prey,Action
1111,Microcosmos (Microcosmos: Le peuple de l'herbe),Documentary
1112,Palookaville,Action
1112,Palookaville,Drama
1113,"Associate, The",Comedy
1114,"Funeral, The",Drama
1115,Sleepover,Comedy
1115,Sleepover,Drama
1116,"Single Girl, A (La Fille Seule)",Drama
1117,"Eighth Day, The (Le Huitime jour )",Drama
1118,Tashunga,Adventure
1118,Tashunga,Western
1119,Drunks,Drama
1120,"People vs. Larry Flynt, The",Drama
1121,Glory Daze,Drama
1122,Plutonium Circus,Documentary
1123,"Perfect Candidate, A",Documentary
1124,On Golden Pond,Drama
1125,"Return of the Pink Panther, The",Comedy
1126,Drop Dead Fred,Comedy
1126,Drop Dead Fred,Fantasy
1127,"Abyss, The",Action
1127,"Abyss, The",Adventure
1127,"Abyss, The",Sci-Fi
1127,"Abyss, The",Thriller
1128,"Fog, The",Horror
1129,Escape from New York,Action
1129,Escape from New York,Adventure
1129,Escape from New York,Sci-Fi
1129,Escape from New York,Thriller
1130,"Howling, The",Horror
1131,Jean de Florette,Drama
1132,Manon of the Spring (Manon des sources),Drama
1133,Talking About Sex,Comedy
1133,Talking About Sex,Drama
1134,Johnny 100 Pesos,Action
1134,Johnny 100 Pesos,Drama
1135,Private Benjamin,Comedy
1136,Monty Python and the Holy Grail,Comedy
1137,Hustler White,Romance
1138,Dadetown,Documentary
1139,Everything Relative,Drama
1140,Entertaining Angels: The Dorothy Day Story,Drama
1141,Hoogste tijd,Drama
1142,Get Over It,Drama
1143,Three Lives and Only One Death,Comedy
1144,"Line King: Al Hirschfeld, The",Documentary
1145,Snowriders,Documentary
1146,Curtis's Charm,Comedy
1146,Curtis's Charm,Drama
1147,When We Were Kings,Documentary
1148,"Wrong Trousers, The",Animation
1148,"Wrong Trousers, The",Comedy
1149,JLG/JLG - autoportrait de dcembre,Documentary
1149,JLG/JLG - autoportrait de dcembre,Drama
1150,"Return of Martin Guerre, The (Retour de Martin Guerre, Le)",Drama
1151,Faust,Animation
1151,Faust,Comedy
1151,Faust,Thriller
1152,He Walked by Night,Crime
1152,He Walked by Night,Film-Noir
1152,He Walked by Night,Thriller
1153,Raw Deal,Film-Noir
1154,T-Men,Film-Noir
1155,"Invitation, The (Zaproszenie)",Drama
1156,"Children Are Watching us, The (Bambini ci guardano, I)",Drama
1157,"Symphonie pastorale, La",Drama
1158,Here Comes Cookie,Comedy
1159,Love in Bloom,Romance
1160,Six of a Kind,Comedy
1161,"Tin Drum, The (Blechtrommel, Die)",Drama
1162,"Ruling Class, The",Comedy
1163,Mina Tannenbaum,Drama
1164,Two or Three Things I Know About Her,Drama
1165,"Bloody Child, The",Drama
1165,"Bloody Child, The",Thriller
1166,Farmer & Chase,Comedy
1167,Dear God,Comedy
1168,Bad Moon,Horror
1169,American Dream,Documentary
1170,Best of the Best 3: No Turning Back,Action
1171,Bob Roberts,Comedy
1172,Cinema Paradiso,Comedy
1172,Cinema Paradiso,Drama
1172,Cinema Paradiso,Romance
1173,"Cook the Thief His Wife & Her Lover, The",Drama
1174,Grosse Fatigue,Comedy
1175,Delicatessen,Comedy
1175,Delicatessen,Sci-Fi
1176,"Double Life of Veronique, The (La Double Vie de Vronique)",Drama
1177,Enchanted April,Drama
1178,Paths of Glory,Drama
1178,Paths of Glory,War
1179,"Grifters, The",Crime
1179,"Grifters, The",Drama
1179,"Grifters, The",Film-Noir
1180,Hear My Song,Comedy
1181,"Shooter, The",Action
1183,"English Patient, The",Drama
1183,"English Patient, The",Romance
1183,"English Patient, The",War
1184,Mediterraneo,Comedy
1184,Mediterraneo,War
1185,My Left Foot,Drama
1186,"Sex, Lies, and Videotape",Drama
1187,Passion Fish,Drama
1188,Strictly Ballroom,Comedy
1188,Strictly Ballroom,Romance
1189,"Thin Blue Line, The",Documentary
1190,Tie Me Up! Tie Me Down!,Drama
1191,Madonna: Truth or Dare,Documentary
1192,Paris Is Burning,Documentary
1193,One Flew Over the Cuckoo's Nest,Drama
1194,Up in Smoke,Comedy
1196,Star Wars: Episode V - The Empire Strikes Back,Action
1196,Star Wars: Episode V - The Empire Strikes Back,Adventure
1196,Star Wars: Episode V - The Empire Strikes Back,Drama
1196,Star Wars: Episode V - The Empire Strikes Back,Sci-Fi
1196,Star Wars: Episode V - The Empire Strikes Back,War
1197,"Princess Bride, The",Action
1197,"Princess Bride, The",Adventure
1197,"Princess Bride, The",Comedy
1197,"Princess Bride, The",Romance
1198,Raiders of the Lost Ark,Action
1198,Raiders of the Lost Ark,Adventure
1199,Brazil,Sci-Fi
1200,Aliens,Action
1200,Aliens,Sci-Fi
1200,Aliens,Thriller
1200,Aliens,War
1201,"Good, The Bad and The Ugly, The",Action
1201,"Good, The Bad and The Ugly, The",Western
1202,Withnail and I,Comedy
1203,12 Angry Men,Drama
1204,Lawrence of Arabia,Adventure
1204,Lawrence of Arabia,War
1205,"Transformers: The Movie, The",Action
1205,"Transformers: The Movie, The",Animation
1205,"Transformers: The Movie, The",Children's
1205,"Transformers: The Movie, The",Sci-Fi
1205,"Transformers: The Movie, The",Thriller
1205,"Transformers: The Movie, The",War
1206,"Clockwork Orange, A",Sci-Fi
1207,To Kill a Mockingbird,Drama
1208,Apocalypse Now,Drama
1208,Apocalypse Now,War
1209,Once Upon a Time in the West,Western
1210,Star Wars: Episode VI - Return of the Jedi,Action
1210,Star Wars: Episode VI - Return of the Jedi,Adventure
1210,Star Wars: Episode VI - Return of the Jedi,Romance
1210,Star Wars: Episode VI - Return of the Jedi,Sci-Fi
1210,Star Wars: Episode VI - Return of the Jedi,War
1211,Wings of Desire (Der Himmel ber Berlin),Comedy
1211,Wings of Desire (Der Himmel ber Berlin),Drama
1211,Wings of Desire (Der Himmel ber Berlin),Romance
1212,"Third Man, The",Mystery
1212,"Third Man, The",Thriller
1213,GoodFellas,Crime
1213,GoodFellas,Drama
1214,Alien,Action
1214,Alien,Horror
1214,Alien,Sci-Fi
1214,Alien,Thriller
1215,Army of Darkness,Action
1215,Army of Darkness,Adventure
1215,Army of Darkness,Comedy
1215,Army of Darkness,Horror
1215,Army of Darkness,Sci-Fi
1216,"Big Blue, The (Le Grand Bleu)",Adventure
1216,"Big Blue, The (Le Grand Bleu)",Romance
1217,Ran,Drama
1217,Ran,War
1218,"Killer, The (Die xue shuang xiong)",Action
1218,"Killer, The (Die xue shuang xiong)",Thriller
1219,Psycho,Horror
1219,Psycho,Thriller
1220,"Blues Brothers, The",Action
1220,"Blues Brothers, The",Comedy
1220,"Blues Brothers, The",Musical
1221,"Godfather: Part II, The",Action
1221,"Godfather: Part II, The",Crime
1221,"Godfather: Part II, The",Drama
1222,Full Metal Jacket,Action
1222,Full Metal Jacket,Drama
1222,Full Metal Jacket,War
1223,"Grand Day Out, A",Animation
1223,"Grand Day Out, A",Comedy
1224,Henry V,Drama
1224,Henry V,War
1225,Amadeus,Drama
1226,"Quiet Man, The",Comedy
1226,"Quiet Man, The",Romance
1227,Once Upon a Time in America,Crime
1227,Once Upon a Time in America,Drama
1227,Once Upon a Time in America,Thriller
1228,Raging Bull,Drama
1230,Annie Hall,Comedy
1230,Annie Hall,Romance
1231,"Right Stuff, The",Drama
1232,Stalker,Mystery
1232,Stalker,Sci-Fi
1233,"Boat, The (Das Boot)",Action
1233,"Boat, The (Das Boot)",Drama
1233,"Boat, The (Das Boot)",War
1234,"Sting, The",Comedy
1234,"Sting, The",Crime
1235,Harold and Maude,Comedy
1236,Trust,Comedy
1236,Trust,Drama
1237,"Seventh Seal, The (Sjunde inseglet, Det)",Drama
1238,Local Hero,Comedy
1240,"Terminator, The",Action
1240,"Terminator, The",Sci-Fi
1240,"Terminator, The",Thriller
1241,Braindead,Comedy
1241,Braindead,Horror
1242,Glory,Action
1242,Glory,Drama
1242,Glory,War
1243,Rosencrantz and Guildenstern Are Dead,Comedy
1243,Rosencrantz and Guildenstern Are Dead,Drama
1244,Manhattan,Comedy
1244,Manhattan,Drama
1244,Manhattan,Romance
1245,Miller's Crossing,Drama
1246,Dead Poets Society,Drama
1247,"Graduate, The",Drama
1247,"Graduate, The",Romance
1248,Touch of Evil,Crime
1248,Touch of Evil,Film-Noir
1248,Touch of Evil,Thriller
1249,Nikita (La Femme Nikita),Thriller
1250,"Bridge on the River Kwai, The",Drama
1250,"Bridge on the River Kwai, The",War
1251,8 1/2,Drama
1252,Chinatown,Film-Noir
1252,Chinatown,Mystery
1252,Chinatown,Thriller
1253,"Day the Earth Stood Still, The",Drama
1253,"Day the Earth Stood Still, The",Sci-Fi
1254,"Treasure of the Sierra Madre, The",Adventure
1255,Bad Taste,Comedy
1255,Bad Taste,Horror
1256,Duck Soup,Comedy
1256,Duck Soup,War
1257,Better Off Dead...,Comedy
1258,"Shining, The",Horror
1259,Stand by Me,Adventure
1259,Stand by Me,Comedy
1259,Stand by Me,Drama
1260,M,Crime
1260,M,Film-Noir
1260,M,Thriller
1261,Evil Dead II (Dead By Dawn),Action
1261,Evil Dead II (Dead By Dawn),Adventure
1261,Evil Dead II (Dead By Dawn),Comedy
1261,Evil Dead II (Dead By Dawn),Horror
1262,"Great Escape, The",Adventure
1262,"Great Escape, The",War
1263,"Deer Hunter, The",Drama
1263,"Deer Hunter, The",War
1264,Diva,Action
1264,Diva,Drama
1264,Diva,Mystery
1264,Diva,Romance
1264,Diva,Thriller
1265,Groundhog Day,Comedy
1265,Groundhog Day,Romance
1266,Unforgiven,Western
1267,"Manchurian Candidate, The",Film-Noir
1267,"Manchurian Candidate, The",Thriller
1268,Pump Up the Volume,Drama
1269,Arsenic and Old Lace,Comedy
1269,Arsenic and Old Lace,Mystery
1269,Arsenic and Old Lace,Thriller
1270,Back to the Future,Comedy
1270,Back to the Future,Sci-Fi
1271,Fried Green Tomatoes,Drama
1272,Patton,Drama
1272,Patton,War
1273,Down by Law,Comedy
1273,Down by Law,Drama
1274,Akira,Adventure
1274,Akira,Animation
1274,Akira,Sci-Fi
1274,Akira,Thriller
1275,Highlander,Action
1275,Highlander,Adventure
1276,Cool Hand Luke,Comedy
1276,Cool Hand Luke,Drama
1277,Cyrano de Bergerac,Action
1277,Cyrano de Bergerac,Drama
1277,Cyrano de Bergerac,Romance
1278,Young Frankenstein,Comedy
1278,Young Frankenstein,Horror
1279,Night on Earth,Comedy
1279,Night on Earth,Drama
1280,Raise the Red Lantern,Drama
1281,"Great Dictator, The",Comedy
1282,Fantasia,Animation
1282,Fantasia,Children's
1282,Fantasia,Musical
1283,High Noon,Western
1284,"Big Sleep, The",Film-Noir
1284,"Big Sleep, The",Mystery
1285,Heathers,Comedy
1286,Somewhere in Time,Drama
1286,Somewhere in Time,Romance
1287,Ben-Hur,Action
1287,Ben-Hur,Adventure
1287,Ben-Hur,Drama
1288,This Is Spinal Tap,Comedy
1288,This Is Spinal Tap,Drama
1288,This Is Spinal Tap,Musical
1289,Koyaanisqatsi,Documentary
1289,Koyaanisqatsi,War
1290,Some Kind of Wonderful,Drama
1290,Some Kind of Wonderful,Romance
1291,Indiana Jones and the Last Crusade,Action
1291,Indiana Jones and the Last Crusade,Adventure
1292,Being There,Comedy
1293,Gandhi,Drama
1294,M*A*S*H,Comedy
1294,M*A*S*H,War
1295,"Unbearable Lightness of Being, The",Drama
1296,"Room with a View, A",Drama
1296,"Room with a View, A",Romance
1297,Real Genius,Comedy
1298,Pink Floyd - The Wall,Drama
1298,Pink Floyd - The Wall,Musical
1298,Pink Floyd - The Wall,War
1299,"Killing Fields, The",Drama
1299,"Killing Fields, The",War
1300,My Life as a Dog (Mitt liv som hund),Drama
1301,Forbidden Planet,Sci-Fi
1302,Field of Dreams,Drama
1303,"Man Who Would Be King, The",Adventure
1304,Butch Cassidy and the Sundance Kid,Action
1304,Butch Cassidy and the Sundance Kid,Comedy
1304,Butch Cassidy and the Sundance Kid,Western
1305,"Paris, Texas",Drama
1306,Until the End of the World (Bis ans Ende der Welt),Drama
1306,Until the End of the World (Bis ans Ende der Welt),Sci-Fi
1307,When Harry Met Sally...,Comedy
1307,When Harry Met Sally...,Romance
1308,I Shot a Man in Vegas,Comedy
1309,Parallel Sons,Drama
1309,Parallel Sons,Romance
1310,Hype!,Documentary
1311,Santa with Muscles,Comedy
1312,Female Perversions,Drama
1313,Mad Dog Time,Crime
1314,Breathing Room,Romance
1315,Paris Was a Woman,Documentary
1316,Anna,Drama
1317,I'm Not Rappaport,Comedy
1318,Blue Juice,Comedy
1318,Blue Juice,Drama
1319,Kids of Survival,Documentary
1320,Alien,Action
1320,Alien,Horror
1320,Alien,Sci-Fi
1320,Alien,Thriller
1321,"American Werewolf in London, An",Horror
1322,Amityville 1992: It's About Time,Horror
1323,Amityville 3-D,Horror
1324,Amityville: Dollhouse,Horror
1325,Amityville: A New Generation,Horror
1326,Amityville II: The Possession,Horror
1327,"Amityville Horror, The",Horror
1328,"Amityville Curse, The",Horror
1329,Blood For Dracula (Andy Warhol's Dracula),Horror
1330,April Fool's Day,Comedy
1330,April Fool's Day,Horror
1331,Audrey Rose,Horror
1332,"Believers, The",Horror
1332,"Believers, The",Thriller
1333,"Birds, The",Horror
1334,"Blob, The",Horror
1334,"Blob, The",Sci-Fi
1335,Blood Beach,Action
1335,Blood Beach,Horror
1336,Body Parts,Horror
1337,"Body Snatcher, The",Horror
1339,Bram Stoker's Dracula,Horror
1339,Bram Stoker's Dracula,Romance
1340,Bride of Frankenstein,Horror
1341,Burnt Offerings,Horror
1342,Candyman,Horror
1343,Cape Fear,Thriller
1344,Cape Fear,Film-Noir
1344,Cape Fear,Thriller
1345,Carrie,Horror
1346,Cat People,Horror
1347,"Nightmare on Elm Street, A",Horror
1348,"Nosferatu (Nosferatu, eine Symphonie des Grauens)",Horror
1349,Nosferatu a Venezia,Horror
1350,"Omen, The",Horror
1351,Blood & Wine,Drama
1352,Albino Alligator,Crime
1352,Albino Alligator,Thriller
1353,"Mirror Has Two Faces, The",Comedy
1353,"Mirror Has Two Faces, The",Romance
1354,Breaking the Waves,Drama
1355,Nightwatch,Horror
1355,Nightwatch,Thriller
1356,Star Trek: First Contact,Action
1356,Star Trek: First Contact,Adventure
1356,Star Trek: First Contact,Sci-Fi
1357,Shine,Drama
1357,Shine,Romance
1358,Sling Blade,Drama
1358,Sling Blade,Thriller
1359,Jingle All the Way,Adventure
1359,Jingle All the Way,Children's
1359,Jingle All the Way,Comedy
1360,Identification of a Woman (Identificazione di una donna),Drama
1361,Paradise Lost: The Child Murders at Robin Hood Hills,Documentary
1362,"Garden of Finzi-Contini, The (Giardino dei Finzi-Contini, Il)",Drama
1363,"Preacher's Wife, The",Drama
1364,Zero Kelvin (Kjrlighetens kjtere),Action
1365,Ridicule,Drama
1366,"Crucible, The",Drama
1367,101 Dalmatians,Children's
1367,101 Dalmatians,Comedy
1368,"Forbidden Christ, The (Cristo proibito, Il)",Drama
1369,I Can't Sleep (J'ai pas sommeil),Drama
1369,I Can't Sleep (J'ai pas sommeil),Thriller
1370,Die Hard 2,Action
1370,Die Hard 2,Thriller
1371,Star Trek: The Motion Picture,Action
1371,Star Trek: The Motion Picture,Adventure
1371,Star Trek: The Motion Picture,Sci-Fi
1372,Star Trek VI: The Undiscovered Country,Action
1372,Star Trek VI: The Undiscovered Country,Adventure
1372,Star Trek VI: The Undiscovered Country,Sci-Fi
1373,Star Trek V: The Final Frontier,Action
1373,Star Trek V: The Final Frontier,Adventure
1373,Star Trek V: The Final Frontier,Sci-Fi
1374,Star Trek: The Wrath of Khan,Action
1374,Star Trek: The Wrath of Khan,Adventure
1374,Star Trek: The Wrath of Khan,Sci-Fi
1375,Star Trek III: The Search for Spock,Action
1375,Star Trek III: The Search for Spock,Adventure
1375,Star Trek III: The Search for Spock,Sci-Fi
1376,Star Trek IV: The Voyage Home,Action
1376,Star Trek IV: The Voyage Home,Adventure
1376,Star Trek IV: The Voyage Home,Sci-Fi
1377,Batman Returns,Action
1377,Batman Returns,Adventure
1377,Batman Returns,Comedy
1377,Batman Returns,Crime
1378,Young Guns,Action
1378,Young Guns,Comedy
1378,Young Guns,Western
1379,Young Guns II,Action
1379,Young Guns II,Comedy
1379,Young Guns II,Western
1380,Grease,Comedy
1380,Grease,Musical
1380,Grease,Romance
1381,Grease 2,Comedy
1381,Grease 2,Musical
1381,Grease 2,Romance
1382,Marked for Death,Action
1382,Marked for Death,Drama
1383,Adrenalin: Fear the Rush,Action
1383,Adrenalin: Fear the Rush,Sci-Fi
1384,"Substance of Fire, The",Drama
1385,Under Siege,Action
1386,Terror in a Texas Town,Western
1387,Jaws,Action
1387,Jaws,Horror
1388,Jaws 2,Action
1388,Jaws 2,Horror
1389,Jaws 3-D,Action
1389,Jaws 3-D,Horror
1390,My Fellow Americans,Comedy
1391,Mars Attacks!,Action
1391,Mars Attacks!,Comedy
1391,Mars Attacks!,Sci-Fi
1391,Mars Attacks!,War
1392,Citizen Ruth,Comedy
1392,Citizen Ruth,Drama
1393,Jerry Maguire,Drama
1393,Jerry Maguire,Romance
1394,Raising Arizona,Comedy
1395,Tin Men,Comedy
1395,Tin Men,Drama
1396,Sneakers,Crime
1396,Sneakers,Drama
1396,Sneakers,Sci-Fi
1397,Bastard Out of Carolina,Drama
1398,In Love and War,Romance
1398,In Love and War,War
1399,Marvin's Room,Drama
1400,Somebody is Waiting,Drama
1401,Ghosts of Mississippi,Drama
1404,Night Falls on Manhattan,Crime
1404,Night Falls on Manhattan,Drama
1405,Beavis and Butt-head Do America,Animation
1405,Beavis and Butt-head Do America,Comedy
1406,"Crmonie, La",Drama
1407,Scream,Horror
1407,Scream,Thriller
1408,"Last of the Mohicans, The",Action
1408,"Last of the Mohicans, The",Romance
1408,"Last of the Mohicans, The",War
1409,Michael,Comedy
1409,Michael,Romance
1410,"Evening Star, The",Comedy
1410,"Evening Star, The",Drama
1411,Hamlet,Drama
1412,Some Mother's Son,Drama
1413,"Whole Wide World, The",Drama
1414,Mother,Comedy
1415,"Thieves (Voleurs, Les)",Crime
1415,"Thieves (Voleurs, Les)",Drama
1415,"Thieves (Voleurs, Les)",Romance
1416,Evita,Drama
1416,Evita,Musical
1417,"Portrait of a Lady, The",Drama
1419,Walkabout,Drama
1420,Message to Love: The Isle of Wight Festival,Documentary
1421,Grateful Dead,Documentary
1422,Murder at 1600,Mystery
1422,Murder at 1600,Thriller
1423,Hearts and Minds,Drama
1424,Inside,Action
1425,Fierce Creatures,Comedy
1426,Zeus and Roxanne,Children's
1427,Turbulence,Thriller
1428,Angel Baby,Drama
1429,Jackie Chan's First Strike,Action
1430,Underworld,Thriller
1431,Beverly Hills Ninja,Action
1431,Beverly Hills Ninja,Comedy
1432,Metro,Action
1433,"Machine, The",Comedy
1433,"Machine, The",Horror
1434,"Stranger, The",Action
1436,Falling in Love Again,Comedy
1437,"Cement Garden, The",Drama
1438,Dante's Peak,Action
1438,Dante's Peak,Thriller
1439,Meet Wally Sparks,Comedy
1440,Amos & Andrew,Comedy
1441,Benny & Joon,Comedy
1441,Benny & Joon,Romance
1442,Prefontaine,Drama
1443,"Tickle in the Heart, A",Documentary
1444,Guantanamera,Comedy
1445,McHale's Navy,Comedy
1445,McHale's Navy,War
1446,Kolya,Comedy
1447,Gridlock'd,Crime
1448,Fire on the Mountain,Documentary
1449,Waiting for Guffman,Comedy
1450,Prisoner of the Mountains (Kavkazsky Plennik),War
1453,"Beautician and the Beast, The",Comedy
1453,"Beautician and the Beast, The",Romance
1454,SubUrbia,Comedy
1455,Hotel de Love,Comedy
1455,Hotel de Love,Romance
1456,"Pest, The",Comedy
1457,Fools Rush In,Comedy
1457,Fools Rush In,Romance
1458,Touch,Romance
1459,Absolute Power,Mystery
1459,Absolute Power,Thriller
1460,That Darn Cat!,Children's
1460,That Darn Cat!,Comedy
1460,That Darn Cat!,Mystery
1461,Vegas Vacation,Comedy
1462,Unforgotten: Twenty-Five Years After Willowbrook,Documentary
1463,That Old Feeling,Comedy
1463,That Old Feeling,Romance
1464,Lost Highway,Mystery
1465,Rosewood,Drama
1466,Donnie Brasco,Crime
1466,Donnie Brasco,Drama
1467,Salut cousin!,Comedy
1467,Salut cousin!,Drama
1468,Booty Call,Comedy
1468,Booty Call,Romance
1470,Rhyme & Reason,Documentary
1471,Boys Life 2,Drama
1472,City of Industry,Crime
1472,City of Industry,Thriller
1473,Best Men,Action
1473,Best Men,Comedy
1473,Best Men,Crime
1473,Best Men,Drama
1474,Jungle2Jungle (a.k.a. Jungle 2 Jungle),Children's
1474,Jungle2Jungle (a.k.a. Jungle 2 Jungle),Comedy
1475,Kama Sutra: A Tale of Love,Romance
1476,Private Parts,Comedy
1476,Private Parts,Drama
1477,Love Jones,Romance
1479,"Saint, The",Action
1479,"Saint, The",Romance
1479,"Saint, The",Thriller
1480,Smilla's Sense of Snow,Action
1480,Smilla's Sense of Snow,Drama
1480,Smilla's Sense of Snow,Thriller
1482,"Van, The",Comedy
1482,"Van, The",Drama
1483,Crash,Drama
1483,Crash,Thriller
1484,"Daytrippers, The",Mystery
1485,Liar Liar,Comedy
1486,"Quiet Room, The",Drama
1487,Selena,Drama
1487,Selena,Musical
1488,"Devil's Own, The",Action
1488,"Devil's Own, The",Drama
1488,"Devil's Own, The",Thriller
1488,"Devil's Own, The",War
1489,Cats Don't Dance,Animation
1489,Cats Don't Dance,Children's
1489,Cats Don't Dance,Musical
1490,B*A*P*S,Comedy
1493,Love and Other Catastrophes,Romance
1494,"Sixth Man, The",Comedy
1495,Turbo: A Power Rangers Movie,Action
1495,Turbo: A Power Rangers Movie,Adventure
1495,Turbo: A Power Rangers Movie,Children's
1496,Anna Karenina,Drama
1496,Anna Karenina,Romance
1497,Double Team,Action
1498,Inventing the Abbotts,Drama
1498,Inventing the Abbotts,Romance
1499,Anaconda,Action
1499,Anaconda,Adventure
1499,Anaconda,Thriller
1500,Grosse Pointe Blank,Comedy
1500,Grosse Pointe Blank,Crime
1501,Keys to Tulsa,Crime
1502,Kissed,Romance
1503,8 Heads in a Duffel Bag,Comedy
1504,Hollow Reed,Drama
1507,Paradise Road,Drama
1507,Paradise Road,War
1508,Traveller,Drama
1509,All Over Me,Drama
1510,"Brother's Kiss, A",Drama
1511,A Chef in Love,Comedy
1513,Romy and Michele's High School Reunion,Comedy
1514,Temptress Moon (Feng Yue),Romance
1515,Volcano,Drama
1515,Volcano,Thriller
1516,Children of the Revolution,Comedy
1517,Austin Powers: International Man of Mystery,Comedy
1518,Breakdown,Action
1518,Breakdown,Thriller
1519,Broken English,Drama
1520,Commandments,Romance
1522,Ripe,Drama
1523,"Truth or Consequences, N.M.",Action
1523,"Truth or Consequences, N.M.",Crime
1523,"Truth or Consequences, N.M.",Romance
1524,"Turning, The",Drama
1525,Warriors of Virtue,Action
1525,Warriors of Virtue,Adventure
1525,Warriors of Virtue,Children's
1525,Warriors of Virtue,Fantasy
1526,Fathers' Day,Comedy
1527,"Fifth Element, The",Action
1527,"Fifth Element, The",Sci-Fi
1528,Intimate Relations,Comedy
1529,Nowhere,Drama
1531,Losing Chase,Drama
1532,Sprung,Comedy
1533,"Promise, The (La Promesse)",Drama
1534,"Bonheur, Le",Drama
1535,Love! Valour! Compassion!,Drama
1535,Love! Valour! Compassion!,Romance
1537,Shall We Dance? (Shall We Dansu?),Comedy
1538,"Second Jungle Book: Mowgli & Baloo, The",Adventure
1538,"Second Jungle Book: Mowgli & Baloo, The",Children's
1539,Twin Town,Comedy
1539,Twin Town,Crime
1541,Addicted to Love,Comedy
1541,Addicted to Love,Romance
1542,Brassed Off,Comedy
1542,Brassed Off,Drama
1542,Brassed Off,Romance
1543,"Designated Mourner, The",Drama
1544,"Lost World: Jurassic Park, The",Action
1544,"Lost World: Jurassic Park, The",Adventure
1544,"Lost World: Jurassic Park, The",Sci-Fi
1544,"Lost World: Jurassic Park, The",Thriller
1545,Ponette,Drama
1546,Schizopolis,Comedy
1547,Shiloh,Children's
1547,Shiloh,Drama
1548,"War at Home, The",Drama
1549,Rough Magic,Drama
1549,Rough Magic,Romance
1550,Trial and Error,Comedy
1550,Trial and Error,Romance
1551,Buddy,Adventure
1551,Buddy,Children's
1551,Buddy,Drama
1552,Con Air,Action
1552,Con Air,Adventure
1552,Con Air,Thriller
1553,Late Bloomers,Comedy
1554,"Pillow Book, The",Drama
1554,"Pillow Book, The",Romance
1555,"To Have, or Not",Drama
1556,Speed 2: Cruise Control,Action
1556,Speed 2: Cruise Control,Romance
1556,Speed 2: Cruise Control,Thriller
1557,Squeeze,Drama
1558,Sudden Manhattan,Comedy
1559,"Next Step, The",Drama
1561,Wedding Bell Blues,Comedy
1562,Batman & Robin,Action
1562,Batman & Robin,Adventure
1562,Batman & Robin,Crime
1563,Dream With the Fishes,Drama
1564,Roseanna's Grave (For Roseanna),Comedy
1564,Roseanna's Grave (For Roseanna),Romance
1565,Head Above Water,Comedy
1565,Head Above Water,Thriller
1566,Hercules,Adventure
1566,Hercules,Animation
1566,Hercules,Children's
1566,Hercules,Comedy
1566,Hercules,Musical
1567,"Last Time I Committed Suicide, The",Drama
1568,MURDER and murder,Crime
1568,MURDER and murder,Drama
1568,MURDER and murder,Mystery
1569,My Best Friend's Wedding,Comedy
1569,My Best Friend's Wedding,Romance
1570,Tetsuo II: Body Hammer,Sci-Fi
1571,When the Cats Away (Chacun cherche son chat),Comedy
1571,When the Cats Away (Chacun cherche son chat),Romance
1572,Contempt (Le Mpris),Drama
1573,Face/Off,Action
1573,Face/Off,Sci-Fi
1573,Face/Off,Thriller
1574,Fall,Romance
1575,Gabbeh,Drama
1577,Mondo,Drama
1578,"Innocent Sleep, The",Crime
1579,For Ever Mozart,Drama
1580,Men in Black,Action
1580,Men in Black,Adventure
1580,Men in Black,Comedy
1580,Men in Black,Sci-Fi
1581,Out to Sea,Comedy
1582,Wild America,Adventure
1582,Wild America,Children's
1583,"Simple Wish, A",Children's
1583,"Simple Wish, A",Fantasy
1584,Contact,Drama
1584,Contact,Sci-Fi
1585,Love Serenade,Comedy
1586,G.I. Jane,Action
1586,G.I. Jane,Drama
1586,G.I. Jane,War
1587,Conan the Barbarian,Action
1587,Conan the Barbarian,Adventure
1588,George of the Jungle,Children's
1588,George of the Jungle,Comedy
1589,Cop Land,Crime
1589,Cop Land,Drama
1589,Cop Land,Mystery
1590,Event Horizon,Action
1590,Event Horizon,Mystery
1590,Event Horizon,Sci-Fi
1590,Event Horizon,Thriller
1591,Spawn,Action
1591,Spawn,Adventure
1591,Spawn,Sci-Fi
1591,Spawn,Thriller
1592,Air Bud,Children's
1592,Air Bud,Comedy
1593,Picture Perfect,Comedy
1593,Picture Perfect,Romance
1594,In the Company of Men,Drama
1595,Free Willy 3: The Rescue,Adventure
1595,Free Willy 3: The Rescue,Children's
1595,Free Willy 3: The Rescue,Drama
1596,Career Girls,Drama
1597,Conspiracy Theory,Action
1597,Conspiracy Theory,Mystery
1597,Conspiracy Theory,Romance
1597,Conspiracy Theory,Thriller
1598,Desperate Measures,Crime
1598,Desperate Measures,Drama
1598,Desperate Measures,Thriller
1599,Steel,Action
1600,She's So Lovely,Drama
1600,She's So Lovely,Romance
1601,Hoodlum,Crime
1601,Hoodlum,Drama
1601,Hoodlum,Film-Noir
1602,Leave It to Beaver,Comedy
1603,Mimic,Sci-Fi
1603,Mimic,Thriller
1604,Money Talks,Action
1604,Money Talks,Comedy
1605,Excess Baggage,Adventure
1605,Excess Baggage,Romance
1606,Kull the Conqueror,Action
1606,Kull the Conqueror,Adventure
1608,Air Force One,Action
1608,Air Force One,Thriller
1609,187,Drama
1610,"Hunt for Red October, The",Action
1610,"Hunt for Red October, The",Thriller
1611,My Own Private Idaho,Drama
1612,"Kiss Me, Guido",Comedy
1613,Star Maps,Drama
1614,In & Out,Comedy
1615,"Edge, The",Adventure
1615,"Edge, The",Thriller
1616,"Peacemaker, The",Action
1616,"Peacemaker, The",Thriller
1616,"Peacemaker, The",War
1617,L.A. Confidential,Crime
1617,L.A. Confidential,Film-Noir
1617,L.A. Confidential,Mystery
1617,L.A. Confidential,Thriller
1619,Seven Years in Tibet,Drama
1619,Seven Years in Tibet,War
1620,Kiss the Girls,Crime
1620,Kiss the Girls,Drama
1620,Kiss the Girls,Thriller
1621,Soul Food,Drama
1622,Kicked in the Head,Comedy
1622,Kicked in the Head,Drama
1623,Wishmaster,Horror
1624,"Thousand Acres, A",Drama
1625,"Game, The",Mystery
1625,"Game, The",Thriller
1626,Fire Down Below,Action
1626,Fire Down Below,Drama
1626,Fire Down Below,Thriller
1627,U Turn,Action
1627,U Turn,Crime
1627,U Turn,Mystery
1628,"Locusts, The",Drama
1629,"MatchMaker, The",Comedy
1629,"MatchMaker, The",Romance
1630,"Lay of the Land, The",Comedy
1630,"Lay of the Land, The",Drama
1631,"Assignment, The",Thriller
1632,"Smile Like Yours, A",Comedy
1632,"Smile Like Yours, A",Romance
1633,Ulee's Gold,Drama
1635,"Ice Storm, The",Drama
1636,Stag,Action
1636,Stag,Thriller
1639,Chasing Amy,Drama
1639,Chasing Amy,Romance
1640,How to Be a Player,Comedy
1641,"Full Monty, The",Comedy
1642,Indian Summer (a.k.a. Alive & Kicking),Comedy
1642,Indian Summer (a.k.a. Alive & Kicking),Drama
1643,"Mrs. Brown (Her Majesty, Mrs. Brown)",Drama
1643,"Mrs. Brown (Her Majesty, Mrs. Brown)",Romance
1644,I Know What You Did Last Summer,Horror
1644,I Know What You Did Last Summer,Mystery
1644,I Know What You Did Last Summer,Thriller
1645,"Devil's Advocate, The",Crime
1645,"Devil's Advocate, The",Horror
1645,"Devil's Advocate, The",Mystery
1645,"Devil's Advocate, The",Thriller
1646,Rocket Man,Comedy
1647,Playing God,Crime
1647,Playing God,Thriller
1648,"House of Yes, The",Comedy
1648,"House of Yes, The",Drama
1648,"House of Yes, The",Thriller
1649,"Fast, Cheap & Out of Control",Documentary
1650,Washington Square,Drama
1651,Telling Lies in America,Drama
1652,Year of the Horse,Documentary
1653,Gattaca,Drama
1653,Gattaca,Sci-Fi
1653,Gattaca,Thriller
1654,FairyTale: A True Story,Children's
1654,FairyTale: A True Story,Drama
1654,FairyTale: A True Story,Fantasy
1655,Phantoms,Horror
1656,Swept from the Sea,Romance
1657,Wonderland,Documentary
1658,"Life Less Ordinary, A",Romance
1658,"Life Less Ordinary, A",Thriller
1659,Hurricane Streets,Drama
1660,Eve's Bayou,Drama
1661,Switchback,Thriller
1662,Gang Related,Crime
1663,Stripes,Comedy
1664,Nnette et Boni,Drama
1665,Bean,Comedy
1666,Hugo Pool,Romance
1667,Mad City,Action
1667,Mad City,Drama
1668,One Night Stand,Drama
1669,"Tango Lesson, The",Romance
1670,Welcome To Sarajevo,Drama
1670,Welcome To Sarajevo,War
1671,Deceiver,Crime
1672,"Rainmaker, The",Drama
1673,Boogie Nights,Drama
1674,Witness,Drama
1674,Witness,Romance
1674,Witness,Thriller
1675,Incognito,Crime
1675,Incognito,Thriller
1676,Starship Troopers,Action
1676,Starship Troopers,Adventure
1676,Starship Troopers,Sci-Fi
1676,Starship Troopers,War
1677,Critical Care,Comedy
1678,"Joy Luck Club, The",Drama
1679,Chairman of the Board,Comedy
1680,Sliding Doors,Drama
1680,Sliding Doors,Romance
1681,Mortal Kombat: Annihilation,Action
1681,Mortal Kombat: Annihilation,Adventure
1682,"Truman Show, The",Drama
1683,"Wings of the Dove, The",Drama
1683,"Wings of the Dove, The",Romance
1683,"Wings of the Dove, The",Thriller
1684,Mrs. Dalloway,Romance
1685,"I Love You, I Love You Not",Romance
1686,Red Corner,Crime
1686,Red Corner,Thriller
1687,"Jackal, The",Action
1687,"Jackal, The",Thriller
1688,Anastasia,Animation
1688,Anastasia,Children's
1688,Anastasia,Musical
1689,"Man Who Knew Too Little, The",Comedy
1689,"Man Who Knew Too Little, The",Mystery
1690,Alien: Resurrection,Action
1690,Alien: Resurrection,Horror
1690,Alien: Resurrection,Sci-Fi
1692,Alien Escape,Horror
1692,Alien Escape,Sci-Fi
1693,Amistad,Drama
1694,"Apostle, The",Drama
1695,Artemisia,Drama
1696,Bent,Drama
1696,Bent,War
1697,"Big Bang Theory, The",Crime
1698,"Boys, Les",Comedy
1699,"Butcher Boy, The",Drama
1701,Deconstructing Harry,Comedy
1701,Deconstructing Harry,Drama
1702,Flubber,Children's
1702,Flubber,Comedy
1702,Flubber,Fantasy
1703,For Richer or Poorer,Comedy
1704,Good Will Hunting,Drama
1705,Guy,Drama
1706,Harlem River Drive,Drama
1707,Home Alone 3,Children's
1707,Home Alone 3,Comedy
1708,Ill Gotten Gains,Drama
1709,Legal Deceit,Thriller
1710,Man of Her Dreams,Drama
1711,Midnight in the Garden of Good and Evil,Comedy
1711,Midnight in the Garden of Good and Evil,Crime
1711,Midnight in the Garden of Good and Evil,Drama
1711,Midnight in the Garden of Good and Evil,Mystery
1713,Mouse Hunt,Children's
1713,Mouse Hunt,Comedy
1714,Never Met Picasso,Romance
1715,Office Killer,Thriller
1716,"Other Voices, Other Rooms",Drama
1717,Scream 2,Horror
1717,Scream 2,Thriller
1718,Stranger in the House,Thriller
1719,"Sweet Hereafter, The",Drama
1720,Time Tracers,Action
1720,Time Tracers,Adventure
1720,Time Tracers,Sci-Fi
1721,Titanic,Drama
1721,Titanic,Romance
1722,Tomorrow Never Dies,Action
1722,Tomorrow Never Dies,Romance
1722,Tomorrow Never Dies,Thriller
1723,Twisted,Comedy
1723,Twisted,Drama
1724,Full Speed,Drama
1725,"Education of Little Tree, The",Drama
1726,"Postman, The",Drama
1727,"Horse Whisperer, The",Drama
1728,"Winter Guest, The",Drama
1729,Jackie Brown,Crime
1729,Jackie Brown,Drama
1730,Kundun,Drama
1731,Mr. Magoo,Comedy
1732,"Big Lebowski, The",Comedy
1732,"Big Lebowski, The",Crime
1732,"Big Lebowski, The",Mystery
1732,"Big Lebowski, The",Thriller
1733,Afterglow,Drama
1733,Afterglow,Romance
1734,My Life in Pink (Ma vie en rose),Comedy
1734,My Life in Pink (Ma vie en rose),Drama
1735,Great Expectations,Drama
1735,Great Expectations,Romance
1738,Vermin,Comedy
1739,3 Ninjas: High Noon On Mega Mountain,Action
1739,3 Ninjas: High Noon On Mega Mountain,Children's
1740,Men of Means,Action
1740,Men of Means,Drama
1741,"Midaq Alley (Callejn de los milagros, El)",Drama
1742,Caught Up,Crime
1743,Arguing the World,Documentary
1744,Firestorm,Action
1744,Firestorm,Adventure
1744,Firestorm,Thriller
1746,Senseless,Comedy
1747,Wag the Dog,Comedy
1747,Wag the Dog,Drama
1748,Dark City,Film-Noir
1748,Dark City,Sci-Fi
1748,Dark City,Thriller
1749,"Leading Man, The",Romance
1750,Star Kid,Adventure
1750,Star Kid,Children's
1750,Star Kid,Fantasy
1750,Star Kid,Sci-Fi
1752,Hard Rain,Action
1752,Hard Rain,Thriller
1753,Half Baked,Comedy
1754,Fallen,Action
1754,Fallen,Mystery
1754,Fallen,Thriller
1755,Shooting Fish,Romance
1756,"Prophecy II, The",Horror
1757,Duoluo tianshi,Drama
1758,Dangerous Beauty,Drama
1759,Four Days in September,Drama
1760,Spice World,Comedy
1760,Spice World,Musical
1762,Deep Rising,Action
1762,Deep Rising,Horror
1762,Deep Rising,Sci-Fi
1764,Tainted,Comedy
1764,Tainted,Thriller
1765,"Letter From Death Row, A",Crime
1765,"Letter From Death Row, A",Drama
1767,Music From Another Room,Drama
1767,Music From Another Room,Romance
1768,Mat' i syn,Drama
1769,"Replacement Killers, The",Action
1769,"Replacement Killers, The",Thriller
1770,B. Monkey,Romance
1770,B. Monkey,Thriller
1771,Night Flier,Horror
1772,Blues Brothers 2000,Action
1772,Blues Brothers 2000,Comedy
1772,Blues Brothers 2000,Musical
1773,Tokyo Fist,Action
1773,Tokyo Fist,Drama
1774,Mass Transit,Comedy
1774,Mass Transit,Drama
1776,Ride,Drama
1777,"Wedding Singer, The",Comedy
1777,"Wedding Singer, The",Romance
1779,Sphere,Adventure
1779,Sphere,Sci-Fi
1779,Sphere,Thriller
1780,Ayn Rand: A Sense of Life,Documentary
1781,"Further Gesture, A",Drama
1782,Little City,Comedy
1782,Little City,Romance
1783,Palmetto,Film-Noir
1783,Palmetto,Mystery
1783,Palmetto,Thriller
1784,As Good As It Gets,Comedy
1784,As Good As It Gets,Drama
1785,King of New York,Action
1785,King of New York,Crime
1787,"Paralyzing Fear: The Story of Polio in America, A",Documentary
1788,Men With Guns,Action
1788,Men With Guns,Drama
1789,"Sadness of Sex, The",Drama
1791,Twilight,Crime
1791,Twilight,Drama
1792,U.S. Marshalls,Action
1792,U.S. Marshalls,Thriller
1793,Welcome to Woop-Woop,Comedy
1794,Love and Death on Long Island,Comedy
1794,Love and Death on Long Island,Drama
1795,"Callejn de los milagros, El",Drama
1796,In God's Hands,Action
1796,In God's Hands,Drama
1797,Everest,Documentary
1798,Hush,Thriller
1799,Suicide Kings,Crime
1799,Suicide Kings,Drama
1801,"Man in the Iron Mask, The",Action
1801,"Man in the Iron Mask, The",Drama
1801,"Man in the Iron Mask, The",Romance
1804,"Newton Boys, The",Crime
1804,"Newton Boys, The",Drama
1805,Wild Things,Crime
1805,Wild Things,Drama
1805,Wild Things,Mystery
1805,Wild Things,Thriller
1806,Paulie,Adventure
1806,Paulie,Children's
1806,Paulie,Comedy
1807,"Cool Dry Place, A",Drama
1809,Hana-bi,Comedy
1809,Hana-bi,Crime
1809,Hana-bi,Drama
1810,Primary Colors,Drama
1811,"Niagara, Niagara",Drama
1812,Wide Awake,Children's
1812,Wide Awake,Comedy
1812,Wide Awake,Drama
1814,"Price Above Rubies, A",Drama
1815,Eden,Drama
1816,Two Girls and a Guy,Comedy
1816,Two Girls and a Guy,Drama
1817,No Looking Back,Comedy
1817,No Looking Back,Drama
1817,No Looking Back,Romance
1819,Storefront Hitchcock,Drama
1820,"Proposition, The",Drama
1821,"Object of My Affection, The",Comedy
1821,"Object of My Affection, The",Romance
1822,Meet the Deedles,Children's
1822,Meet the Deedles,Comedy
1824,Homegrown,Comedy
1824,Homegrown,Thriller
1825,"Player's Club, The",Action
1825,"Player's Club, The",Drama
1826,Barney's Great Adventure,Adventure
1826,Barney's Great Adventure,Children's
1827,"Big One, The",Comedy
1827,"Big One, The",Documentary
1829,Chinese Box,Drama
1829,Chinese Box,Romance
1830,Follow the Bitch,Comedy
1831,Lost in Space,Action
1831,Lost in Space,Sci-Fi
1831,Lost in Space,Thriller
1832,Heaven's Burning,Action
1832,Heaven's Burning,Drama
1833,Mercury Rising,Action
1833,Mercury Rising,Drama
1833,Mercury Rising,Thriller
1834,"Spanish Prisoner, The",Drama
1834,"Spanish Prisoner, The",Thriller
1835,City of Angels,Romance
1836,"Last Days of Disco, The",Drama
1837,"Odd Couple II, The",Comedy
1839,My Giant,Comedy
1840,He Got Game,Drama
1841,"Gingerbread Man, The",Drama
1841,"Gingerbread Man, The",Thriller
1842,Illtown,Crime
1842,Illtown,Drama
1843,Slappy and the Stinkers,Children's
1843,Slappy and the Stinkers,Comedy
1844,Live Flesh,Drama
1845,Zero Effect,Comedy
1845,Zero Effect,Thriller
1846,Nil By Mouth,Drama
1847,Ratchet,Drama
1847,Ratchet,Thriller
1848,"Borrowers, The",Adventure
1848,"Borrowers, The",Children's
1848,"Borrowers, The",Comedy
1848,"Borrowers, The",Fantasy
1849,Prince Valiant,Adventure
1850,"I Love You, Don't Touch Me!",Drama
1850,"I Love You, Don't Touch Me!",Romance
1851,Leather Jacket Love Story,Drama
1851,Leather Jacket Love Story,Romance
1852,Love Walked In,Drama
1852,Love Walked In,Thriller
1853,"Alan Smithee Film: Burn Hollywood Burn, An",Comedy
1854,Kissing a Fool,Comedy
1854,Kissing a Fool,Romance
1855,Krippendorf's Tribe,Comedy
1856,Kurt & Courtney,Documentary
1856,Kurt & Courtney,Musical
1857,"Real Blonde, The",Comedy
1858,Mr. Nice Guy,Action
1858,Mr. Nice Guy,Comedy
1859,Taste of Cherry,Drama
1860,Character (Karakter),Drama
1861,Junk Mail,Comedy
1861,Junk Mail,Thriller
1862,Species II,Horror
1862,Species II,Sci-Fi
1863,Major League: Back to the Minors,Comedy
1864,Sour Grapes,Comedy
1865,Wild Man Blues,Documentary
1866,"Big Hit, The",Action
1866,"Big Hit, The",Comedy
1867,Tarzan and the Lost City,Action
1867,Tarzan and the Lost City,Adventure
1868,"Truce, The",Drama
1868,"Truce, The",War
1869,Black Dog,Action
1869,Black Dog,Thriller
1870,"Dancer, Texas Pop. 81",Comedy
1870,"Dancer, Texas Pop. 81",Drama
1871,"Friend of the Deceased, A",Comedy
1871,"Friend of the Deceased, A",Drama
1872,Go Now,Drama
1873,"Misrables, Les",Drama
1874,Still Breathing,Comedy
1874,Still Breathing,Romance
1875,Clockwatchers,Comedy
1876,Deep Impact,Action
1876,Deep Impact,Drama
1876,Deep Impact,Sci-Fi
1876,Deep Impact,Thriller
1877,Little Men,Drama
1878,Woo,Comedy
1878,Woo,Romance
1879,"Hanging Garden, The",Drama
1880,Lawn Dogs,Drama
1881,Quest for Camelot,Adventure
1881,Quest for Camelot,Animation
1881,Quest for Camelot,Children's
1881,Quest for Camelot,Fantasy
1882,Godzilla,Action
1882,Godzilla,Sci-Fi
1883,Bulworth,Comedy
1884,Fear and Loathing in Las Vegas,Comedy
1884,Fear and Loathing in Las Vegas,Drama
1885,"Opposite of Sex, The",Comedy
1885,"Opposite of Sex, The",Drama
1886,I Got the Hook Up,Comedy
1887,Almost Heroes,Adventure
1887,Almost Heroes,Comedy
1888,Hope Floats,Comedy
1888,Hope Floats,Drama
1888,Hope Floats,Romance
1889,Insomnia,Thriller
1890,Little Boy Blue,Drama
1891,"Ugly, The",Horror
1891,"Ugly, The",Thriller
1892,"Perfect Murder, A",Mystery
1892,"Perfect Murder, A",Thriller
1893,Beyond Silence,Drama
1894,Six Days Seven Nights,Adventure
1894,Six Days Seven Nights,Comedy
1894,Six Days Seven Nights,Romance
1895,Can't Hardly Wait,Comedy
1895,Can't Hardly Wait,Drama
1895,Can't Hardly Wait,Romance
1896,Cousin Bette,Comedy
1897,High Art,Drama
1897,High Art,Romance
1898,"Land Girls, The",Drama
1898,"Land Girls, The",War
1899,Passion in the Desert,Adventure
1899,Passion in the Desert,Drama
1900,"Children of Heaven, The (Bacheha-Ye Aseman)",Drama
1901,Dear Jesse,Documentary
1902,Dream for an Insomniac,Drama
1902,Dream for an Insomniac,Romance
1903,Hav Plenty,Comedy
1904,Henry Fool,Comedy
1904,Henry Fool,Drama
1905,Marie Baie Des Anges,Drama
1906,Mr. Jealousy,Comedy
1906,Mr. Jealousy,Romance
1907,Mulan,Animation
1907,Mulan,Children's
1908,Resurrection Man,Drama
1908,Resurrection Man,Thriller
1909,"X-Files: Fight the Future, The",Mystery
1909,"X-Files: Fight the Future, The",Sci-Fi
1909,"X-Files: Fight the Future, The",Thriller
1910,I Went Down,Action
1910,I Went Down,Comedy
1910,I Went Down,Crime
1911,Doctor Dolittle,Comedy
1912,Out of Sight,Action
1912,Out of Sight,Crime
1912,Out of Sight,Romance
1913,Picnic at Hanging Rock,Drama
1913,Picnic at Hanging Rock,Mystery
1914,Smoke Signals,Comedy
1914,Smoke Signals,Drama
1915,Voyage to the Beginning of the World,Drama
1916,Buffalo 66,Action
1916,Buffalo 66,Comedy
1916,Buffalo 66,Drama
1917,Armageddon,Action
1917,Armageddon,Adventure
1917,Armageddon,Sci-Fi
1917,Armageddon,Thriller
1918,Lethal Weapon 4,Action
1918,Lethal Weapon 4,Comedy
1918,Lethal Weapon 4,Crime
1918,Lethal Weapon 4,Drama
1919,Madeline,Children's
1919,Madeline,Comedy
1920,Small Soldiers,Animation
1920,Small Soldiers,Children's
1920,Small Soldiers,Fantasy
1920,Small Soldiers,War
1921,Pi,Sci-Fi
1921,Pi,Thriller
1922,Whatever,Drama
1923,There's Something About Mary,Comedy
1924,Plan 9 from Outer Space,Horror
1924,Plan 9 from Outer Space,Sci-Fi
1925,Wings,Drama
1925,Wings,Romance
1925,Wings,War
1926,"Broadway Melody, The",Musical
1927,All Quiet on the Western Front,War
1928,Cimarron,Western
1929,Grand Hotel,Drama
1930,Cavalcade,Drama
1931,Mutiny on the Bounty,Adventure
1932,"Great Ziegfeld, The",Musical
1933,"Life of mile Zola, The",Drama
1934,You Can't Take It With You,Comedy
1935,How Green Was My Valley,Drama
1936,Mrs. Miniver,Drama
1936,Mrs. Miniver,War
1937,Going My Way,Comedy
1938,"Lost Weekend, The",Drama
1939,"Best Years of Our Lives, The",Drama
1939,"Best Years of Our Lives, The",War
1940,Gentleman's Agreement,Drama
1941,Hamlet,Drama
1942,All the King's Men,Drama
1943,"Greatest Show on Earth, The",Drama
1944,From Here to Eternity,Drama
1944,From Here to Eternity,Romance
1944,From Here to Eternity,War
1945,On the Waterfront,Crime
1945,On the Waterfront,Drama
1946,Marty,Drama
1946,Marty,Romance
1947,West Side Story,Musical
1947,West Side Story,Romance
1948,Tom Jones,Comedy
1949,"Man for All Seasons, A",Drama
1950,In the Heat of the Night,Drama
1950,In the Heat of the Night,Mystery
1951,Oliver!,Musical
1952,Midnight Cowboy,Drama
1953,"French Connection, The",Action
1953,"French Connection, The",Crime
1953,"French Connection, The",Drama
1953,"French Connection, The",Thriller
1954,Rocky,Action
1954,Rocky,Drama
1955,Kramer Vs. Kramer,Drama
1956,Ordinary People,Drama
1957,Chariots of Fire,Drama
1958,Terms of Endearment,Comedy
1958,Terms of Endearment,Drama
1959,Out of Africa,Drama
1959,Out of Africa,Romance
1960,"Last Emperor, The",Drama
1960,"Last Emperor, The",War
1961,Rain Man,Drama
1962,Driving Miss Daisy,Drama
1963,Take the Money and Run,Comedy
1964,Klute,Drama
1964,Klute,Mystery
1965,Repo Man,Comedy
1965,Repo Man,Sci-Fi
1966,Metropolitan,Comedy
1967,Labyrinth,Adventure
1967,Labyrinth,Children's
1967,Labyrinth,Fantasy
1968,"Breakfast Club, The",Comedy
1968,"Breakfast Club, The",Drama
1969,"Nightmare on Elm Street Part 2: Freddy's Revenge, A",Horror
1970,"Nightmare on Elm Street 3: Dream Warriors, A",Horror
1971,"Nightmare on Elm Street 4: The Dream Master, A",Horror
1972,"Nightmare on Elm Street 5: The Dream Child, A",Horror
1973,Freddy's Dead: The Final Nightmare,Horror
1974,Friday the 13th,Horror
1975,Friday the 13th Part 2,Horror
1976,Friday the 13th Part 3: 3D,Horror
1977,Friday the 13th: The Final Chapter,Horror
1978,Friday the 13th Part V: A New Beginning,Horror
1979,Friday the 13th Part VI: Jason Lives,Horror
1980,Friday the 13th Part VII: The New Blood,Horror
1981,Friday the 13th Part VIII: Jason Takes Manhattan,Horror
1982,Halloween,Horror
1983,Halloween II,Horror
1984,Halloween III: Season of the Witch,Horror
1985,Halloween 4: The Return of Michael Myers,Horror
1986,Halloween 5: The Revenge of Michael Myers,Horror
1987,Prom Night,Horror
1988,Hello Mary Lou: Prom Night II,Horror
1989,Prom Night III: The Last Kiss,Horror
1990,Prom Night IV: Deliver Us From Evil,Horror
1991,Child's Play,Horror
1992,Child's Play 2,Horror
1993,Child's Play 3,Horror
1994,Poltergeist,Horror
1994,Poltergeist,Thriller
1995,Poltergeist II: The Other Side,Horror
1995,Poltergeist II: The Other Side,Thriller
1996,Poltergeist III,Horror
1996,Poltergeist III,Thriller
1997,"Exorcist, The",Horror
1998,Exorcist II: The Heretic,Horror
1999,"Exorcist III, The",Horror
2000,Lethal Weapon,Action
2000,Lethal Weapon,Comedy
2000,Lethal Weapon,Crime
2000,Lethal Weapon,Drama
2001,Lethal Weapon 2,Action
2001,Lethal Weapon 2,Comedy
2001,Lethal Weapon 2,Crime
2001,Lethal Weapon 2,Drama
2002,Lethal Weapon 3,Action
2002,Lethal Weapon 3,Comedy
2002,Lethal Weapon 3,Crime
2002,Lethal Weapon 3,Drama
2003,Gremlins,Comedy
2003,Gremlins,Horror
2004,Gremlins 2: The New Batch,Comedy
2004,Gremlins 2: The New Batch,Horror
2005,"Goonies, The",Adventure
2005,"Goonies, The",Children's
2005,"Goonies, The",Fantasy
2006,"Mask of Zorro, The",Action
2006,"Mask of Zorro, The",Adventure
2006,"Mask of Zorro, The",Romance
2007,Polish Wedding,Comedy
2008,"This World, Then the Fireworks",Crime
2008,"This World, Then the Fireworks",Drama
2008,"This World, Then the Fireworks",Film-Noir
2009,Soylent Green,Sci-Fi
2009,Soylent Green,Thriller
2010,Metropolis,Sci-Fi
2011,Back to the Future Part II,Comedy
2011,Back to the Future Part II,Sci-Fi
2012,Back to the Future Part III,Comedy
2012,Back to the Future Part III,Sci-Fi
2012,Back to the Future Part III,Western
2013,"Poseidon Adventure, The",Action
2013,"Poseidon Adventure, The",Adventure
2014,Freaky Friday,Children's
2014,Freaky Friday,Comedy
2015,"Absent Minded Professor, The",Children's
2015,"Absent Minded Professor, The",Comedy
2015,"Absent Minded Professor, The",Fantasy
2016,"Apple Dumpling Gang Rides Again, The",Children's
2016,"Apple Dumpling Gang Rides Again, The",Comedy
2016,"Apple Dumpling Gang Rides Again, The",Western
2017,Babes in Toyland,Children's
2017,Babes in Toyland,Fantasy
2017,Babes in Toyland,Musical
2018,Bambi,Animation
2018,Bambi,Children's
2019,Seven Samurai (The Magnificent Seven) (Shichinin no samurai),Action
2019,Seven Samurai (The Magnificent Seven) (Shichinin no samurai),Drama
2020,Dangerous Liaisons,Drama
2020,Dangerous Liaisons,Romance
2021,Dune,Fantasy
2021,Dune,Sci-Fi
2022,"Last Temptation of Christ, The",Drama
2023,"Godfather: Part III, The",Action
2023,"Godfather: Part III, The",Crime
2023,"Godfather: Part III, The",Drama
2024,"Rapture, The",Drama
2024,"Rapture, The",Mystery
2025,Lolita,Drama
2025,Lolita,Romance
2026,Disturbing Behavior,Horror
2026,Disturbing Behavior,Thriller
2027,Mafia!,Comedy
2027,Mafia!,Crime
2028,Saving Private Ryan,Action
2028,Saving Private Ryan,Drama
2028,Saving Private Ryan,War
2029,Billy's Hollywood Screen Kiss,Comedy
2029,Billy's Hollywood Screen Kiss,Romance
2030,East Palace West Palace (Dong gong xi gong),Drama
2031,"$1,000,000 Duck",Children's
2031,"$1,000,000 Duck",Comedy
2032,"Barefoot Executive, The",Children's
2032,"Barefoot Executive, The",Comedy
2033,"Black Cauldron, The",Animation
2033,"Black Cauldron, The",Children's
2034,"Black Hole, The",Sci-Fi
2035,Blackbeard's Ghost,Children's
2035,Blackbeard's Ghost,Comedy
2036,Blank Check,Children's
2036,Blank Check,Comedy
2037,Candleshoe,Adventure
2037,Candleshoe,Children's
2037,Candleshoe,Comedy
2038,"Cat from Outer Space, The",Children's
2038,"Cat from Outer Space, The",Comedy
2038,"Cat from Outer Space, The",Sci-Fi
2039,Cheetah,Adventure
2039,Cheetah,Children's
2040,"Computer Wore Tennis Shoes, The",Children's
2040,"Computer Wore Tennis Shoes, The",Comedy
2041,Condorman,Action
2041,Condorman,Adventure
2041,Condorman,Children's
2041,Condorman,Comedy
2042,D2: The Mighty Ducks,Children's
2042,D2: The Mighty Ducks,Comedy
2043,Darby O'Gill and the Little People,Adventure
2043,Darby O'Gill and the Little People,Children's
2043,Darby O'Gill and the Little People,Fantasy
2044,"Devil and Max Devlin, The",Comedy
2045,"Far Off Place, A",Adventure
2045,"Far Off Place, A",Children's
2045,"Far Off Place, A",Drama
2045,"Far Off Place, A",Romance
2046,Flight of the Navigator,Adventure
2046,Flight of the Navigator,Children's
2046,Flight of the Navigator,Sci-Fi
2047,"Gnome-Mobile, The",Children's
2048,"Great Mouse Detective, The",Animation
2048,"Great Mouse Detective, The",Children's
2049,"Happiest Millionaire, The",Comedy
2049,"Happiest Millionaire, The",Musical
2050,Herbie Goes Bananas,Adventure
2050,Herbie Goes Bananas,Children's
2050,Herbie Goes Bananas,Comedy
2051,Herbie Goes to Monte Carlo,Adventure
2051,Herbie Goes to Monte Carlo,Children's
2051,Herbie Goes to Monte Carlo,Comedy
2052,Hocus Pocus,Children's
2052,Hocus Pocus,Comedy
2053,"Honey, I Blew Up the Kid",Children's
2053,"Honey, I Blew Up the Kid",Comedy
2053,"Honey, I Blew Up the Kid",Sci-Fi
2054,"Honey, I Shrunk the Kids",Adventure
2054,"Honey, I Shrunk the Kids",Children's
2054,"Honey, I Shrunk the Kids",Comedy
2054,"Honey, I Shrunk the Kids",Fantasy
2054,"Honey, I Shrunk the Kids",Sci-Fi
2055,Hot Lead and Cold Feet,Comedy
2055,Hot Lead and Cold Feet,Western
2056,In Search of the Castaways,Adventure
2056,In Search of the Castaways,Children's
2057,"Incredible Journey, The",Adventure
2057,"Incredible Journey, The",Children's
2058,"Negotiator, The",Action
2058,"Negotiator, The",Thriller
2059,"Parent Trap, The",Children's
2059,"Parent Trap, The",Drama
2060,BASEketball,Comedy
2061,Full Tilt Boogie,Documentary
2062,"Governess, The",Drama
2062,"Governess, The",Romance
2063,Seventh Heaven (Le Septime ciel),Drama
2063,Seventh Heaven (Le Septime ciel),Romance
2064,Roger & Me,Comedy
2064,Roger & Me,Documentary
2065,"Purple Rose of Cairo, The",Comedy
2065,"Purple Rose of Cairo, The",Drama
2065,"Purple Rose of Cairo, The",Romance
2066,Out of the Past,Film-Noir
2067,Doctor Zhivago,Drama
2067,Doctor Zhivago,Romance
2067,Doctor Zhivago,War
2068,Fanny and Alexander,Drama
2069,"Trip to Bountiful, The",Drama
2070,Tender Mercies,Drama
2071,And the Band Played On,Drama
2072,"'burbs, The",Comedy
2073,Fandango,Comedy
2074,"Night Porter, The (Il Portiere di notte)",Drama
2075,Mephisto,Drama
2075,Mephisto,War
2076,Blue Velvet,Drama
2076,Blue Velvet,Mystery
2077,"Journey of Natty Gann, The",Adventure
2077,"Journey of Natty Gann, The",Children's
2078,"Jungle Book, The",Animation
2078,"Jungle Book, The",Children's
2078,"Jungle Book, The",Comedy
2078,"Jungle Book, The",Musical
2079,Kidnapped,Children's
2079,Kidnapped,Drama
2080,Lady and the Tramp,Animation
2080,Lady and the Tramp,Children's
2080,Lady and the Tramp,Comedy
2080,Lady and the Tramp,Musical
2080,Lady and the Tramp,Romance
2081,"Little Mermaid, The",Animation
2081,"Little Mermaid, The",Children's
2081,"Little Mermaid, The",Comedy
2081,"Little Mermaid, The",Musical
2081,"Little Mermaid, The",Romance
2082,"Mighty Ducks, The",Children's
2082,"Mighty Ducks, The",Comedy
2083,"Muppet Christmas Carol, The",Children's
2083,"Muppet Christmas Carol, The",Musical
2084,Newsies,Children's
2084,Newsies,Musical
2085,101 Dalmatians,Animation
2085,101 Dalmatians,Children's
2086,One Magic Christmas,Drama
2086,One Magic Christmas,Fantasy
2087,Peter Pan,Animation
2087,Peter Pan,Children's
2087,Peter Pan,Fantasy
2087,Peter Pan,Musical
2088,Popeye,Adventure
2088,Popeye,Comedy
2088,Popeye,Musical
2089,"Rescuers Down Under, The",Animation
2089,"Rescuers Down Under, The",Children's
2090,"Rescuers, The",Animation
2090,"Rescuers, The",Children's
2091,Return from Witch Mountain,Children's
2091,Return from Witch Mountain,Sci-Fi
2092,"Return of Jafar, The",Animation
2092,"Return of Jafar, The",Children's
2092,"Return of Jafar, The",Musical
2093,Return to Oz,Adventure
2093,Return to Oz,Children's
2093,Return to Oz,Fantasy
2093,Return to Oz,Sci-Fi
2094,"Rocketeer, The",Action
2094,"Rocketeer, The",Adventure
2094,"Rocketeer, The",Sci-Fi
2095,"Shaggy D.A., The",Children's
2095,"Shaggy D.A., The",Comedy
2096,Sleeping Beauty,Animation
2096,Sleeping Beauty,Children's
2096,Sleeping Beauty,Musical
2097,Something Wicked This Way Comes,Children's
2097,Something Wicked This Way Comes,Horror
2098,Son of Flubber,Children's
2098,Son of Flubber,Comedy
2099,Song of the South,Adventure
2099,Song of the South,Animation
2099,Song of the South,Children's
2099,Song of the South,Musical
2100,Splash,Comedy
2100,Splash,Fantasy
2100,Splash,Romance
2101,Squanto: A Warrior's Tale,Adventure
2101,Squanto: A Warrior's Tale,Drama
2102,Steamboat Willie,Animation
2102,Steamboat Willie,Children's
2102,Steamboat Willie,Comedy
2102,Steamboat Willie,Musical
2103,Tall Tale,Adventure
2103,Tall Tale,Children's
2104,Tex,Drama
2105,Tron,Action
2105,Tron,Adventure
2105,Tron,Fantasy
2105,Tron,Sci-Fi
2106,Swing Kids,Drama
2106,Swing Kids,War
2107,Halloween: H20,Horror
2107,Halloween: H20,Thriller
2108,L.A. Story,Comedy
2108,L.A. Story,Romance
2109,"Jerk, The",Comedy
2110,Dead Men Don't Wear Plaid,Comedy
2110,Dead Men Don't Wear Plaid,Crime
2110,Dead Men Don't Wear Plaid,Thriller
2111,"Man with Two Brains, The",Comedy
2112,Grand Canyon,Crime
2112,Grand Canyon,Drama
2113,Graveyard Shift,Horror
2113,Graveyard Shift,Thriller
2114,"Outsiders, The",Drama
2115,Indiana Jones and the Temple of Doom,Action
2115,Indiana Jones and the Temple of Doom,Adventure
2116,"Lord of the Rings, The",Adventure
2116,"Lord of the Rings, The",Animation
2116,"Lord of the Rings, The",Children's
2116,"Lord of the Rings, The",Sci-Fi
2117,Nineteen Eighty-Four,Drama
2117,Nineteen Eighty-Four,Sci-Fi
2118,"Dead Zone, The",Horror
2118,"Dead Zone, The",Thriller
2119,Maximum Overdrive,Horror
2120,Needful Things,Drama
2120,Needful Things,Horror
2121,Cujo,Horror
2121,Cujo,Thriller
2122,Children of the Corn,Horror
2122,Children of the Corn,Thriller
2123,All Dogs Go to Heaven,Animation
2123,All Dogs Go to Heaven,Children's
2124,"Addams Family, The",Comedy
2125,Ever After: A Cinderella Story,Drama
2125,Ever After: A Cinderella Story,Romance
2126,Snake Eyes,Action
2126,Snake Eyes,Crime
2126,Snake Eyes,Mystery
2126,Snake Eyes,Thriller
2127,"First Love, Last Rites",Drama
2127,"First Love, Last Rites",Romance
2128,Safe Men,Comedy
2129,"Saltmen of Tibet, The",Documentary
2130,Atlantic City,Crime
2130,Atlantic City,Drama
2130,Atlantic City,Romance
2131,Autumn Sonata (Hstsonaten ),Drama
2132,Who's Afraid of Virginia Woolf?,Drama
2133,Adventures in Babysitting,Adventure
2133,Adventures in Babysitting,Comedy
2134,Weird Science,Comedy
2135,Doctor Dolittle,Adventure
2135,Doctor Dolittle,Musical
2136,"Nutty Professor, The",Comedy
2137,Charlotte's Web,Animation
2137,Charlotte's Web,Children's
2138,Watership Down,Animation
2138,Watership Down,Children's
2138,Watership Down,Drama
2138,Watership Down,Fantasy
2139,"Secret of NIMH, The",Animation
2139,"Secret of NIMH, The",Children's
2140,"Dark Crystal, The",Children's
2140,"Dark Crystal, The",Fantasy
2140,"Dark Crystal, The",Sci-Fi
2141,"American Tail, An",Animation
2141,"American Tail, An",Children's
2141,"American Tail, An",Comedy
2142,"American Tail: Fievel Goes West, An",Animation
2142,"American Tail: Fievel Goes West, An",Children's
2142,"American Tail: Fievel Goes West, An",Comedy
2143,Legend,Adventure
2143,Legend,Fantasy
2143,Legend,Romance
2144,Sixteen Candles,Comedy
2145,Pretty in Pink,Comedy
2145,Pretty in Pink,Drama
2145,Pretty in Pink,Romance
2146,St. Elmo's Fire,Drama
2146,St. Elmo's Fire,Romance
2147,"Clan of the Cave Bear, The",Drama
2148,House,Comedy
2148,House,Horror
2149,House II: The Second Story,Comedy
2149,House II: The Second Story,Horror
2150,"Gods Must Be Crazy, The",Comedy
2151,"Gods Must Be Crazy II, The",Comedy
2152,Air Bud: Golden Receiver,Children's
2152,Air Bud: Golden Receiver,Comedy
2153,"Avengers, The",Action
2153,"Avengers, The",Adventure
2154,How Stella Got Her Groove Back,Drama
2154,How Stella Got Her Groove Back,Romance
2155,"Slums of Beverly Hills, The",Comedy
2156,"Best Man, The (Il Testimone dello sposo)",Comedy
2156,"Best Man, The (Il Testimone dello sposo)",Drama
2157,"Chambermaid on the Titanic, The",Romance
2158,"Henry: Portrait of a Serial Killer, Part 2",Crime
2158,"Henry: Portrait of a Serial Killer, Part 2",Horror
2159,Henry: Portrait of a Serial Killer,Crime
2159,Henry: Portrait of a Serial Killer,Horror
2160,Rosemary's Baby,Horror
2160,Rosemary's Baby,Thriller
2161,"NeverEnding Story, The",Adventure
2161,"NeverEnding Story, The",Children's
2161,"NeverEnding Story, The",Fantasy
2162,"NeverEnding Story II: The Next Chapter, The",Adventure
2162,"NeverEnding Story II: The Next Chapter, The",Children's
2162,"NeverEnding Story II: The Next Chapter, The",Fantasy
2163,Attack of the Killer Tomatoes!,Comedy
2163,Attack of the Killer Tomatoes!,Horror
2164,Surf Nazis Must Die,Drama
2165,Your Friends and Neighbors,Drama
2166,Return to Paradise,Drama
2166,Return to Paradise,Romance
2167,Blade,Action
2167,Blade,Adventure
2167,Blade,Horror
2168,Dance with Me,Drama
2168,Dance with Me,Romance
2169,Dead Man on Campus,Comedy
2170,Wrongfully Accused,Action
2170,Wrongfully Accused,Comedy
2171,"Next Stop, Wonderland",Comedy
2171,"Next Stop, Wonderland",Drama
2171,"Next Stop, Wonderland",Romance
2172,"Strike! (a.k.a. All I Wanna Do, The Hairy Bird)",Comedy
2173,"Navigator: A Mediaeval Odyssey, The",Adventure
2173,"Navigator: A Mediaeval Odyssey, The",Fantasy
2173,"Navigator: A Mediaeval Odyssey, The",Sci-Fi
2174,Beetlejuice,Comedy
2174,Beetlejuice,Fantasy
2175,Dj Vu,Drama
2175,Dj Vu,Romance
2176,Rope,Thriller
2177,Family Plot,Comedy
2177,Family Plot,Thriller
2178,Frenzy,Thriller
2179,Topaz,Thriller
2180,Torn Curtain,Thriller
2181,Marnie,Thriller
2182,"Wrong Man, The",Drama
2182,"Wrong Man, The",Film-Noir
2182,"Wrong Man, The",Thriller
2183,"Man Who Knew Too Much, The",Thriller
2184,"Trouble with Harry, The",Mystery
2184,"Trouble with Harry, The",Thriller
2185,I Confess,Thriller
2186,Strangers on a Train,Film-Noir
2186,Strangers on a Train,Thriller
2187,Stage Fright,Mystery
2187,Stage Fright,Thriller
2188,54,Drama
2189,I Married A Strange Person,Animation
2190,Why Do Fools Fall In Love?,Drama
2191,"Merry War, A",Comedy
2192,See the Sea (Regarde la mer),Drama
2193,Willow,Action
2193,Willow,Adventure
2193,Willow,Fantasy
2194,"Untouchables, The",Action
2194,"Untouchables, The",Crime
2194,"Untouchables, The",Drama
2195,Dirty Work,Comedy
2196,Knock Off,Action
2197,Firelight,Drama
2198,Modulations,Documentary
2199,Phoenix,Crime
2199,Phoenix,Drama
2200,Under Capricorn,Drama
2201,"Paradine Case, The",Drama
2202,Lifeboat,Drama
2202,Lifeboat,Thriller
2202,Lifeboat,War
2203,Shadow of a Doubt,Film-Noir
2203,Shadow of a Doubt,Thriller
2204,Saboteur,Thriller
2205,Mr. & Mrs. Smith,Comedy
2206,Suspicion,Mystery
2206,Suspicion,Thriller
2207,Jamaica Inn,Drama
2208,"Lady Vanishes, The",Comedy
2208,"Lady Vanishes, The",Mystery
2208,"Lady Vanishes, The",Romance
2208,"Lady Vanishes, The",Thriller
2209,Young and Innocent,Crime
2209,Young and Innocent,Thriller
2210,Sabotage,Thriller
2211,Secret Agent,Thriller
2212,"Man Who Knew Too Much, The",Thriller
2213,Waltzes from Vienna,Comedy
2213,Waltzes from Vienna,Musical
2214,Number Seventeen,Thriller
2215,Rich and Strange,Comedy
2215,Rich and Strange,Romance
2216,"Skin Game, The",Drama
2217,Elstree Calling,Comedy
2217,Elstree Calling,Musical
2218,Juno and Paycock,Drama
2219,Murder!,Mystery
2219,Murder!,Thriller
2220,"Manxman, The",Drama
2221,Blackmail,Thriller
2222,Champagne,Comedy
2223,"Farmer's Wife, The",Comedy
2224,Downhill,Drama
2225,Easy Virtue,Drama
2226,"Ring, The",Drama
2227,"Lodger, The",Thriller
2228,"Mountain Eagle, The",Drama
2229,"Pleasure Garden, The",Drama
2230,Always Tell Your Wife,Comedy
2231,Rounders,Crime
2231,Rounders,Drama
2232,Cube,Sci-Fi
2232,Cube,Thriller
2233,Digging to China,Drama
2234,Let's Talk About Sex,Drama
2235,One Man's Hero,Drama
2235,One Man's Hero,War
2236,Simon Birch,Drama
2237,Without Limits,Drama
2238,Seven Beauties (Pasqualino Settebellezze),Comedy
2238,Seven Beauties (Pasqualino Settebellezze),Drama
2239,Swept Away (Travolti da un insolito destino nell'azzurro mare d'Agosto),Comedy
2239,Swept Away (Travolti da un insolito destino nell'azzurro mare d'Agosto),Drama
2240,My Bodyguard,Drama
2241,Class,Comedy
2242,"Grandview, U.S.A.",Drama
2243,Broadcast News,Comedy
2243,Broadcast News,Drama
2243,Broadcast News,Romance
2244,"Allnighter, The",Comedy
2244,"Allnighter, The",Romance
2245,Working Girl,Comedy
2245,Working Girl,Drama
2246,Stars and Bars,Comedy
2247,Married to the Mob,Comedy
2248,Say Anything...,Comedy
2248,Say Anything...,Drama
2248,Say Anything...,Romance
2249,My Blue Heaven,Comedy
2250,Men Don't Leave,Drama
2251,"Cabinet of Dr. Ramirez, The",Comedy
2252,Hero,Comedy
2252,Hero,Drama
2253,Toys,Action
2253,Toys,Comedy
2253,Toys,Fantasy
2254,Choices,Drama
2255,Young Doctors in Love,Comedy
2256,Parasite,Horror
2256,Parasite,Sci-Fi
2257,No Small Affair,Comedy
2257,No Small Affair,Romance
2258,Master Ninja I,Action
2259,Blame It on Rio,Comedy
2259,Blame It on Rio,Romance
2260,Wisdom,Action
2260,Wisdom,Crime
2261,One Crazy Summer,Comedy
2262,About Last Night...,Comedy
2262,About Last Night...,Drama
2262,About Last Night...,Romance
2263,"Seventh Sign, The",Thriller
2264,We're No Angels,Drama
2265,Nothing But Trouble,Adventure
2265,Nothing But Trouble,Comedy
2266,"Butcher's Wife, The",Comedy
2266,"Butcher's Wife, The",Romance
2267,Mortal Thoughts,Mystery
2267,Mortal Thoughts,Thriller
2268,"Few Good Men, A",Crime
2268,"Few Good Men, A",Drama
2269,Indecent Proposal,Drama
2270,"Century of Cinema, A",Documentary
2271,Permanent Midnight,Drama
2272,One True Thing,Drama
2273,Rush Hour,Action
2273,Rush Hour,Thriller
2274,Lilian's Story,Drama
2275,Six-String Samurai,Action
2275,Six-String Samurai,Adventure
2275,Six-String Samurai,Sci-Fi
2276,"Soldier's Daughter Never Cries, A",Drama
2277,Somewhere in the City,Drama
2278,Ronin,Action
2278,Ronin,Crime
2278,Ronin,Thriller
2279,Urban Legend,Horror
2279,Urban Legend,Thriller
2280,Clay Pigeons,Crime
2281,Monument Ave.,Crime
2282,Pecker,Comedy
2282,Pecker,Drama
2283,"Sheltering Sky, The",Drama
2284,Bandit Queen,Drama
2285,If....,Drama
2286,"Fiendish Plot of Dr. Fu Manchu, The",Comedy
2287,Them!,Sci-Fi
2287,Them!,Thriller
2287,Them!,War
2288,"Thing, The",Action
2288,"Thing, The",Horror
2288,"Thing, The",Sci-Fi
2288,"Thing, The",Thriller
2289,"Player, The",Comedy
2289,"Player, The",Drama
2290,Stardust Memories,Comedy
2290,Stardust Memories,Drama
2291,Edward Scissorhands,Drama
2291,Edward Scissorhands,Romance
2292,Overnight Delivery,Romance
2293,Shadrach,Drama
2294,Antz,Animation
2294,Antz,Children's
2295,"Impostors, The",Comedy
2296,"Night at the Roxbury, A",Comedy
2297,What Dreams May Come,Drama
2297,What Dreams May Come,Romance
2298,Strangeland,Thriller
2299,"Battle of the Sexes, The",Comedy
2300,"Producers, The",Comedy
2300,"Producers, The",Musical
2301,History of the World: Part I,Comedy
2302,My Cousin Vinny,Comedy
2303,Nashville,Drama
2303,Nashville,Musical
2304,Love Is the Devil,Drama
2305,Slam,Drama
2306,Holy Man,Comedy
2307,One Tough Cop,Action
2307,One Tough Cop,Drama
2308,Detroit 9000,Action
2308,Detroit 9000,Crime
2309,"Inheritors, The (Die Siebtelbauern)",Drama
2310,"Mighty, The",Drama
2311,2010,Mystery
2311,2010,Sci-Fi
2312,Children of a Lesser God,Drama
2313,"Elephant Man, The",Drama
2314,Beloved,Drama
2315,Bride of Chucky,Horror
2315,Bride of Chucky,Thriller
2316,Practical Magic,Drama
2316,Practical Magic,Romance
2317,"Alarmist, The",Comedy
2318,Happiness,Comedy
2319,Reach the Rock,Comedy
2320,Apt Pupil,Drama
2320,Apt Pupil,Thriller
2321,Pleasantville,Comedy
2322,Soldier,Action
2322,Soldier,Adventure
2322,Soldier,Sci-Fi
2322,Soldier,Thriller
2322,Soldier,War
2323,"Cruise, The",Documentary
2324,Life Is Beautiful (La Vita  bella),Comedy
2324,Life Is Beautiful (La Vita  bella),Drama
2325,Orgazmo,Comedy
2326,Shattered Image,Drama
2326,Shattered Image,Thriller
2327,Tales from the Darkside: The Movie,Horror
2328,Vampires,Horror
2329,American History X,Drama
2330,Hands on a Hard Body,Documentary
2331,Living Out Loud,Comedy
2331,Living Out Loud,Romance
2332,Belly,Crime
2332,Belly,Drama
2333,Gods and Monsters,Drama
2334,"Siege, The",Action
2334,"Siege, The",Thriller
2335,"Waterboy, The",Comedy
2336,Elizabeth,Drama
2337,Velvet Goldmine,Drama
2338,I Still Know What You Did Last Summer,Horror
2338,I Still Know What You Did Last Summer,Mystery
2338,I Still Know What You Did Last Summer,Thriller
2339,I'll Be Home For Christmas,Comedy
2339,I'll Be Home For Christmas,Romance
2340,Meet Joe Black,Romance
2341,Dancing at Lughnasa,Drama
2342,Hard Core Logo,Comedy
2343,"Naked Man, The",Drama
2344,Runaway Train,Action
2344,Runaway Train,Adventure
2344,Runaway Train,Drama
2344,Runaway Train,Thriller
2345,Desert Bloom,Drama
2346,"Stepford Wives, The",Sci-Fi
2346,"Stepford Wives, The",Thriller
2347,"Pope of Greenwich Village, The",Action
2348,Sid and Nancy,Drama
2349,Mona Lisa,Comedy
2349,Mona Lisa,Thriller
2350,Heart Condition,Comedy
2351,Nights of Cabiria (Le Notti di Cabiria),Drama
2352,"Big Chill, The",Comedy
2352,"Big Chill, The",Drama
2353,Enemy of the State,Action
2353,Enemy of the State,Thriller
2354,"Rugrats Movie, The",Animation
2354,"Rugrats Movie, The",Children's
2354,"Rugrats Movie, The",Comedy
2355,"Bug's Life, A",Animation
2355,"Bug's Life, A",Children's
2355,"Bug's Life, A",Comedy
2356,Celebrity,Comedy
2357,Central Station (Central do Brasil),Drama
2358,Savior,Drama
2359,Waking Ned Devine,Comedy
2360,"Celebration, The (Festen)",Drama
2361,Pink Flamingos,Comedy
2362,Glen or Glenda,Drama
2363,Godzilla (Gojira),Action
2363,Godzilla (Gojira),Sci-Fi
2364,Godzilla (Gojira),Action
2364,Godzilla (Gojira),Sci-Fi
2365,King Kong vs. Godzilla (Kingukongu tai Gojira),Action
2365,King Kong vs. Godzilla (Kingukongu tai Gojira),Sci-Fi
2366,King Kong,Action
2366,King Kong,Adventure
2366,King Kong,Horror
2367,King Kong,Action
2367,King Kong,Adventure
2367,King Kong,Horror
2368,King Kong Lives,Action
2368,King Kong Lives,Adventure
2368,King Kong Lives,Horror
2369,Desperately Seeking Susan,Comedy
2369,Desperately Seeking Susan,Romance
2370,"Emerald Forest, The",Action
2370,"Emerald Forest, The",Adventure
2370,"Emerald Forest, The",Drama
2371,Fletch,Comedy
2372,Fletch Lives,Comedy
2373,Red Sonja,Action
2373,Red Sonja,Adventure
2374,Gung Ho,Comedy
2374,Gung Ho,Drama
2375,"Money Pit, The",Comedy
2376,"View to a Kill, A",Action
2377,Lifeforce,Horror
2377,Lifeforce,Sci-Fi
2378,Police Academy,Comedy
2379,Police Academy 2: Their First Assignment,Comedy
2380,Police Academy 3: Back in Training,Comedy
2381,Police Academy 4: Citizens on Patrol,Comedy
2382,Police Academy 5: Assignment: Miami Beach,Comedy
2383,Police Academy 6: City Under Siege,Comedy
2384,Babe: Pig in the City,Children's
2384,Babe: Pig in the City,Comedy
2385,Home Fries,Comedy
2385,Home Fries,Romance
2386,Jerry Springer: Ringmaster,Drama
2387,Very Bad Things,Comedy
2387,Very Bad Things,Crime
2388,Steam: The Turkish Bath (Hamam),Drama
2388,Steam: The Turkish Bath (Hamam),Romance
2389,Psycho,Crime
2389,Psycho,Horror
2389,Psycho,Thriller
2390,Little Voice,Comedy
2391,"Simple Plan, A",Crime
2391,"Simple Plan, A",Thriller
2392,Jack Frost,Comedy
2392,Jack Frost,Drama
2393,Star Trek: Insurrection,Action
2393,Star Trek: Insurrection,Sci-Fi
2394,"Prince of Egypt, The",Animation
2394,"Prince of Egypt, The",Musical
2395,Rushmore,Comedy
2396,Shakespeare in Love,Comedy
2396,Shakespeare in Love,Romance
2397,Mass Appeal,Drama
2398,Miracle on 34th Street,Drama
2399,Santa Claus: The Movie,Adventure
2399,Santa Claus: The Movie,Children's
2399,Santa Claus: The Movie,Fantasy
2400,Prancer,Children's
2400,Prancer,Drama
2401,Pale Rider,Western
2402,Rambo: First Blood Part II,Action
2402,Rambo: First Blood Part II,War
2403,First Blood,Action
2404,Rambo III,Action
2404,Rambo III,War
2405,"Jewel of the Nile, The",Action
2405,"Jewel of the Nile, The",Adventure
2405,"Jewel of the Nile, The",Comedy
2405,"Jewel of the Nile, The",Romance
2406,Romancing the Stone,Action
2406,Romancing the Stone,Adventure
2406,Romancing the Stone,Comedy
2406,Romancing the Stone,Romance
2407,Cocoon,Comedy
2407,Cocoon,Sci-Fi
2408,Cocoon: The Return,Comedy
2408,Cocoon: The Return,Sci-Fi
2409,Rocky II,Action
2409,Rocky II,Drama
2410,Rocky III,Action
2410,Rocky III,Drama
2411,Rocky IV,Action
2411,Rocky IV,Drama
2412,Rocky V,Action
2412,Rocky V,Drama
2413,Clue,Comedy
2413,Clue,Mystery
2414,Young Sherlock Holmes,Action
2414,Young Sherlock Holmes,Adventure
2414,Young Sherlock Holmes,Mystery
2415,Violets Are Blue...,Drama
2415,Violets Are Blue...,Romance
2416,Back to School,Comedy
2417,Heartburn,Comedy
2417,Heartburn,Drama
2418,Nothing in Common,Comedy
2419,Extremities,Drama
2419,Extremities,Thriller
2420,"Karate Kid, The",Drama
2421,"Karate Kid, Part II, The",Action
2421,"Karate Kid, Part II, The",Adventure
2421,"Karate Kid, Part II, The",Drama
2422,"Karate Kid III, The",Action
2422,"Karate Kid III, The",Adventure
2422,"Karate Kid III, The",Drama
2423,Christmas Vacation,Comedy
2424,You've Got Mail,Comedy
2424,You've Got Mail,Romance
2425,"General, The",Crime
2426,"Theory of Flight, The",Comedy
2426,"Theory of Flight, The",Drama
2426,"Theory of Flight, The",Romance
2427,"Thin Red Line, The",Action
2427,"Thin Red Line, The",Drama
2427,"Thin Red Line, The",War
2428,"Faculty, The",Horror
2428,"Faculty, The",Sci-Fi
2429,Mighty Joe Young,Adventure
2429,Mighty Joe Young,Children's
2429,Mighty Joe Young,Drama
2430,Mighty Joe Young,Adventure
2430,Mighty Joe Young,Children's
2430,Mighty Joe Young,Drama
2431,Patch Adams,Comedy
2431,Patch Adams,Drama
2432,Stepmom,Drama
2433,"Civil Action, A",Drama
2434,Down in the Delta,Drama
2435,Hurlyburly,Drama
2436,Tea with Mussolini,Comedy
2437,Wilde,Drama
2438,Outside Ozona,Drama
2438,Outside Ozona,Thriller
2439,Affliction,Drama
2440,Another Day in Paradise,Drama
2441,"Hi-Lo Country, The",Drama
2441,"Hi-Lo Country, The",Western
2442,Hilary and Jackie,Drama
2443,Playing by Heart,Drama
2443,Playing by Heart,Romance
2444,24 7: Twenty Four Seven,Comedy
2444,24 7: Twenty Four Seven,Drama
2445,At First Sight,Drama
2446,In Dreams,Thriller
2447,Varsity Blues,Comedy
2447,Varsity Blues,Drama
2448,Virus,Horror
2448,Virus,Sci-Fi
2449,"Garbage Pail Kids Movie, The",Adventure
2449,"Garbage Pail Kids Movie, The",Children's
2450,Howard the Duck,Adventure
2450,Howard the Duck,Children's
2450,Howard the Duck,Sci-Fi
2451,"Gate, The",Horror
2452,"Gate II: Trespassers, The",Horror
2453,"Boy Who Could Fly, The",Drama
2453,"Boy Who Could Fly, The",Fantasy
2454,"Fly, The",Horror
2454,"Fly, The",Sci-Fi
2455,"Fly, The",Horror
2455,"Fly, The",Sci-Fi
2456,"Fly II, The",Horror
2456,"Fly II, The",Sci-Fi
2457,Running Scared,Action
2457,Running Scared,Comedy
2458,Armed and Dangerous,Comedy
2458,Armed and Dangerous,Crime
2459,"Texas Chainsaw Massacre, The",Horror
2460,"Texas Chainsaw Massacre 2, The",Horror
2461,Leatherface: Texas Chainsaw Massacre III,Horror
2462,"Return of the Texas Chainsaw Massacre, The",Horror
2463,Ruthless People,Comedy
2464,Trick or Treat,Horror
2465,Deadly Friend,Horror
2466,Belizaire the Cajun,Drama
2467,"Name of the Rose, The",Mystery
2468,Jumpin' Jack Flash,Action
2468,Jumpin' Jack Flash,Comedy
2468,Jumpin' Jack Flash,Romance
2468,Jumpin' Jack Flash,Thriller
2469,Peggy Sue Got Married,Comedy
2469,Peggy Sue Got Married,Romance
2470,Crocodile Dundee,Adventure
2470,Crocodile Dundee,Comedy
2471,Crocodile Dundee II,Adventure
2471,Crocodile Dundee II,Comedy
2472,Tough Guys,Comedy
2473,Soul Man,Comedy
2474,"Color of Money, The",Drama
2475,52 Pick-Up,Action
2475,52 Pick-Up,Mystery
2475,52 Pick-Up,Thriller
2476,Heartbreak Ridge,Action
2476,Heartbreak Ridge,War
2477,Firewalker,Adventure
2478,Three Amigos!,Comedy
2478,Three Amigos!,Western
2479,Gloria,Drama
2479,Gloria,Thriller
2480,Dry Cleaning (Nettoyage  sec),Drama
2481,My Name Is Joe,Drama
2481,My Name Is Joe,Romance
2482,Still Crazy,Comedy
2482,Still Crazy,Romance
2483,"Day of the Beast, The (El Da de la bestia)",Comedy
2483,"Day of the Beast, The (El Da de la bestia)",Horror
2483,"Day of the Beast, The (El Da de la bestia)",Thriller
2484,Tinseltown,Comedy
2485,She's All That,Comedy
2485,She's All That,Romance
2486,24-hour Woman,Drama
2487,"Blood, Guts, Bullets and Octane",Action
2487,"Blood, Guts, Bullets and Octane",Comedy
2488,Peeping Tom,Drama
2488,Peeping Tom,Horror
2488,Peeping Tom,Thriller
2489,Spanish Fly,Drama
2490,Payback,Action
2490,Payback,Thriller
2491,Simply Irresistible,Comedy
2491,Simply Irresistible,Romance
2492,20 Dates,Comedy
2493,"Harmonists, The",Drama
2494,"Last Days, The",Documentary
2495,"Fantastic Planet, The (La Plante sauvage)",Animation
2495,"Fantastic Planet, The (La Plante sauvage)",Sci-Fi
2496,Blast from the Past,Comedy
2496,Blast from the Past,Romance
2497,Message in a Bottle,Romance
2498,My Favorite Martian,Comedy
2498,My Favorite Martian,Sci-Fi
2499,God Said 'Ha!',Comedy
2500,Jawbreaker,Comedy
2501,October Sky,Drama
2502,Office Space,Comedy
2502,Office Space,Romance
2503,"Apple, The (Sib)",Drama
2504,200 Cigarettes,Comedy
2504,200 Cigarettes,Drama
2505,8MM,Thriller
2506,"Other Sister, The",Comedy
2506,"Other Sister, The",Drama
2506,"Other Sister, The",Romance
2507,Breakfast of Champions,Comedy
2508,"Breaks, The",Drama
2509,Eight Days a Week,Comedy
2510,Just the Ticket,Comedy
2510,Just the Ticket,Romance
2511,"Long Goodbye, The",Crime
2512,"Ballad of Narayama, The (Narayama Bushiko)",Drama
2513,Pet Sematary,Horror
2514,Pet Sematary II,Horror
2515,Children of the Corn II: The Final Sacrifice,Horror
2516,Children of the Corn III,Horror
2517,Christine,Horror
2518,Night Shift,Comedy
2519,House on Haunted Hill,Horror
2520,Airport,Drama
2521,Airport 1975,Drama
2522,Airport '77,Drama
2523,Rollercoaster,Drama
2523,Rollercoaster,Thriller
2524,"Towering Inferno, The",Action
2524,"Towering Inferno, The",Drama
2525,Alligator,Action
2525,Alligator,Horror
2525,Alligator,Sci-Fi
2526,Meteor,Sci-Fi
2527,Westworld,Action
2527,Westworld,Sci-Fi
2527,Westworld,Thriller
2527,Westworld,Western
2528,Logan's Run,Action
2528,Logan's Run,Adventure
2528,Logan's Run,Sci-Fi
2529,Planet of the Apes,Action
2529,Planet of the Apes,Sci-Fi
2530,Beneath the Planet of the Apes,Action
2530,Beneath the Planet of the Apes,Sci-Fi
2531,Battle for the Planet of the Apes,Action
2531,Battle for the Planet of the Apes,Sci-Fi
2532,Conquest of the Planet of the Apes,Action
2532,Conquest of the Planet of the Apes,Sci-Fi
2533,Escape from the Planet of the Apes,Action
2533,Escape from the Planet of the Apes,Sci-Fi
2534,Avalanche,Action
2535,Earthquake,Action
2536,"Concorde: Airport '79, The",Drama
2537,Beyond the Poseidon Adventure,Adventure
2538,Dancemaker,Documentary
2539,Analyze This,Comedy
2540,"Corruptor, The",Action
2540,"Corruptor, The",Crime
2540,"Corruptor, The",Drama
2540,"Corruptor, The",Thriller
2541,Cruel Intentions,Drama
2542,"Lock, Stock & Two Smoking Barrels",Comedy
2542,"Lock, Stock & Two Smoking Barrels",Crime
2542,"Lock, Stock & Two Smoking Barrels",Thriller
2543,Six Ways to Sunday,Comedy
2544,"School of Flesh, The (L' cole de la chair)",Drama
2545,Relax... It's Just Sex,Comedy
2546,"Deep End of the Ocean, The",Drama
2547,Harvest,Drama
2548,"Rage: Carrie 2, The",Horror
2549,Wing Commander,Action
2549,Wing Commander,Sci-Fi
2550,"Haunting, The",Horror
2550,"Haunting, The",Thriller
2551,Dead Ringers,Drama
2551,Dead Ringers,Thriller
2552,My Boyfriend's Back,Comedy
2553,Village of the Damned,Horror
2553,Village of the Damned,Sci-Fi
2553,Village of the Damned,Thriller
2554,Children of the Damned,Horror
2554,Children of the Damned,Sci-Fi
2554,Children of the Damned,Thriller
2555,Baby Geniuses,Comedy
2556,Telling You,Comedy
2556,Telling You,Drama
2556,Telling You,Romance
2557,I Stand Alone (Seul contre tous),Drama
2558,Forces of Nature,Comedy
2558,Forces of Nature,Romance
2559,"King and I, The",Animation
2559,"King and I, The",Children's
2560,Ravenous,Drama
2560,Ravenous,Horror
2561,True Crime,Crime
2561,True Crime,Thriller
2562,Bandits,Drama
2563,Beauty,Drama
2564,"Empty Mirror, The",Drama
2565,"King and I, The",Musical
2566,Doug's 1st Movie,Animation
2566,Doug's 1st Movie,Children's
2567,EDtv,Comedy
2568,"Mod Squad, The",Action
2568,"Mod Squad, The",Crime
2569,Among Giants,Drama
2569,Among Giants,Romance
2570,"Walk on the Moon, A",Drama
2570,"Walk on the Moon, A",Romance
2571,"Matrix, The",Action
2571,"Matrix, The",Sci-Fi
2571,"Matrix, The",Thriller
2572,10 Things I Hate About You,Comedy
2572,10 Things I Hate About You,Romance
2573,Tango,Drama
2574,"Out-of-Towners, The",Comedy
2575,"Dreamlife of Angels, The (La Vie rve des anges)",Drama
2576,"Love, etc.",Drama
2577,Metroland,Comedy
2577,Metroland,Drama
2578,"Sticky Fingers of Time, The",Sci-Fi
2579,Following,Drama
2580,Go,Crime
2581,Never Been Kissed,Comedy
2581,Never Been Kissed,Romance
2582,Twin Dragons (Shuang long hui),Action
2582,Twin Dragons (Shuang long hui),Comedy
2583,Cookie's Fortune,Mystery
2584,Foolish,Comedy
2585,"Lovers of the Arctic Circle, The (Los Amantes del Crculo Polar)",Drama
2585,"Lovers of the Arctic Circle, The (Los Amantes del Crculo Polar)",Romance
2586,"Goodbye, Lover",Comedy
2586,"Goodbye, Lover",Crime
2586,"Goodbye, Lover",Thriller
2587,Life,Comedy
2588,Clubland,Drama
2589,Friends & Lovers,Comedy
2589,Friends & Lovers,Drama
2589,Friends & Lovers,Romance
2590,Hideous Kinky,Drama
2591,Jeanne and the Perfect Guy (Jeanne et le garon formidable),Comedy
2591,Jeanne and the Perfect Guy (Jeanne et le garon formidable),Romance
2592,"Joyriders, The",Drama
2593,"Monster, The (Il Mostro)",Comedy
2594,Open Your Eyes (Abre los ojos),Drama
2594,Open Your Eyes (Abre los ojos),Romance
2594,Open Your Eyes (Abre los ojos),Sci-Fi
2595,Photographer (Fotoamator),Documentary
2596,SLC Punk!,Comedy
2596,SLC Punk!,Drama
2597,Lost & Found,Comedy
2597,Lost & Found,Romance
2598,Pushing Tin,Comedy
2599,Election,Comedy
2600,eXistenZ,Action
2600,eXistenZ,Sci-Fi
2600,eXistenZ,Thriller
2601,"Little Bit of Soul, A",Comedy
2602,Mighty Peking Man (Hsing hsing wang),Adventure
2602,Mighty Peking Man (Hsing hsing wang),Sci-Fi
2603,N,Drama
2604,Let it Come Down: The Life of Paul Bowles,Documentary
2605,Entrapment,Crime
2605,Entrapment,Thriller
2606,Idle Hands,Comedy
2606,Idle Hands,Horror
2607,Get Real,Drama
2608,Heaven,Thriller
2609,"King of Masks, The (Bian Lian)",Drama
2610,Three Seasons,Drama
2611,"Winslow Boy, The",Drama
2612,Mildred Pierce,Drama
2613,Night of the Comet,Action
2613,Night of the Comet,Horror
2613,Night of the Comet,Sci-Fi
2614,Chopping Mall (a.k.a. Killbots),Action
2614,Chopping Mall (a.k.a. Killbots),Horror
2614,Chopping Mall (a.k.a. Killbots),Sci-Fi
2615,My Science Project,Adventure
2615,My Science Project,Sci-Fi
2616,Dick Tracy,Action
2616,Dick Tracy,Crime
2617,"Mummy, The",Action
2617,"Mummy, The",Adventure
2617,"Mummy, The",Horror
2617,"Mummy, The",Thriller
2618,"Castle, The",Comedy
2619,Mascara,Drama
2620,This Is My Father,Drama
2620,This Is My Father,Romance
2621,Xiu Xiu: The Sent-Down Girl (Tian yu),Drama
2621,Xiu Xiu: The Sent-Down Girl (Tian yu),Romance
2622,"Midsummer Night's Dream, A",Comedy
2622,"Midsummer Night's Dream, A",Fantasy
2623,Trippin',Comedy
2624,After Life,Drama
2625,Black Mask (Hak hap),Action
2626,Edge of Seventeen,Comedy
2626,Edge of Seventeen,Drama
2626,Edge of Seventeen,Romance
2627,Endurance,Documentary
2627,Endurance,Drama
2628,Star Wars: Episode I - The Phantom Menace,Action
2628,Star Wars: Episode I - The Phantom Menace,Adventure
2628,Star Wars: Episode I - The Phantom Menace,Fantasy
2628,Star Wars: Episode I - The Phantom Menace,Sci-Fi
2629,"Love Letter, The",Comedy
2629,"Love Letter, The",Romance
2630,Besieged (L' Assedio),Drama
2631,Frogs for Snakes,Comedy
2631,Frogs for Snakes,Film-Noir
2631,Frogs for Snakes,Thriller
2632,"Saragossa Manuscript, The (Rekopis znaleziony w Saragossie)",Drama
2633,"Mummy, The",Horror
2633,"Mummy, The",Romance
2634,"Mummy, The",Horror
2635,"Mummy's Curse, The",Horror
2636,"Mummy's Ghost, The",Horror
2637,"Mummy's Hand, The",Horror
2638,"Mummy's Tomb, The",Horror
2639,Mommie Dearest,Drama
2640,Superman,Action
2640,Superman,Adventure
2640,Superman,Sci-Fi
2641,Superman II,Action
2641,Superman II,Adventure
2641,Superman II,Sci-Fi
2642,Superman III,Action
2642,Superman III,Adventure
2642,Superman III,Sci-Fi
2643,Superman IV: The Quest for Peace,Action
2643,Superman IV: The Quest for Peace,Adventure
2643,Superman IV: The Quest for Peace,Sci-Fi
2644,Dracula,Horror
2645,Dracula,Horror
2646,House of Dracula,Horror
2647,House of Frankenstein,Horror
2648,Frankenstein,Horror
2649,Son of Frankenstein,Horror
2650,"Ghost of Frankenstein, The",Horror
2651,Frankenstein Meets the Wolf Man,Horror
2652,"Curse of Frankenstein, The",Horror
2653,Son of Dracula,Horror
2654,"Wolf Man, The",Horror
2655,Howling II: Your Sister Is a Werewolf,Horror
2656,Tarantula,Horror
2656,Tarantula,Sci-Fi
2657,"Rocky Horror Picture Show, The",Comedy
2657,"Rocky Horror Picture Show, The",Horror
2657,"Rocky Horror Picture Show, The",Musical
2657,"Rocky Horror Picture Show, The",Sci-Fi
2658,"Flying Saucer, The",Sci-Fi
2659,It Came from Hollywood,Comedy
2659,It Came from Hollywood,Documentary
2660,"Thing From Another World, The",Sci-Fi
2661,It Came from Outer Space,Sci-Fi
2662,"War of the Worlds, The",Action
2662,"War of the Worlds, The",Sci-Fi
2662,"War of the Worlds, The",War
2663,It Came from Beneath the Sea,Sci-Fi
2664,Invasion of the Body Snatchers,Horror
2664,Invasion of the Body Snatchers,Sci-Fi
2665,Earth Vs. the Flying Saucers,Sci-Fi
2666,It Conquered the World,Sci-Fi
2667,"Mole People, The",Sci-Fi
2668,Swamp Thing,Horror
2668,Swamp Thing,Sci-Fi
2669,Pork Chop Hill,War
2670,"Run Silent, Run Deep",War
2671,Notting Hill,Comedy
2671,Notting Hill,Romance
2672,"Thirteenth Floor, The",Drama
2672,"Thirteenth Floor, The",Sci-Fi
2672,"Thirteenth Floor, The",Thriller
2673,Eternity and a Day (Mia eoniotita ke mia mera ),Drama
2674,"Loss of Sexual Innocence, The",Drama
2675,Twice Upon a Yesterday,Comedy
2675,Twice Upon a Yesterday,Drama
2675,Twice Upon a Yesterday,Romance
2676,Instinct,Drama
2676,Instinct,Thriller
2677,Buena Vista Social Club,Documentary
2678,Desert Blue,Drama
2679,Finding North,Drama
2679,Finding North,Romance
2680,Floating,Drama
2681,Free Enterprise,Comedy
2681,Free Enterprise,Romance
2681,Free Enterprise,Sci-Fi
2682,Limbo,Drama
2683,Austin Powers: The Spy Who Shagged Me,Comedy
2684,Taxman,Comedy
2684,Taxman,Drama
2685,"Red Dwarf, The (Le Nain rouge)",Comedy
2685,"Red Dwarf, The (Le Nain rouge)",Drama
2686,"Red Violin, The (Le Violon rouge)",Drama
2686,"Red Violin, The (Le Violon rouge)",Mystery
2687,Tarzan,Animation
2687,Tarzan,Children's
2688,"General's Daughter, The",Drama
2688,"General's Daughter, The",Thriller
2689,Get Bruce,Documentary
2690,"Ideal Husband, An",Comedy
2691,"Legend of 1900, The (Leggenda del pianista sull'oceano)",Drama
2692,Run Lola Run (Lola rennt),Action
2692,Run Lola Run (Lola rennt),Crime
2692,Run Lola Run (Lola rennt),Romance
2693,Trekkies,Documentary
2694,Big Daddy,Comedy
2695,"Boys, The",Drama
2696,"Dinner Game, The (Le Dner de cons)",Comedy
2697,My Son the Fanatic,Comedy
2697,My Son the Fanatic,Drama
2697,My Son the Fanatic,Romance
2698,Zone 39,Sci-Fi
2699,Arachnophobia,Action
2699,Arachnophobia,Comedy
2699,Arachnophobia,Sci-Fi
2699,Arachnophobia,Thriller
2700,"South Park: Bigger, Longer and Uncut",Animation
2700,"South Park: Bigger, Longer and Uncut",Comedy
2701,Wild Wild West,Action
2701,Wild Wild West,Sci-Fi
2701,Wild Wild West,Western
2702,Summer of Sam,Drama
2703,Broken Vessels,Drama
2704,"Lovers on the Bridge, The (Les Amants du Pont-Neuf)",Drama
2704,"Lovers on the Bridge, The (Les Amants du Pont-Neuf)",Romance
2705,"Late August, Early September (Fin aot, dbut septembre)",Drama
2706,American Pie,Comedy
2707,Arlington Road,Thriller
2708,"Autumn Tale, An (Conte d'automne)",Romance
2709,Muppets From Space,Children's
2709,Muppets From Space,Comedy
2710,"Blair Witch Project, The",Horror
2711,My Life So Far,Drama
2712,Eyes Wide Shut,Drama
2713,Lake Placid,Horror
2713,Lake Placid,Thriller
2714,"Wood, The",Drama
2715,"Velocity of Gary, The",Comedy
2715,"Velocity of Gary, The",Romance
2716,Ghostbusters,Comedy
2716,Ghostbusters,Horror
2717,Ghostbusters II,Comedy
2717,Ghostbusters II,Horror
2718,Drop Dead Gorgeous,Comedy
2719,"Haunting, The",Horror
2719,"Haunting, The",Thriller
2720,Inspector Gadget,Action
2720,Inspector Gadget,Adventure
2720,Inspector Gadget,Children's
2720,Inspector Gadget,Comedy
2721,Trick,Romance
2722,Deep Blue Sea,Action
2722,Deep Blue Sea,Sci-Fi
2722,Deep Blue Sea,Thriller
2723,Mystery Men,Action
2723,Mystery Men,Adventure
2723,Mystery Men,Comedy
2724,Runaway Bride,Comedy
2724,Runaway Bride,Romance
2725,Twin Falls Idaho,Drama
2726,"Killing, The",Crime
2726,"Killing, The",Film-Noir
2727,Killer's Kiss,Film-Noir
2728,Spartacus,Drama
2729,Lolita,Drama
2730,Barry Lyndon,Drama
2731,"400 Blows, The (Les Quatre cents coups)",Drama
2732,Jules and Jim (Jules et Jim),Drama
2733,Vibes,Adventure
2733,Vibes,Comedy
2734,"Mosquito Coast, The",Drama
2735,"Golden Child, The",Action
2735,"Golden Child, The",Adventure
2735,"Golden Child, The",Comedy
2736,Brighton Beach Memoirs,Comedy
2737,Assassination,Action
2738,Crimes of the Heart,Comedy
2738,Crimes of the Heart,Drama
2739,"Color Purple, The",Drama
2740,"Kindred, The",Horror
2741,No Mercy,Action
2741,No Mercy,Thriller
2742,Mnage (Tenue de soire),Comedy
2742,Mnage (Tenue de soire),Drama
2743,Native Son,Drama
2744,Otello,Drama
2745,"Mission, The",Drama
2746,Little Shop of Horrors,Comedy
2746,Little Shop of Horrors,Horror
2746,Little Shop of Horrors,Musical
2747,"Little Shop of Horrors, The",Comedy
2747,"Little Shop of Horrors, The",Horror
2748,Allan Quartermain and the Lost City of Gold,Action
2748,Allan Quartermain and the Lost City of Gold,Adventure
2749,"Morning After, The",Drama
2749,"Morning After, The",Mystery
2750,Radio Days,Comedy
2750,Radio Days,Drama
2751,From the Hip,Comedy
2752,Outrageous Fortune,Comedy
2752,Outrageous Fortune,Mystery
2753,"Bedroom Window, The",Thriller
2754,Deadtime Stories,Horror
2755,Light of Day,Drama
2756,Wanted: Dead or Alive,Action
2757,Frances,Drama
2758,Plenty,Drama
2759,Dick,Comedy
2760,"Gambler, The (A Jtkos)",Drama
2761,"Iron Giant, The",Animation
2761,"Iron Giant, The",Children's
2762,"Sixth Sense, The",Thriller
2763,"Thomas Crown Affair, The",Action
2763,"Thomas Crown Affair, The",Thriller
2764,"Thomas Crown Affair, The",Crime
2764,"Thomas Crown Affair, The",Drama
2764,"Thomas Crown Affair, The",Thriller
2765,"Acid House, The",Comedy
2765,"Acid House, The",Drama
2766,"Adventures of Sebastian Cole, The",Comedy
2766,"Adventures of Sebastian Cole, The",Drama
2767,Illuminata,Comedy
2768,Stiff Upper Lips,Comedy
2769,"Yards, The",Crime
2769,"Yards, The",Mystery
2770,Bowfinger,Comedy
2771,Brokedown Palace,Drama
2772,Detroit Rock City,Comedy
2773,Alice and Martin (Alice et Martin),Drama
2774,Better Than Chocolate,Comedy
2774,Better Than Chocolate,Romance
2775,Head On,Drama
2776,"Marcello Mastroianni: I Remember Yes, I Remember",Documentary
2777,Cobra,Drama
2778,Never Talk to Strangers,Thriller
2779,Heaven Can Wait,Comedy
2780,"Raven, The",Comedy
2780,"Raven, The",Horror
2781,"Tingler, The",Horror
2782,Pit and the Pendulum,Horror
2783,"Tomb of Ligeia, The",Horror
2784,"Masque of the Red Death, The",Horror
2785,Tales of Terror,Horror
2786,Haunted Honeymoon,Comedy
2787,Cat's Eye,Horror
2788,And Now for Something Completely Different,Comedy
2789,Damien: Omen II,Horror
2790,"Final Conflict, The (a.k.a. Omen III: The Final Conflict)",Horror
2791,Airplane!,Comedy
2792,Airplane II: The Sequel,Comedy
2793,"American Werewolf in Paris, An",Comedy
2793,"American Werewolf in Paris, An",Horror
2794,European Vacation,Comedy
2795,Vacation,Comedy
2796,Funny Farm,Comedy
2797,Big,Comedy
2797,Big,Fantasy
2798,Problem Child,Comedy
2799,Problem Child 2,Comedy
2800,Little Nemo: Adventures in Slumberland,Animation
2800,Little Nemo: Adventures in Slumberland,Children's
2801,Oscar and Lucinda (a.k.a. Oscar & Lucinda),Drama
2801,Oscar and Lucinda (a.k.a. Oscar & Lucinda),Romance
2802,Tequila Sunrise,Action
2802,Tequila Sunrise,Romance
2802,Tequila Sunrise,Thriller
2803,"Pelican Brief, The",Thriller
2804,"Christmas Story, A",Comedy
2804,"Christmas Story, A",Drama
2805,Mickey Blue Eyes,Comedy
2805,Mickey Blue Eyes,Romance
2806,Teaching Mrs. Tingle,Comedy
2806,Teaching Mrs. Tingle,Thriller
2807,Universal Soldier: The Return,Action
2807,Universal Soldier: The Return,Sci-Fi
2808,Universal Soldier,Action
2808,Universal Soldier,Sci-Fi
2809,Love Stinks,Comedy
2810,Perfect Blue,Animation
2810,Perfect Blue,Mystery
2811,With Friends Like These...,Comedy
2812,In Too Deep,Action
2812,In Too Deep,Thriller
2813,"Source, The",Documentary
2814,"Bat, The",Horror
2815,Iron Eagle,Action
2815,Iron Eagle,War
2816,Iron Eagle II,Action
2816,Iron Eagle II,War
2817,Aces: Iron Eagle III,Action
2817,Aces: Iron Eagle III,War
2818,Iron Eagle IV,Action
2818,Iron Eagle IV,War
2819,Three Days of the Condor,Thriller
2820,Hamlet,Drama
2821,Male and Female,Adventure
2821,Male and Female,Drama
2822,Medicine Man,Adventure
2822,Medicine Man,Romance
2823,"Spiders, The (Die Spinnen, 1. Teil: Der Goldene See)",Action
2823,"Spiders, The (Die Spinnen, 1. Teil: Der Goldene See)",Drama
2824,On the Ropes,Documentary
2825,Rosie,Drama
2826,"13th Warrior, The",Action
2826,"13th Warrior, The",Horror
2826,"13th Warrior, The",Thriller
2827,"Astronaut's Wife, The",Sci-Fi
2827,"Astronaut's Wife, The",Thriller
2828,Dudley Do-Right,Children's
2828,Dudley Do-Right,Comedy
2829,"Muse, The",Comedy
2829,"Muse, The",Drama
2830,Cabaret Balkan (Bure Baruta),Drama
2831,"Dog of Flanders, A",Drama
2832,"Lost Son, The",Drama
2833,Lucie Aubrac,Romance
2833,Lucie Aubrac,War
2834,"Very Thought of You, The",Comedy
2834,"Very Thought of You, The",Romance
2835,Chill Factor,Action
2835,Chill Factor,Thriller
2836,Outside Providence,Comedy
2837,Bedrooms & Hallways,Comedy
2837,Bedrooms & Hallways,Romance
2838,I Woke Up Early the Day I Died,Comedy
2839,West Beirut (West Beyrouth),Drama
2840,Stigmata,Thriller
2841,Stir of Echoes,Thriller
2842,Best Laid Plans,Crime
2842,Best Laid Plans,Drama
2843,"Black Cat, White Cat (Crna macka, beli macor)",Comedy
2843,"Black Cat, White Cat (Crna macka, beli macor)",Romance
2844,"Minus Man, The",Drama
2844,"Minus Man, The",Mystery
2845,White Boys,Drama
2846,"Adventures of Milo and Otis, The",Children's
2847,Only Angels Have Wings,Drama
2848,Othello,Drama
2849,Queens Logic,Comedy
2849,Queens Logic,Drama
2850,Public Access,Drama
2850,Public Access,Thriller
2851,Saturn 3,Adventure
2851,Saturn 3,Sci-Fi
2851,Saturn 3,Thriller
2852,"Soldier's Story, A",Drama
2853,"Communion (a.k.a. Alice, Sweet Alice/Holy Terror)",Horror
2854,Don't Look in the Basement!,Horror
2855,Nightmares,Horror
2856,I Saw What You Did,Thriller
2857,Yellow Submarine,Animation
2857,Yellow Submarine,Musical
2858,American Beauty,Comedy
2858,American Beauty,Drama
2859,Stop Making Sense,Documentary
2860,Blue Streak,Comedy
2861,For Love of the Game,Comedy
2861,For Love of the Game,Drama
2862,Caligula,Drama
2863,"Hard Day's Night, A",Comedy
2863,"Hard Day's Night, A",Musical
2864,Splendor,Comedy
2865,Sugar Town,Comedy
2866,"Buddy Holly Story, The",Drama
2867,Fright Night,Comedy
2867,Fright Night,Horror
2868,Fright Night Part II,Horror
2869,"Separation, The (La Sparation)",Drama
2870,Barefoot in the Park,Comedy
2871,Deliverance,Adventure
2871,Deliverance,Thriller
2872,Excalibur,Action
2872,Excalibur,Drama
2872,Excalibur,Fantasy
2872,Excalibur,Romance
2873,Lulu on the Bridge,Drama
2873,Lulu on the Bridge,Mystery
2873,Lulu on the Bridge,Romance
2874,"Pajama Game, The",Comedy
2875,Sommersby,Drama
2875,Sommersby,Mystery
2875,Sommersby,Romance
2876,Thumbelina,Animation
2876,Thumbelina,Children's
2877,Tommy,Drama
2877,Tommy,Musical
2878,Hell Night,Horror
2879,Operation Condor (Feiying gaiwak),Action
2879,Operation Condor (Feiying gaiwak),Adventure
2879,Operation Condor (Feiying gaiwak),Comedy
2880,Operation Condor 2 (Longxiong hudi),Action
2880,Operation Condor 2 (Longxiong hudi),Adventure
2880,Operation Condor 2 (Longxiong hudi),Comedy
2881,Double Jeopardy,Action
2881,Double Jeopardy,Thriller
2882,Jakob the Liar,Drama
2883,Mumford,Comedy
2884,Dog Park,Comedy
2884,Dog Park,Romance
2885,Guinevere,Drama
2885,Guinevere,Romance
2886,"Adventures of Elmo in Grouchland, The",Children's
2886,"Adventures of Elmo in Grouchland, The",Comedy
2887,Simon Sez,Drama
2888,Drive Me Crazy,Comedy
2888,Drive Me Crazy,Romance
2889,"Mystery, Alaska",Comedy
2890,Three Kings,Drama
2890,Three Kings,War
2891,"Happy, Texas",Comedy
2892,New Rose Hotel,Action
2892,New Rose Hotel,Drama
2893,Plunkett & MaCleane,Action
2893,Plunkett & MaCleane,Drama
2894,Romance,Drama
2894,Romance,Romance
2895,Napoleon and Samantha,Adventure
2896,Alvarez Kelly,Western
2897,And the Ship Sails On (E la nave va),Comedy
2897,And the Ship Sails On (E la nave va),War
2898,"Dark Half, The",Horror
2898,"Dark Half, The",Mystery
2899,Gulliver's Travels,Adventure
2899,Gulliver's Travels,Animation
2899,Gulliver's Travels,Children's
2900,Monkey Shines,Horror
2900,Monkey Shines,Sci-Fi
2901,Phantasm,Horror
2901,Phantasm,Sci-Fi
2902,Psycho II,Horror
2902,Psycho II,Thriller
2903,Psycho III,Horror
2903,Psycho III,Thriller
2904,Rain,Drama
2905,Sanjuro,Action
2905,Sanjuro,Adventure
2906,Random Hearts,Drama
2906,Random Hearts,Romance
2907,Superstar,Comedy
2908,Boys Don't Cry,Drama
2909,"Five Wives, Three Secretaries and Me",Documentary
2910,"Ennui, L'",Drama
2910,"Ennui, L'",Romance
2911,"Grandfather, The (El Abuelo)",Drama
2912,"Limey, The",Action
2912,"Limey, The",Crime
2912,"Limey, The",Drama
2913,"Mating Habits of the Earthbound Human, The",Comedy
2914,Molly,Comedy
2914,Molly,Drama
2915,Risky Business,Comedy
2916,Total Recall,Action
2916,Total Recall,Adventure
2916,Total Recall,Sci-Fi
2916,Total Recall,Thriller
2917,Body Heat,Crime
2917,Body Heat,Thriller
2918,Ferris Bueller's Day Off,Comedy
2919,Year of Living Dangerously,Drama
2919,Year of Living Dangerously,Romance
2920,Children of Paradise (Les enfants du paradis),Drama
2920,Children of Paradise (Les enfants du paradis),Romance
2921,High Plains Drifter,Western
2922,Hang 'em High,Western
2923,Citizen's Band (a.k.a. Handle with Care),Comedy
2924,Drunken Master (Zui quan),Action
2924,Drunken Master (Zui quan),Comedy
2925,"Conformist, The (Il Conformista)",Drama
2926,Hairspray,Comedy
2926,Hairspray,Drama
2927,Brief Encounter,Drama
2927,Brief Encounter,Romance
2928,"Razor's Edge, The",Drama
2929,Reds,Drama
2930,Return with Honor,Documentary
2931,Time of the Gypsies (Dom za vesanje),Drama
2932,Days of Heaven,Drama
2933,"Fire Within, The (Le Feu Follet)",Drama
2934,"Love Bewitched, A (El Amor Brujo)",Musical
2935,"Lady Eve, The",Comedy
2935,"Lady Eve, The",Romance
2936,Sullivan's Travels,Comedy
2937,"Palm Beach Story, The",Comedy
2938,Man Facing Southeast (Hombre Mirando al Sudeste),Drama
2939,Niagara,Drama
2939,Niagara,Thriller
2940,Gilda,Film-Noir
2941,South Pacific,Musical
2941,South Pacific,Romance
2941,South Pacific,War
2942,Flashdance,Drama
2942,Flashdance,Romance
2943,Indochine,Drama
2943,Indochine,Romance
2944,"Dirty Dozen, The",Action
2944,"Dirty Dozen, The",War
2945,Mike's Murder,Mystery
2946,Help!,Comedy
2946,Help!,Musical
2947,Goldfinger,Action
2948,From Russia with Love,Action
2949,Dr. No,Action
2950,"Blue Lagoon, The",Adventure
2950,"Blue Lagoon, The",Drama
2950,"Blue Lagoon, The",Romance
2951,"Fistful of Dollars, A",Action
2951,"Fistful of Dollars, A",Western
2952,"Hard 8 (a.k.a. Sydney, a.k.a. Hard Eight)",Crime
2952,"Hard 8 (a.k.a. Sydney, a.k.a. Hard Eight)",Thriller
2953,Home Alone 2: Lost in New York,Children's
2953,Home Alone 2: Lost in New York,Comedy
2954,Penitentiary,Drama
2955,Penitentiary II,Drama
2956,Someone to Watch Over Me,Action
2956,Someone to Watch Over Me,Crime
2956,Someone to Watch Over Me,Thriller
2957,Sparrows,Drama
2958,Naturally Native,Drama
2959,Fight Club,Drama
2960,Beefcake,Drama
2961,"Story of Us, The",Comedy
2961,"Story of Us, The",Drama
2962,Fever Pitch,Comedy
2962,Fever Pitch,Romance
2963,Joe the King,Crime
2963,Joe the King,Drama
2964,Julien Donkey-Boy,Drama
2965,"Omega Code, The",Action
2966,"Straight Story, The",Drama
2967,"Bad Seed, The",Drama
2967,"Bad Seed, The",Thriller
2968,Time Bandits,Adventure
2968,Time Bandits,Fantasy
2968,Time Bandits,Sci-Fi
2969,"Man and a Woman, A (Un Homme et une Femme)",Drama
2969,"Man and a Woman, A (Un Homme et une Femme)",Romance
2970,Fitzcarraldo,Adventure
2970,Fitzcarraldo,Drama
2971,All That Jazz,Musical
2972,Red Sorghum (Hong Gao Liang),Drama
2972,Red Sorghum (Hong Gao Liang),War
2973,Crimes and Misdemeanors,Comedy
2974,Bats,Horror
2974,Bats,Thriller
2975,"Best Man, The",Drama
2976,Bringing Out the Dead,Drama
2976,Bringing Out the Dead,Horror
2977,Crazy in Alabama,Comedy
2977,Crazy in Alabama,Drama
2978,Three to Tango,Comedy
2978,Three to Tango,Romance
2979,Body Shots,Drama
2980,Men Cry Bullets,Drama
2981,"Brother, Can You Spare a Dime?",Documentary
2982,"Guardian, The",Horror
2982,"Guardian, The",Thriller
2983,"Ipcress File, The",Thriller
2984,On Any Sunday,Documentary
2985,Robocop,Action
2985,Robocop,Crime
2985,Robocop,Sci-Fi
2986,Robocop 2,Action
2986,Robocop 2,Crime
2986,Robocop 2,Sci-Fi
2987,Who Framed Roger Rabbit?,Adventure
2987,Who Framed Roger Rabbit?,Animation
2987,Who Framed Roger Rabbit?,Film-Noir
2988,Melvin and Howard,Drama
2989,For Your Eyes Only,Action
2990,Licence to Kill,Action
2991,Live and Let Die,Action
2992,Rawhead Rex,Horror
2992,Rawhead Rex,Thriller
2993,Thunderball,Action
2994,"City, The",Drama
2995,"House on Haunted Hill, The",Horror
2996,Music of the Heart,Drama
2997,Being John Malkovich,Comedy
2998,Dreaming of Joseph Lees,Romance
2999,Man of the Century,Comedy
3000,"Princess Mononoke, The (Mononoke Hime)",Action
3000,"Princess Mononoke, The (Mononoke Hime)",Adventure
3000,"Princess Mononoke, The (Mononoke Hime)",Animation
3001,"Suburbans, The",Drama
3002,My Best Fiend (Mein liebster Feind),Documentary
3003,Train of Life (Train De Vie),Comedy
3003,Train of Life (Train De Vie),Drama
3004,"Bachelor, The",Comedy
3004,"Bachelor, The",Romance
3005,"Bone Collector, The",Thriller
3006,"Insider, The",Drama
3007,American Movie,Documentary
3008,Last Night,Thriller
3009,Portraits Chinois,Drama
3010,Rosetta,Drama
3011,"They Shoot Horses, Don't They?",Drama
3012,Battling Butler,Comedy
3013,Bride of Re-Animator,Comedy
3013,Bride of Re-Animator,Horror
3014,Bustin' Loose,Comedy
3015,Coma,Thriller
3016,Creepshow,Horror
3017,Creepshow 2,Horror
3018,Re-Animator,Horror
3019,Drugstore Cowboy,Crime
3019,Drugstore Cowboy,Drama
3020,Falling Down,Action
3020,Falling Down,Drama
3021,"Funhouse, The",Horror
3022,"General, The",Comedy
3023,My Best Girl,Comedy
3023,My Best Girl,Romance
3024,Piranha,Horror
3024,Piranha,Sci-Fi
3025,Rough Night in Jericho,Western
3026,Slaughterhouse,Horror
3027,Slaughterhouse 2,Horror
3028,"Taming of the Shrew, The",Comedy
3029,Nighthawks,Action
3029,Nighthawks,Drama
3030,Yojimbo,Comedy
3030,Yojimbo,Drama
3030,Yojimbo,Western
3031,Repossessed,Comedy
3032,"Omega Man, The",Sci-Fi
3033,Spaceballs,Comedy
3033,Spaceballs,Sci-Fi
3034,Robin Hood,Animation
3034,Robin Hood,Children's
3035,Mister Roberts,Comedy
3035,Mister Roberts,Drama
3035,Mister Roberts,War
3036,Quest for Fire,Adventure
3037,Little Big Man,Comedy
3037,Little Big Man,Drama
3037,Little Big Man,Western
3038,"Face in the Crowd, A",Drama
3039,Trading Places,Comedy
3040,Meatballs,Comedy
3041,Meatballs Part II,Comedy
3042,Meatballs III,Comedy
3043,Meatballs 4,Comedy
3044,Dead Again,Mystery
3044,Dead Again,Romance
3044,Dead Again,Thriller
3045,Peter's Friends,Comedy
3045,Peter's Friends,Drama
3046,"Incredibly True Adventure of Two Girls in Love, The",Comedy
3046,"Incredibly True Adventure of Two Girls in Love, The",Romance
3047,Experience Preferred... But Not Essential,Drama
3048,Under the Rainbow,Comedy
3049,How I Won the War,Comedy
3049,How I Won the War,War
3050,Light It Up,Drama
3051,Anywhere But Here,Drama
3052,Dogma,Comedy
3053,"Messenger: The Story of Joan of Arc, The",Drama
3053,"Messenger: The Story of Joan of Arc, The",War
3054,Pokmon: The First Movie,Animation
3054,Pokmon: The First Movie,Children's
3055,Felicia's Journey,Thriller
3056,Oxygen,Thriller
3057,Where's Marlowe?,Comedy
3058,"Ape, The",Horror
3058,"Ape, The",Sci-Fi
3059,British Intelligence,Drama
3060,"Commitments, The",Comedy
3060,"Commitments, The",Drama
3061,Holiday Inn,Comedy
3061,Holiday Inn,Musical
3062,"Longest Day, The",Action
3062,"Longest Day, The",Drama
3062,"Longest Day, The",War
3063,Poison Ivy,Thriller
3064,Poison Ivy: New Seduction,Thriller
3065,Ten Benny,Drama
3066,Tora! Tora! Tora!,War
3067,Women on the Verge of a Nervous Breakdown,Comedy
3067,Women on the Verge of a Nervous Breakdown,Drama
3068,"Verdict, The",Drama
3069,"Effect of Gamma Rays on Man-in-the-Moon Marigolds, The",Drama
3070,"Adventures of Buckaroo Bonzai Across the 8th Dimension, The",Adventure
3070,"Adventures of Buckaroo Bonzai Across the 8th Dimension, The",Comedy
3070,"Adventures of Buckaroo Bonzai Across the 8th Dimension, The",Sci-Fi
3071,Stand and Deliver,Drama
3072,Moonstruck,Comedy
3073,"Sandpiper, The",Drama
3073,"Sandpiper, The",Romance
3074,Jeremiah Johnson,Western
3075,Repulsion,Thriller
3076,Irma la Douce,Comedy
3077,42 Up,Documentary
3078,Liberty Heights,Drama
3079,Mansfield Park,Drama
3080,"Goodbye, 20th Century (Zbogum na dvadesetiot vek)",Drama
3080,"Goodbye, 20th Century (Zbogum na dvadesetiot vek)",Sci-Fi
3081,Sleepy Hollow,Horror
3081,Sleepy Hollow,Romance
3082,"World Is Not Enough, The",Action
3082,"World Is Not Enough, The",Thriller
3083,All About My Mother (Todo Sobre Mi Madre),Comedy
3083,All About My Mother (Todo Sobre Mi Madre),Drama
3084,Home Page,Documentary
3085,"Living Dead Girl, The (La Morte Vivante)",Horror
3086,March of the Wooden Soldiers (a.k.a. Laurel & Hardy in Toyland),Comedy
3087,Scrooged,Comedy
3088,Harvey,Comedy
3089,"Bicycle Thief, The (Ladri di biciclette)",Drama
3090,Matewan,Drama
3091,Kagemusha,Drama
3091,Kagemusha,War
3092,Chushingura,Drama
3093,McCabe & Mrs. Miller,Drama
3093,McCabe & Mrs. Miller,Western
3094,Maurice,Drama
3094,Maurice,Romance
3095,"Grapes of Wrath, The",Drama
3096,My Man Godfrey,Comedy
3097,"Shop Around the Corner, The",Comedy
3097,"Shop Around the Corner, The",Romance
3098,"Natural, The",Drama
3099,Shampoo,Comedy
3099,Shampoo,Romance
3100,"River Runs Through It, A",Drama
3101,Fatal Attraction,Thriller
3102,Jagged Edge,Thriller
3103,Stanley & Iris,Drama
3103,Stanley & Iris,Romance
3104,Midnight Run,Action
3104,Midnight Run,Adventure
3104,Midnight Run,Comedy
3104,Midnight Run,Crime
3105,Awakenings,Drama
3106,Come See the Paradise,Drama
3106,Come See the Paradise,Romance
3107,Backdraft,Action
3107,Backdraft,Drama
3108,"Fisher King, The",Comedy
3108,"Fisher King, The",Drama
3108,"Fisher King, The",Romance
3109,"River, The",Drama
3110,Country,Drama
3111,Places in the Heart,Drama
3112,'Night Mother,Drama
3113,End of Days,Action
3113,End of Days,Thriller
3114,Toy Story 2,Animation
3114,Toy Story 2,Children's
3114,Toy Story 2,Comedy
3115,Flawless,Drama
3116,Miss Julie,Drama
3117,Ride with the Devil,Drama
3117,Ride with the Devil,Romance
3117,Ride with the Devil,War
3118,Tumbleweeds,Drama
3119,Bay of Blood (Reazione a catena),Horror
3120,"Distinguished Gentleman, The",Comedy
3121,"Hitch-Hiker, The",Film-Noir
3122,Santa Fe Trail,Drama
3122,Santa Fe Trail,Romance
3122,Santa Fe Trail,Western
3123,Spring Fever USA (a.k.a. Lauderdale),Comedy
3124,Agnes Browne,Comedy
3124,Agnes Browne,Drama
3125,"End of the Affair, The",Drama
3126,"End of the Affair, The",Drama
3127,Holy Smoke,Drama
3128,"Map of the World, A",Drama
3129,Sweet and Lowdown,Comedy
3129,Sweet and Lowdown,Drama
3130,Bonfire of the Vanities,Comedy
3131,Broadway Damage,Comedy
3132,Daddy Long Legs,Comedy
3133,Go West,Comedy
3134,"Grand Illusion (Grande illusion, La)",Drama
3134,"Grand Illusion (Grande illusion, La)",War
3135,"Great Santini, The",Drama
3136,"James Dean Story, The",Documentary
3137,"Sea Wolves, The",Action
3137,"Sea Wolves, The",War
3138,Stealing Home,Drama
3139,Tarzan the Fearless,Action
3139,Tarzan the Fearless,Adventure
3140,"Three Ages, The",Comedy
3141,"Two Jakes, The",Drama
3142,U2: Rattle and Hum,Documentary
3142,U2: Rattle and Hum,Musical
3143,Hell in the Pacific,Drama
3143,Hell in the Pacific,War
3144,"Glass Bottom Boat, The",Comedy
3144,"Glass Bottom Boat, The",Romance
3145,"Cradle Will Rock, The",Drama
3146,Deuce Bigalow: Male Gigolo,Comedy
3147,"Green Mile, The",Drama
3147,"Green Mile, The",Thriller
3148,"Cider House Rules, The",Drama
3149,Diamonds,Mystery
3150,"War Zone, The",Drama
3151,"Bat Whispers, The",Crime
3151,"Bat Whispers, The",Drama
3151,"Bat Whispers, The",Mystery
3152,"Last Picture Show, The",Drama
3153,"7th Voyage of Sinbad, The",Action
3153,"7th Voyage of Sinbad, The",Adventure
3153,"7th Voyage of Sinbad, The",Fantasy
3154,Blood on the Sun,Drama
3154,Blood on the Sun,War
3155,Anna and the King,Drama
3155,Anna and the King,Romance
3156,Bicentennial Man,Comedy
3156,Bicentennial Man,Drama
3156,Bicentennial Man,Sci-Fi
3157,Stuart Little,Children's
3157,Stuart Little,Comedy
3158,"Emperor and the Assassin, The (Jing ke ci qin wang)",Drama
3159,Fantasia 2000,Animation
3159,Fantasia 2000,Children's
3159,Fantasia 2000,Musical
3160,Magnolia,Drama
3161,Onegin,Drama
3162,Simpatico,Comedy
3162,Simpatico,Drama
3163,Topsy-Turvy,Drama
3164,"Alley Cats, The",Drama
3165,Boiling Point,Action
3165,Boiling Point,Drama
3166,Brenda Starr,Adventure
3167,Carnal Knowledge,Drama
3168,Easy Rider,Adventure
3168,Easy Rider,Drama
3169,"Falcon and the Snowman, The",Drama
3170,Hi-Yo Silver,Western
3171,Room at the Top,Drama
3172,Ulysses (Ulisse),Adventure
3173,Any Given Sunday,Drama
3174,Man on the Moon,Comedy
3174,Man on the Moon,Drama
3175,Galaxy Quest,Adventure
3175,Galaxy Quest,Comedy
3175,Galaxy Quest,Sci-Fi
3176,"Talented Mr. Ripley, The",Drama
3176,"Talented Mr. Ripley, The",Mystery
3176,"Talented Mr. Ripley, The",Thriller
3177,Next Friday,Comedy
3178,"Hurricane, The",Drama
3179,Angela's Ashes,Drama
3180,Play it to the Bone,Comedy
3180,Play it to the Bone,Drama
3181,Titus,Drama
3182,Mr. Death: The Rise and Fall of Fred A. Leuchter Jr.,Documentary
3183,"Third Miracle, The",Drama
3184,Montana,Action
3184,Montana,Comedy
3184,Montana,Crime
3184,Montana,Drama
3185,Snow Falling on Cedars,Drama
3186,"Girl, Interrupted",Drama
3187,Trans,Drama
3188,"Life and Times of Hank Greenberg, The",Documentary
3189,My Dog Skip,Comedy
3190,Supernova,Adventure
3190,Supernova,Sci-Fi
3191,"Quarry, The",Drama
3192,"Terrorist, The (Malli)",Drama
3193,Creature,Documentary
3194,"Way We Were, The",Drama
3195,Tess of the Storm Country,Drama
3196,Stalag 17,Drama
3196,Stalag 17,War
3197,"Presidio, The",Action
3198,Papillon,Drama
3199,Pal Joey,Comedy
3199,Pal Joey,Musical
3199,Pal Joey,Romance
3200,"Last Detail, The",Comedy
3200,"Last Detail, The",Drama
3201,Five Easy Pieces,Drama
3202,Even Dwarfs Started Small (Auch Zwerge haben klein angefangen),Drama
3203,Dead Calm,Thriller
3204,"Boys from Brazil, The",Thriller
3205,Black Sunday (La Maschera Del Demonio),Horror
3206,Against All Odds,Romance
3207,"Snows of Kilimanjaro, The",Adventure
3208,Loaded Weapon 1,Action
3208,Loaded Weapon 1,Comedy
3209,"Loves of Carmen, The",Drama
3210,Fast Times at Ridgemont High,Comedy
3211,"Cry in the Dark, A",Drama
3212,Born to Win,Drama
3213,Batman: Mask of the Phantasm,Animation
3213,Batman: Mask of the Phantasm,Children's
3214,American Flyers,Drama
3215,Voyage of the Damned,Drama
3216,Vampyros Lesbos (Las Vampiras),Horror
3217,"Star Is Born, A",Drama
3218,Poison,Drama
3219,Pacific Heights,Thriller
3220,Night Tide,Drama
3221,"Draughtsman's Contract, The",Drama
3222,Carmen,Drama
3223,"Zed & Two Noughts, A",Drama
3224,Woman in the Dunes (Suna no onna),Drama
3225,Down to You,Comedy
3225,Down to You,Romance
3226,Hellhounds on My Trail,Documentary
3227,"Not Love, Just Frenzy (Ms que amor, frenes)",Comedy
3227,"Not Love, Just Frenzy (Ms que amor, frenes)",Drama
3227,"Not Love, Just Frenzy (Ms que amor, frenes)",Thriller
3228,Wirey Spindell,Comedy
3229,Another Man's Poison,Crime
3229,Another Man's Poison,Drama
3230,"Odessa File, The",Thriller
3231,"Saphead, The",Comedy
3232,Seven Chances,Comedy
3233,Smashing Time,Comedy
3234,Train Ride to Hollywood,Comedy
3235,Where the Buffalo Roam,Comedy
3236,Zachariah,Western
3237,Kestrel's Eye (Falkens ga),Documentary
3238,Eye of the Beholder,Thriller
3239,Isn't She Great?,Comedy
3240,"Big Tease, The",Comedy
3241,"Cup, The (Phrpa)",Comedy
3242,Santitos,Comedy
3243,Encino Man,Comedy
3244,"Goodbye Girl, The",Comedy
3244,"Goodbye Girl, The",Romance
3245,I Am Cuba (Soy Cuba/Ya Kuba),Drama
3246,Malcolm X,Drama
3247,Sister Act,Comedy
3247,Sister Act,Crime
3248,Sister Act 2: Back in the Habit,Comedy
3249,"Hand That Rocks the Cradle, The",Thriller
3250,Alive,Drama
3251,Agnes of God,Drama
3251,Agnes of God,Mystery
3252,Scent of a Woman,Drama
3253,Wayne's World,Comedy
3254,Wayne's World 2,Comedy
3255,"League of Their Own, A",Comedy
3255,"League of Their Own, A",Drama
3256,Patriot Games,Action
3256,Patriot Games,Thriller
3257,"Bodyguard, The",Action
3257,"Bodyguard, The",Drama
3257,"Bodyguard, The",Romance
3257,"Bodyguard, The",Thriller
3258,Death Becomes Her,Comedy
3259,Far and Away,Drama
3259,Far and Away,Romance
3260,Howards End,Drama
3261,Singles,Comedy
3261,Singles,Drama
3261,Singles,Romance
3262,Twin Peaks: Fire Walk with Me,Drama
3262,Twin Peaks: Fire Walk with Me,Mystery
3263,White Men Can't Jump,Comedy
3264,Buffy the Vampire Slayer,Comedy
3264,Buffy the Vampire Slayer,Horror
3265,Hard-Boiled (Lashou shentan),Action
3265,Hard-Boiled (Lashou shentan),Crime
3266,Man Bites Dog (C'est arriv prs de chez vous),Action
3266,Man Bites Dog (C'est arriv prs de chez vous),Comedy
3266,Man Bites Dog (C'est arriv prs de chez vous),Crime
3266,Man Bites Dog (C'est arriv prs de chez vous),Drama
3267,"Mariachi, El",Action
3267,"Mariachi, El",Thriller
3268,Stop! Or My Mom Will Shoot,Action
3268,Stop! Or My Mom Will Shoot,Comedy
3269,Forever Young,Adventure
3269,Forever Young,Romance
3269,Forever Young,Sci-Fi
3270,"Cutting Edge, The",Drama
3271,Of Mice and Men,Drama
3272,Bad Lieutenant,Crime
3272,Bad Lieutenant,Drama
3273,Scream 3,Horror
3273,Scream 3,Mystery
3273,Scream 3,Thriller
3274,Single White Female,Action
3275,"Boondock Saints, The",Action
3275,"Boondock Saints, The",Comedy
3276,Gun Shy,Comedy
3277,Beloved/Friend (Amigo/Amado),Drama
3278,Gendernauts,Documentary
3279,Knockout,Action
3279,Knockout,Adventure
3280,"Baby, The",Horror
3281,"Brandon Teena Story, The",Documentary
3282,Different for Girls,Comedy
3283,Minnie and Moskowitz,Action
3284,They Might Be Giants,Comedy
3284,They Might Be Giants,Romance
3285,"Beach, The",Adventure
3285,"Beach, The",Drama
3286,Snow Day,Comedy
3287,"Tigger Movie, The",Animation
3287,"Tigger Movie, The",Children's
3288,Cotton Mary,Drama
3289,Not One Less (Yi ge dou bu neng shao),Drama
3290,Soft Toilet Seats,Comedy
3291,Trois,Thriller
3292,"Big Combo, The",Film-Noir
3293,Conceiving Ada,Drama
3293,Conceiving Ada,Sci-Fi
3294,Eaten Alive,Horror
3295,Raining Stones,Drama
3296,To Sir with Love,Drama
3297,With Byrd at the South Pole,Documentary
3298,Boiler Room,Drama
3299,Hanging Up,Comedy
3299,Hanging Up,Drama
3300,Pitch Black,Action
3300,Pitch Black,Sci-Fi
3301,"Whole Nine Yards, The",Comedy
3301,"Whole Nine Yards, The",Crime
3302,Beautiful People,Comedy
3303,Black Tar Heroin: The Dark End of the Street,Documentary
3304,Blue Collar,Crime
3304,Blue Collar,Drama
3305,Bluebeard,Film-Noir
3305,Bluebeard,Horror
3306,"Circus, The",Comedy
3307,City Lights,Comedy
3307,City Lights,Drama
3307,City Lights,Romance
3308,"Flamingo Kid, The",Comedy
3308,"Flamingo Kid, The",Drama
3309,"Dog's Life, A",Comedy
3310,"Kid, The",Action
3311,"Man from Laramie, The",Western
3312,"McCullochs, The",Drama
3313,Class Reunion,Comedy
3314,"Big Trees, The",Action
3314,"Big Trees, The",Drama
3315,Happy Go Lovely,Musical
3316,Reindeer Games,Action
3316,Reindeer Games,Thriller
3317,Wonder Boys,Comedy
3317,Wonder Boys,Drama
3318,Deterrence,Thriller
3319,Judy Berlin,Drama
3320,Mifune (Mifunes sidste sang),Comedy
3320,Mifune (Mifunes sidste sang),Romance
3321,"Waiting Game, The",Comedy
3322,3 Strikes,Comedy
3323,Chain of Fools,Comedy
3323,Chain of Fools,Crime
3324,Drowning Mona,Comedy
3325,"Next Best Thing, The",Comedy
3325,"Next Best Thing, The",Drama
3326,What Planet Are You From?,Comedy
3326,What Planet Are You From?,Sci-Fi
3327,Beyond the Mat,Documentary
3328,Ghost Dog: The Way of the Samurai,Crime
3328,Ghost Dog: The Way of the Samurai,Drama
3329,"Year My Voice Broke, The",Drama
3330,Splendor in the Grass,Drama
3331,My Tutor,Drama
3332,"Legend of Lobo, The",Adventure
3332,"Legend of Lobo, The",Children's
3333,"Killing of Sister George, The",Drama
3334,Key Largo,Crime
3334,Key Largo,Drama
3334,Key Largo,Film-Noir
3334,Key Largo,Thriller
3335,Jail Bait,Crime
3335,Jail Bait,Drama
3336,It Happened Here,Drama
3337,I'll Never Forget What's 'is Name,Comedy
3337,I'll Never Forget What's 'is Name,Drama
3338,For All Mankind,Documentary
3339,Cross of Iron,War
3340,Bride of the Monster,Horror
3340,Bride of the Monster,Sci-Fi
3341,Born Yesterday,Comedy
3342,Birdy,Drama
3342,Birdy,War
3343,And God Created Woman,Comedy
3343,And God Created Woman,Drama
3343,And God Created Woman,Romance
3344,Blood Feast,Horror
3345,"Charlie, the Lonesome Cougar",Adventure
3345,"Charlie, the Lonesome Cougar",Children's
3346,Color Me Blood Red,Horror
3347,Never Cry Wolf,Drama
3348,"Night Visitor, The",Crime
3348,"Night Visitor, The",Thriller
3349,"Perils of Pauline, The",Comedy
3350,"Raisin in the Sun, A",Drama
3351,Two Thousand Maniacs!,Horror
3352,Brown's Requiem,Drama
3353,"Closer You Get, The",Comedy
3353,"Closer You Get, The",Romance
3354,Mission to Mars,Sci-Fi
3355,"Ninth Gate, The",Thriller
3356,Condo Painting,Documentary
3357,East-West (Est-ouest),Drama
3357,East-West (Est-ouest),Romance
3358,Defending Your Life,Comedy
3358,Defending Your Life,Romance
3359,Breaking Away,Drama
3360,Hoosiers,Drama
3361,Bull Durham,Comedy
3362,Dog Day Afternoon,Comedy
3362,Dog Day Afternoon,Crime
3362,Dog Day Afternoon,Drama
3363,American Graffiti,Comedy
3363,American Graffiti,Drama
3364,"Asphalt Jungle, The",Crime
3364,"Asphalt Jungle, The",Film-Noir
3365,"Searchers, The",Western
3366,Where Eagles Dare,Action
3366,Where Eagles Dare,Adventure
3366,Where Eagles Dare,War
3367,"Devil's Brigade, The",War
3368,"Big Country, The",Romance
3368,"Big Country, The",Western
3369,Any Number Can Win (Mlodie en sous-sol ),Crime
3370,Betrayed,Drama
3370,Betrayed,Thriller
3371,Bound for Glory,Drama
3372,"Bridge at Remagen, The",Action
3372,"Bridge at Remagen, The",War
3373,Buck and the Preacher,Western
3374,Daughters of the Dust,Drama
3375,Destination Moon,Sci-Fi
3376,"Fantastic Night, The (La Nuit Fantastique)",Romance
3377,Hangmen Also Die,Drama
3377,Hangmen Also Die,War
3378,"Ogre, The (Der Unhold)",Drama
3379,On the Beach,Drama
3380,Railroaded!,Film-Noir
3381,Slaves to the Underground,Comedy
3381,Slaves to the Underground,Drama
3382,Song of Freedom,Drama
3383,Big Fella,Drama
3383,Big Fella,Musical
3384,"Taking of Pelham One Two Three, The",Action
3385,Volunteers,Comedy
3386,JFK,Drama
3386,JFK,Mystery
3387,Who's Harry Crumb?,Comedy
3388,Harry and the Hendersons,Comedy
3389,Let's Get Harry,Action
3389,Let's Get Harry,Adventure
3390,Shanghai Surprise,Adventure
3391,Who's That Girl?,Comedy
3392,She-Devil,Comedy
3393,Date with an Angel,Comedy
3393,Date with an Angel,Fantasy
3394,Blind Date,Comedy
3394,Blind Date,Romance
3395,Nadine,Comedy
3396,"Muppet Movie, The",Children's
3396,"Muppet Movie, The",Comedy
3397,"Great Muppet Caper, The",Children's
3397,"Great Muppet Caper, The",Comedy
3398,"Muppets Take Manhattan, The",Children's
3398,"Muppets Take Manhattan, The",Comedy
3399,Sesame Street Presents Follow That Bird,Children's
3399,Sesame Street Presents Follow That Bird,Comedy
3400,We're Back! A Dinosaur's Story,Animation
3400,We're Back! A Dinosaur's Story,Children's
3401,Baby... Secret of the Lost Legend,Adventure
3401,Baby... Secret of the Lost Legend,Sci-Fi
3402,Turtle Diary,Drama
3403,Raise the Titanic,Drama
3403,Raise the Titanic,Thriller
3404,Titanic,Action
3404,Titanic,Drama
3405,"Night to Remember, A",Action
3405,"Night to Remember, A",Drama
3406,Captain Horatio Hornblower,Action
3406,Captain Horatio Hornblower,Adventure
3406,Captain Horatio Hornblower,War
3407,"Carriers Are Waiting, The (Les Convoyeurs Attendent)",Comedy
3407,"Carriers Are Waiting, The (Les Convoyeurs Attendent)",Drama
3408,Erin Brockovich,Drama
3409,Final Destination,Drama
3409,Final Destination,Thriller
3410,Soft Fruit,Comedy
3410,Soft Fruit,Drama
3411,Babymother,Drama
3412,"Bear, The",Adventure
3413,Impact,Crime
3413,Impact,Drama
3414,Love Is a Many-Splendored Thing,Romance
3415,"Mirror, The (Zerkalo)",Drama
3416,"Trial, The (Le Procs)",Drama
3417,"Crimson Pirate, The",Adventure
3417,"Crimson Pirate, The",Comedy
3417,"Crimson Pirate, The",Sci-Fi
3418,Thelma & Louise,Action
3418,Thelma & Louise,Drama
3419,Something for Everyone,Comedy
3419,Something for Everyone,Crime
3420,...And Justice for All,Drama
3420,...And Justice for All,Thriller
3421,Animal House,Comedy
3422,She's Gotta Have It,Comedy
3422,She's Gotta Have It,Romance
3423,School Daze,Drama
3424,Do the Right Thing,Comedy
3424,Do the Right Thing,Drama
3425,Mo' Better Blues,Drama
3426,Jungle Fever,Drama
3426,Jungle Fever,Romance
3427,Coogan's Bluff,Crime
3428,"Champ, The",Drama
3429,Creature Comforts,Animation
3429,Creature Comforts,Comedy
3430,Death Wish,Action
3430,Death Wish,Drama
3431,Death Wish II,Action
3431,Death Wish II,Drama
3432,Death Wish 3,Action
3432,Death Wish 3,Drama
3433,Death Wish 4: The Crackdown,Action
3433,Death Wish 4: The Crackdown,Drama
3434,Death Wish V: The Face of Death,Action
3434,Death Wish V: The Face of Death,Drama
3435,Double Indemnity,Crime
3435,Double Indemnity,Film-Noir
3436,Dying Young,Drama
3436,Dying Young,Romance
3437,Cool as Ice,Drama
3438,Teenage Mutant Ninja Turtles,Action
3438,Teenage Mutant Ninja Turtles,Children's
3438,Teenage Mutant Ninja Turtles,Fantasy
3439,Teenage Mutant Ninja Turtles II: The Secret of the Ooze,Action
3439,Teenage Mutant Ninja Turtles II: The Secret of the Ooze,Children's
3439,Teenage Mutant Ninja Turtles II: The Secret of the Ooze,Fantasy
3440,Teenage Mutant Ninja Turtles III,Action
3440,Teenage Mutant Ninja Turtles III,Children's
3440,Teenage Mutant Ninja Turtles III,Fantasy
3441,Red Dawn,Action
3441,Red Dawn,War
3442,Band of the Hand,Action
3443,Born American,Action
3443,Born American,Drama
3443,Born American,Thriller
3444,Bloodsport,Action
3445,Eyes of Laura Mars,Mystery
3445,Eyes of Laura Mars,Thriller
3446,Funny Bones,Comedy
3447,"Good Earth, The",Drama
3448,"Good Morning, Vietnam",Comedy
3448,"Good Morning, Vietnam",Drama
3448,"Good Morning, Vietnam",War
3449,"Good Mother, The",Drama
3450,Grumpy Old Men,Comedy
3451,Guess Who's Coming to Dinner,Comedy
3451,Guess Who's Coming to Dinner,Drama
3452,Romeo Must Die,Action
3452,Romeo Must Die,Romance
3453,Here on Earth,Drama
3453,Here on Earth,Romance
3454,Whatever It Takes,Comedy
3454,Whatever It Takes,Romance
3455,Buddy Boy,Drama
3455,Buddy Boy,Thriller
3456,"Color of Paradise, The (Rang-e Khoda)",Drama
3457,Waking the Dead,Drama
3458,Blood and Sand (Sangre y Arena),Drama
3458,Blood and Sand (Sangre y Arena),Romance
3459,Gothic,Drama
3459,Gothic,Horror
3460,Hillbillys in a Haunted House,Comedy
3461,Lord of the Flies,Adventure
3461,Lord of the Flies,Drama
3461,Lord of the Flies,Thriller
3462,Modern Times,Comedy
3463,Last Resort,Comedy
3464,Solar Crisis,Sci-Fi
3464,Solar Crisis,Thriller
3465,That's Life!,Drama
3466,Heart and Souls,Comedy
3466,Heart and Souls,Fantasy
3467,Hud,Drama
3467,Hud,Western
3468,"Hustler, The",Drama
3469,Inherit the Wind,Drama
3470,Dersu Uzala,Adventure
3470,Dersu Uzala,Drama
3471,Close Encounters of the Third Kind,Drama
3471,Close Encounters of the Third Kind,Sci-Fi
3472,Horror Hotel (a.k.a. The City of the Dead),Horror
3473,Jonah Who Will Be 25 in the Year 2000,Comedy
3474,Retroactive,Sci-Fi
3474,Retroactive,Thriller
3475,"Place in the Sun, A",Drama
3475,"Place in the Sun, A",Romance
3476,Jacob's Ladder,Horror
3476,Jacob's Ladder,Mystery
3476,Jacob's Ladder,Thriller
3477,Empire Records,Comedy
3477,Empire Records,Drama
3478,"Bamba, La",Drama
3479,Ladyhawke,Adventure
3479,Ladyhawke,Fantasy
3479,Ladyhawke,Romance
3480,Lucas,Drama
3481,High Fidelity,Comedy
3482,Price of Glory,Drama
3483,"Road to El Dorado, The",Animation
3483,"Road to El Dorado, The",Children's
3484,"Skulls, The",Thriller
3485,Autopsy (Macchie Solari),Horror
3486,Devil Girl From Mars,Sci-Fi
3487,"Dorado, El",Western
3488,"Hideous Sun Demon, The",Horror
3488,"Hideous Sun Demon, The",Sci-Fi
3489,Hook,Adventure
3489,Hook,Fantasy
3490,Horror Express,Horror
3491,My Chauffeur,Comedy
3492,"Son of the Sheik, The",Adventure
3493,Torso (Corpi Presentano Tracce di Violenza Carnale),Horror
3494,True Grit,Adventure
3494,True Grit,Western
3495,Roadside Prophets,Comedy
3495,Roadside Prophets,Drama
3496,Madame Sousatzka,Drama
3497,Max Dugan Returns,Comedy
3498,Midnight Express,Drama
3499,Misery,Horror
3500,Mr. Saturday Night,Comedy
3500,Mr. Saturday Night,Drama
3501,Murphy's Romance,Comedy
3501,Murphy's Romance,Romance
3502,My Life,Drama
3503,Solaris (Solyaris),Drama
3503,Solaris (Solyaris),Sci-Fi
3504,Network,Comedy
3504,Network,Drama
3505,No Way Out,Thriller
3506,North Dallas Forty,Comedy
3506,North Dallas Forty,Drama
3507,"Odd Couple, The",Comedy
3508,"Outlaw Josey Wales, The",Western
3509,Black and White,Drama
3510,Frequency,Drama
3510,Frequency,Thriller
3511,Ready to Rumble,Comedy
3512,Return to Me,Drama
3512,Return to Me,Romance
3513,Rules of Engagement,Drama
3513,Rules of Engagement,Thriller
3514,Joe Gould's Secret,Drama
3515,Me Myself I,Comedy
3516,"Bell, Book and Candle",Comedy
3516,"Bell, Book and Candle",Romance
3517,"Bells, The",Crime
3517,"Bells, The",Drama
3518,"End of Violence, The",Drama
3518,"End of Violence, The",Thriller
3519,Force 10 from Navarone,Action
3519,Force 10 from Navarone,War
3520,How to Stuff a Wild Bikini,Comedy
3521,Mystery Train,Comedy
3521,Mystery Train,Crime
3521,Mystery Train,Drama
3522,Sacco and Vanzetti (Sacco e Vanzetti),Drama
3523,Taffin,Action
3523,Taffin,Thriller
3524,Arthur,Comedy
3524,Arthur,Romance
3525,Bachelor Party,Comedy
3526,Parenthood,Comedy
3526,Parenthood,Drama
3527,Predator,Action
3527,Predator,Sci-Fi
3527,Predator,Thriller
3528,"Prince of Tides, The",Drama
3528,"Prince of Tides, The",Romance
3529,"Postman Always Rings Twice, The",Crime
3529,"Postman Always Rings Twice, The",Thriller
3530,Smoking/No Smoking,Comedy
3531,All the Vermeers in New York,Comedy
3531,All the Vermeers in New York,Drama
3531,All the Vermeers in New York,Romance
3532,Freedom for Us ( nous la libert ),Comedy
3533,"Actor's Revenge, An (Yukinojo Henge)",Drama
3534,28 Days,Comedy
3535,American Psycho,Comedy
3535,American Psycho,Horror
3535,American Psycho,Thriller
3536,Keeping the Faith,Comedy
3536,Keeping the Faith,Romance
3537,Where the Money Is,Comedy
3537,Where the Money Is,Drama
3538,East is East,Comedy
3539,"Filth and the Fury, The",Documentary
3540,Passion of Mind,Romance
3540,Passion of Mind,Thriller
3541,Third World Cop,Action
3542,Coming Apart,Drama
3543,Diner,Comedy
3543,Diner,Drama
3544,Shakes the Clown,Comedy
3545,Cabaret,Musical
3545,Cabaret,War
3546,What Ever Happened to Baby Jane?,Drama
3546,What Ever Happened to Baby Jane?,Thriller
3547,Prick Up Your Ears,Drama
3548,Auntie Mame,Comedy
3548,Auntie Mame,Drama
3549,Guys and Dolls,Musical
3550,"Hunger, The",Horror
3551,Marathon Man,Thriller
3552,Caddyshack,Comedy
3553,Gossip,Drama
3553,Gossip,Thriller
3554,Love and Basketball,Drama
3554,Love and Basketball,Romance
3555,U-571,Action
3555,U-571,Thriller
3556,"Virgin Suicides, The",Comedy
3556,"Virgin Suicides, The",Drama
3557,Jennifer 8,Thriller
3558,"Law, The (Le Legge)",Drama
3559,Limelight,Drama
3560,Phantom Love (Ai No Borei),Drama
3561,Stacy's Knights,Drama
3562,Committed,Comedy
3562,Committed,Drama
3563,"Crow: Salvation, The",Action
3563,"Crow: Salvation, The",Horror
3564,"Flintstones in Viva Rock Vegas, The",Children's
3564,"Flintstones in Viva Rock Vegas, The",Comedy
3565,Where the Heart Is,Comedy
3565,Where the Heart Is,Drama
3566,"Big Kahuna, The",Comedy
3566,"Big Kahuna, The",Drama
3567,Bossa Nova,Comedy
3568,Smiling Fish and Goat on Fire,Drama
3569,"Idiots, The (Idioterne)",Comedy
3569,"Idiots, The (Idioterne)",Drama
3570,"Last September, The",Drama
3571,Time Code,Drama
3572,Carnosaur,Horror
3572,Carnosaur,Sci-Fi
3573,Carnosaur 2,Horror
3573,Carnosaur 2,Sci-Fi
3574,Carnosaur 3: Primal Species,Horror
3574,Carnosaur 3: Primal Species,Sci-Fi
3575,Defying Gravity,Drama
3576,"Hidden, The",Action
3576,"Hidden, The",Horror
3576,"Hidden, The",Sci-Fi
3577,Two Moon Juction,Drama
3578,Gladiator,Action
3578,Gladiator,Drama
3579,I Dreamed of Africa,Drama
3580,Up at the Villa,Drama
3581,Human Traffic,Drama
3582,"Jails, Hospitals & Hip-Hop",Drama
3583,Black Tights (Les Collants Noirs),Drama
3584,Breathless,Action
3584,Breathless,Drama
3584,Breathless,Romance
3584,Breathless,Thriller
3585,"Great Locomotive Chase, The",Adventure
3585,"Great Locomotive Chase, The",War
3586,"Idolmaker, The",Drama
3587,Inferno,Horror
3588,"King of Marvin Gardens, The",Crime
3588,"King of Marvin Gardens, The",Drama
3589,"Kill, Baby... Kill! (Operazione Paura)",Horror
3590,"Lords of Flatbush, The",Comedy
3591,Mr. Mom,Comedy
3591,Mr. Mom,Drama
3592,Time Masters (Les Matres du Temps),Animation
3592,Time Masters (Les Matres du Temps),Sci-Fi
3593,Battlefield Earth,Action
3593,Battlefield Earth,Sci-Fi
3594,Center Stage,Drama
3595,Held Up,Comedy
3596,Screwed,Comedy
3597,Whipped,Comedy
3598,Hamlet,Drama
3599,Anchors Aweigh,Comedy
3599,Anchors Aweigh,Musical
3600,Blue Hawaii,Comedy
3600,Blue Hawaii,Musical
3601,"Castaway Cowboy, The",Comedy
3601,"Castaway Cowboy, The",Western
3602,G. I. Blues,Musical
3603,"Gay Deceivers, The",Comedy
3604,Gypsy,Musical
3605,King Creole,Drama
3605,King Creole,Musical
3606,On the Town,Musical
3607,One Little Indian,Comedy
3607,One Little Indian,Drama
3607,One Little Indian,Western
3608,Pee-wee's Big Adventure,Comedy
3609,Regret to Inform,Documentary
3610,Roustabout,Musical
3611,Saludos Amigos,Animation
3611,Saludos Amigos,Children's
3611,Saludos Amigos,Comedy
3612,"Slipper and the Rose, The",Adventure
3612,"Slipper and the Rose, The",Musical
3612,"Slipper and the Rose, The",Romance
3613,Things Change,Comedy
3614,Honeymoon in Vegas,Comedy
3614,Honeymoon in Vegas,Romance
3615,Dinosaur,Animation
3615,Dinosaur,Children's
3616,Loser,Comedy
3616,Loser,Romance
3617,Road Trip,Comedy
3618,Small Time Crooks,Comedy
3619,"Hollywood Knights, The",Comedy
3620,"Myth of Fingerprints, The",Comedy
3620,"Myth of Fingerprints, The",Drama
3621,Possession,Drama
3621,Possession,Horror
3622,"Twelve Chairs, The",Comedy
3623,Mission: Impossible 2,Action
3623,Mission: Impossible 2,Thriller
3624,Shanghai Noon,Action
3625,Better Living Through Circuitry,Documentary
3626,8 1/2 Women,Comedy
3627,Carnival of Souls,Horror
3627,Carnival of Souls,Thriller
3628,Flying Tigers,Action
3628,Flying Tigers,Drama
3628,Flying Tigers,War
3629,"Gold Rush, The",Comedy
3630,"House of Exorcism, The (La Casa dell'esorcismo)",Horror
3631,It's in the Water,Comedy
3632,Monsieur Verdoux,Comedy
3633,On Her Majesty's Secret Service,Action
3634,Seven Days in May,Thriller
3635,"Spy Who Loved Me, The",Action
3636,Those Who Love Me Can Take the Train (Ceux qui m'aiment prendront le train),Drama
3637,Vagabond (Sans toit ni loi),Drama
3638,Moonraker,Action
3638,Moonraker,Romance
3638,Moonraker,Sci-Fi
3639,"Man with the Golden Gun, The",Action
3640,"King in New York, A",Comedy
3640,"King in New York, A",Drama
3641,"Woman of Paris, A",Drama
3642,In Old California,Western
3643,"Fighting Seabees, The",Action
3643,"Fighting Seabees, The",Drama
3643,"Fighting Seabees, The",War
3644,Dark Command,Western
3645,Cleo From 5 to 7 (Clo de 5  7),Drama
3646,Big Momma's House,Comedy
3647,Running Free,Drama
3648,"Abominable Snowman, The",Horror
3648,"Abominable Snowman, The",Sci-Fi
3649,American Gigolo,Drama
3650,Anguish (Angustia),Horror
3651,"Blood Spattered Bride, The (La Novia Ensangrentada)",Horror
3652,City of the Living Dead (Paura nella citt dei morti viventi),Horror
3653,"Endless Summer, The",Documentary
3654,"Guns of Navarone, The",Action
3654,"Guns of Navarone, The",Drama
3654,"Guns of Navarone, The",War
3655,Blow-Out (La Grande Bouffe),Drama
3656,Lured,Crime
3657,Pandora and the Flying Dutchman,Drama
3658,Quatermass and the Pit,Sci-Fi
3659,Quatermass II,Sci-Fi
3659,Quatermass II,Thriller
3660,Puppet Master,Horror
3660,Puppet Master,Sci-Fi
3660,Puppet Master,Thriller
3661,Puppet Master II,Horror
3661,Puppet Master II,Sci-Fi
3661,Puppet Master II,Thriller
3662,Puppet Master III: Toulon's Revenge,Horror
3662,Puppet Master III: Toulon's Revenge,Sci-Fi
3662,Puppet Master III: Toulon's Revenge,Thriller
3663,Puppet Master 4,Horror
3663,Puppet Master 4,Sci-Fi
3663,Puppet Master 4,Thriller
3664,Puppet Master 5: The Final Chapter,Horror
3664,Puppet Master 5: The Final Chapter,Sci-Fi
3664,Puppet Master 5: The Final Chapter,Thriller
3665,Curse of the Puppet Master,Horror
3665,Curse of the Puppet Master,Sci-Fi
3665,Curse of the Puppet Master,Thriller
3666,Retro Puppetmaster,Horror
3666,Retro Puppetmaster,Sci-Fi
3666,Retro Puppetmaster,Thriller
3667,Rent-A-Cop,Action
3667,Rent-A-Cop,Comedy
3668,Romeo and Juliet,Drama
3668,Romeo and Juliet,Romance
3669,Stay Tuned,Comedy
3670,"Story of G.I. Joe, The",War
3671,Blazing Saddles,Comedy
3671,Blazing Saddles,Western
3672,Benji,Adventure
3672,Benji,Children's
3673,Benji the Hunted,Adventure
3673,Benji the Hunted,Children's
3674,For the Love of Benji,Adventure
3674,For the Love of Benji,Children's
3675,White Christmas,Musical
3676,Eraserhead,Drama
3676,Eraserhead,Horror
3677,Baraka,Documentary
3678,"Man with the Golden Arm, The",Drama
3679,"Decline of Western Civilization, The",Documentary
3680,"Decline of Western Civilization Part II: The Metal Years, The",Documentary
3681,For a Few Dollars More,Western
3682,Magnum Force,Western
3683,Blood Simple,Drama
3683,Blood Simple,Film-Noir
3684,"Fabulous Baker Boys, The",Drama
3684,"Fabulous Baker Boys, The",Romance
3685,Prizzi's Honor,Comedy
3685,Prizzi's Honor,Drama
3685,Prizzi's Honor,Romance
3686,Flatliners,Thriller
3687,Light Years,Sci-Fi
3688,Porky's,Comedy
3689,Porky's II: The Next Day,Comedy
3690,Porky's Revenge,Comedy
3691,Private School,Comedy
3692,Class of Nuke 'Em High,Comedy
3692,Class of Nuke 'Em High,Horror
3693,"Toxic Avenger, The",Comedy
3693,"Toxic Avenger, The",Horror
3694,"Toxic Avenger, Part II, The",Comedy
3694,"Toxic Avenger, Part II, The",Horror
3695,"Toxic Avenger Part III: The Last Temptation of Toxie, The",Comedy
3695,"Toxic Avenger Part III: The Last Temptation of Toxie, The",Horror
3696,Night of the Creeps,Comedy
3696,Night of the Creeps,Horror
3696,Night of the Creeps,Sci-Fi
3697,Predator 2,Action
3697,Predator 2,Sci-Fi
3697,Predator 2,Thriller
3698,"Running Man, The",Action
3698,"Running Man, The",Adventure
3698,"Running Man, The",Sci-Fi
3699,Starman,Adventure
3699,Starman,Drama
3699,Starman,Romance
3699,Starman,Sci-Fi
3700,"Brother from Another Planet, The",Drama
3700,"Brother from Another Planet, The",Sci-Fi
3701,Alien Nation,Crime
3701,Alien Nation,Drama
3701,Alien Nation,Sci-Fi
3702,Mad Max,Action
3702,Mad Max,Sci-Fi
3703,Mad Max 2 (a.k.a. The Road Warrior),Action
3703,Mad Max 2 (a.k.a. The Road Warrior),Sci-Fi
3704,Mad Max Beyond Thunderdome,Action
3704,Mad Max Beyond Thunderdome,Sci-Fi
3705,Bird on a Wire,Action
3705,Bird on a Wire,Adventure
3705,Bird on a Wire,Romance
3705,Bird on a Wire,Thriller
3706,Angel Heart,Film-Noir
3706,Angel Heart,Mystery
3706,Angel Heart,Thriller
3707,Nine 1/2 Weeks,Drama
3708,Firestarter,Horror
3708,Firestarter,Thriller
3709,Sleepwalkers,Horror
3710,Action Jackson,Action
3710,Action Jackson,Comedy
3711,Sarafina!,Drama
3712,Soapdish,Comedy
3713,"Long Walk Home, The",Drama
3714,Clara's Heart,Drama
3715,Burglar,Comedy
3716,Fatal Beauty,Action
3716,Fatal Beauty,Crime
3717,Gone in 60 Seconds,Action
3717,Gone in 60 Seconds,Crime
3718,American Pimp,Documentary
3719,Love's Labour's Lost,Comedy
3719,Love's Labour's Lost,Romance
3720,Sunshine,Drama
3721,Trixie,Comedy
3722,Live Virgin,Comedy
3723,Hamlet,Drama
3724,Coming Home,Drama
3724,Coming Home,War
3725,American Pop,Animation
3725,American Pop,Musical
3726,Assault on Precinct 13,Action
3726,Assault on Precinct 13,Thriller
3727,Near Dark,Comedy
3727,Near Dark,Horror
3728,One False Move,Thriller
3729,Shaft,Action
3729,Shaft,Crime
3730,"Conversation, The",Drama
3730,"Conversation, The",Mystery
3731,Cutter's Way,Drama
3731,Cutter's Way,Thriller
3732,"Fury, The",Horror
3733,"Paper Chase, The",Drama
3734,Prince of the City,Drama
3735,Serpico,Crime
3735,Serpico,Drama
3736,"Big Carnival, The",Drama
3737,Lonely Are the Brave,Drama
3737,Lonely Are the Brave,Western
3738,"Sugarland Express, The",Drama
3739,Trouble in Paradise,Comedy
3739,Trouble in Paradise,Romance
3740,Big Trouble in Little China,Action
3740,Big Trouble in Little China,Comedy
3741,Badlands,Crime
3741,Badlands,Drama
3742,"Battleship Potemkin, The (Bronenosets Potyomkin)",Drama
3742,"Battleship Potemkin, The (Bronenosets Potyomkin)",War
3743,Boys and Girls,Comedy
3743,Boys and Girls,Romance
3744,Shaft,Action
3744,Shaft,Crime
3745,Titan A.E.,Adventure
3745,Titan A.E.,Animation
3745,Titan A.E.,Sci-Fi
3746,Butterfly (La Lengua de las Mariposas),Drama
3746,Butterfly (La Lengua de las Mariposas),War
3747,Jesus' Son,Drama
3748,"Match, The",Comedy
3748,"Match, The",Romance
3749,Time Regained (Le Temps Retrouv),Drama
3750,Boricua's Bond,Drama
3751,Chicken Run,Animation
3751,Chicken Run,Children's
3751,Chicken Run,Comedy
3752,"Me, Myself and Irene",Comedy
3753,"Patriot, The",Action
3753,"Patriot, The",Drama
3753,"Patriot, The",War
3754,"Adventures of Rocky and Bullwinkle, The",Animation
3754,"Adventures of Rocky and Bullwinkle, The",Children's
3754,"Adventures of Rocky and Bullwinkle, The",Comedy
3755,"Perfect Storm, The",Action
3755,"Perfect Storm, The",Adventure
3755,"Perfect Storm, The",Thriller
3756,"Golden Bowl, The",Drama
3757,Asylum,Horror
3758,Communion,Drama
3758,Communion,Sci-Fi
3758,Communion,Thriller
3759,Fun and Fancy Free,Animation
3759,Fun and Fancy Free,Children's
3759,Fun and Fancy Free,Musical
3760,"Kentucky Fried Movie, The",Comedy
3761,"Blood In, Blood Out (a.k.a. Bound by Honor)",Crime
3761,"Blood In, Blood Out (a.k.a. Bound by Honor)",Drama
3762,Daughter of Dr. Jeckyll,Horror
3763,F/X,Action
3763,F/X,Crime
3763,F/X,Thriller
3764,F/X 2,Action
3764,F/X 2,Crime
3764,F/X 2,Thriller
3765,"Hot Spot, The",Drama
3765,"Hot Spot, The",Romance
3766,Missing in Action,Action
3766,Missing in Action,War
3767,Missing in Action 2: The Beginning,Action
3767,Missing in Action 2: The Beginning,War
3768,Braddock: Missing in Action III,Action
3768,Braddock: Missing in Action III,War
3769,Thunderbolt and Lightfoot,Action
3770,Dreamscape,Adventure
3770,Dreamscape,Crime
3770,Dreamscape,Sci-Fi
3770,Dreamscape,Thriller
3771,"Golden Voyage of Sinbad, The",Action
3771,"Golden Voyage of Sinbad, The",Adventure
3772,Hatchet For the Honeymoon (Rosso Segno Della Follia),Horror
3773,House Party,Comedy
3774,House Party 2,Comedy
3775,Make Mine Music,Animation
3775,Make Mine Music,Children's
3775,Make Mine Music,Musical
3776,Melody Time,Animation
3776,Melody Time,Children's
3776,Melody Time,Musical
3777,Nekromantik,Comedy
3777,Nekromantik,Horror
3778,On Our Merry Way,Comedy
3778,On Our Merry Way,Drama
3779,Project Moon Base,Sci-Fi
3780,Rocketship X-M,Sci-Fi
3781,Shaft in Africa,Action
3781,Shaft in Africa,Crime
3782,Shaft's Big Score!,Action
3782,Shaft's Big Score!,Crime
3783,Croupier,Crime
3783,Croupier,Drama
3784,"Kid, The",Comedy
3785,Scary Movie,Comedy
3785,Scary Movie,Horror
3786,But I'm a Cheerleader,Comedy
3787,Shower (Xizhao),Comedy
3788,Blowup,Drama
3788,Blowup,Mystery
3789,"Pawnbroker, The",Drama
3790,Groove,Drama
3791,Footloose,Drama
3792,Duel in the Sun,Western
3793,X-Men,Action
3793,X-Men,Sci-Fi
3794,Chuck & Buck,Comedy
3794,Chuck & Buck,Drama
3795,"Five Senses, The",Drama
3796,"Wisdom of Crocodiles, The (a.k.a. Immortality)",Romance
3796,"Wisdom of Crocodiles, The (a.k.a. Immortality)",Thriller
3797,"In Crowd, The",Thriller
3798,What Lies Beneath,Thriller
3799,Pokmon the Movie 2000,Animation
3799,Pokmon the Movie 2000,Children's
3800,Criminal Lovers (Les Amants Criminels),Drama
3800,Criminal Lovers (Les Amants Criminels),Romance
3801,Anatomy of a Murder,Drama
3801,Anatomy of a Murder,Mystery
3802,Freejack,Action
3802,Freejack,Sci-Fi
3803,Greaser's Palace,Drama
3804,H.O.T.S.,Comedy
3805,Knightriders,Action
3805,Knightriders,Adventure
3805,Knightriders,Drama
3806,MacKenna's Gold,Western
3807,Sinbad and the Eye of the Tiger,Action
3807,Sinbad and the Eye of the Tiger,Adventure
3808,Two Women (La Ciociara),Drama
3808,Two Women (La Ciociara),War
3809,What About Bob?,Comedy
3810,White Sands,Drama
3810,White Sands,Thriller
3811,Breaker Morant,Drama
3811,Breaker Morant,War
3812,Everything You Always Wanted to Know About Sex,Comedy
3813,Interiors,Drama
3814,Love and Death,Comedy
3816,"Official Story, The (La Historia Oficial)",Drama
3817,"Other Side of Sunday, The (Sndagsengler)",Comedy
3817,"Other Side of Sunday, The (Sndagsengler)",Drama
3818,Pot O' Gold,Comedy
3818,Pot O' Gold,Musical
3819,Tampopo,Comedy
3820,Thomas and the Magic Railroad,Children's
3821,Nutty Professor II: The Klumps,Comedy
3822,"Girl on the Bridge, The (La Fille sur le Pont)",Drama
3822,"Girl on the Bridge, The (La Fille sur le Pont)",Romance
3823,Wonderland,Drama
3824,Autumn in New York,Drama
3824,Autumn in New York,Romance
3825,Coyote Ugly,Drama
3826,Hollow Man,Horror
3826,Hollow Man,Sci-Fi
3826,Hollow Man,Thriller
3827,Space Cowboys,Action
3827,Space Cowboys,Sci-Fi
3828,Better Living,Comedy
3829,Mad About Mambo,Comedy
3829,Mad About Mambo,Romance
3830,Psycho Beach Party,Comedy
3830,Psycho Beach Party,Horror
3830,Psycho Beach Party,Thriller
3831,Saving Grace,Comedy
3832,"Black Sabbath (Tre Volti Della Paura, I)",Horror
3833,"Brain That Wouldn't Die, The",Horror
3833,"Brain That Wouldn't Die, The",Sci-Fi
3834,Bronco Billy,Adventure
3834,Bronco Billy,Drama
3834,Bronco Billy,Romance
3835,"Crush, The",Thriller
3836,Kelly's Heroes,Action
3836,Kelly's Heroes,Comedy
3836,Kelly's Heroes,War
3837,Phantasm II,Horror
3838,Phantasm III: Lord of the Dead,Horror
3839,Phantasm IV: Oblivion,Horror
3840,Pumpkinhead,Horror
3841,Air America,Action
3841,Air America,Comedy
3842,Make Them Die Slowly (Cannibal Ferox),Horror
3843,Sleepaway Camp,Horror
3844,Steel Magnolias,Drama
3845,And God Created Woman (Et Dieu&#8230;Cra la Femme),Drama
3846,Easy Money,Comedy
3847,"Ilsa, She Wolf of the SS",Horror
3848,Silent Fall,Drama
3848,Silent Fall,Thriller
3849,"Spiral Staircase, The",Thriller
3850,Whatever Happened to Aunt Alice?,Crime
3850,Whatever Happened to Aunt Alice?,Thriller
3851,I'm the One That I Want,Comedy
3852,"Tao of Steve, The",Comedy
3853,"Tic Code, The",Drama
3854,Aime & Jaguar,Drama
3854,Aime & Jaguar,Romance
3855,"Affair of Love, An (Une Liaison Pornographique)",Drama
3855,"Affair of Love, An (Une Liaison Pornographique)",Romance
3856,Autumn Heart,Drama
3857,Bless the Child,Thriller
3858,Cecil B. Demented,Comedy
3859,"Eyes of Tammy Faye, The",Documentary
3860,"Opportunists, The",Crime
3861,"Replacements, The",Comedy
3862,About Adam,Comedy
3863,"Cell, The",Sci-Fi
3863,"Cell, The",Thriller
3864,Godzilla 2000 (Gojira ni-sen mireniamu),Action
3864,Godzilla 2000 (Gojira ni-sen mireniamu),Adventure
3864,Godzilla 2000 (Gojira ni-sen mireniamu),Sci-Fi
3865,"Original Kings of Comedy, The",Comedy
3865,"Original Kings of Comedy, The",Documentary
3866,Sunset Strip,Comedy
3867,All the Rage (a.k.a. It's the Rage),Drama
3868,"Naked Gun: From the Files of Police Squad!, The",Comedy
3869,"Naked Gun 2 1/2: The Smell of Fear, The",Comedy
3870,Our Town,Drama
3871,Shane,Drama
3871,Shane,Western
3872,"Suddenly, Last Summer",Drama
3873,Cat Ballou,Comedy
3873,Cat Ballou,Western
3874,"Couch in New York, A",Comedy
3874,"Couch in New York, A",Romance
3875,"Devil Rides Out, The",Horror
3876,Jerry & Tom,Drama
3877,Supergirl,Action
3877,Supergirl,Adventure
3877,Supergirl,Fantasy
3878,X: The Unknown,Sci-Fi
3879,"Art of War, The",Action
3880,"Ballad of Ramblin' Jack, The",Documentary
3881,Bittersweet Motel,Documentary
3882,Bring It On,Comedy
3883,Catfish in Black Bean Sauce,Comedy
3883,Catfish in Black Bean Sauce,Drama
3884,"Crew, The",Comedy
3885,Love & Sex,Comedy
3885,Love & Sex,Romance
3886,Steal This Movie!,Drama
3887,Went to Coney Island on a Mission From God... Be Back by Five,Drama
3888,Skipped Parts,Drama
3888,Skipped Parts,Romance
3889,Highlander: Endgame,Action
3889,Highlander: Endgame,Adventure
3889,Highlander: Endgame,Fantasy
3890,Back Stage,Documentary
3891,Turn It Up,Crime
3891,Turn It Up,Drama
3892,Anatomy (Anatomie),Horror
3893,Nurse Betty,Comedy
3893,Nurse Betty,Thriller
3894,Solas,Drama
3895,"Watcher, The",Crime
3895,"Watcher, The",Thriller
3896,"Way of the Gun, The",Crime
3896,"Way of the Gun, The",Thriller
3897,Almost Famous,Comedy
3897,Almost Famous,Drama
3898,Bait,Action
3898,Bait,Comedy
3899,Circus,Comedy
3900,Crime and Punishment in Suburbia,Comedy
3900,Crime and Punishment in Suburbia,Drama
3901,Duets,Comedy
3901,Duets,Drama
3902,Goya in Bordeaux (Goya en Bodeos),Drama
3903,Urbania,Drama
3904,"Uninvited Guest, An",Drama
3905,"Specials, The",Comedy
3906,Under Suspicion,Crime
3907,"Prince of Central Park, The",Drama
3908,Urban Legends: Final Cut,Horror
3909,Woman on Top,Comedy
3909,Woman on Top,Romance
3910,Dancer in the Dark,Drama
3910,Dancer in the Dark,Musical
3911,Best in Show,Comedy
3912,Beautiful,Comedy
3912,Beautiful,Drama
3913,Barenaked in America,Documentary
3914,"Broken Hearts Club, The",Drama
3915,Girlfight,Drama
3916,Remember the Titans,Drama
3917,Hellraiser,Horror
3918,Hellbound: Hellraiser II,Horror
3919,Hellraiser III: Hell on Earth,Horror
3920,"Faraway, So Close (In Weiter Ferne, So Nah!)",Drama
3920,"Faraway, So Close (In Weiter Ferne, So Nah!)",Fantasy
3921,Beach Party,Comedy
3922,Bikini Beach,Comedy
3923,Return of the Fly,Horror
3923,Return of the Fly,Sci-Fi
3924,Pajama Party,Comedy
3925,Stranger Than Paradise,Comedy
3926,Voyage to the Bottom of the Sea,Adventure
3926,Voyage to the Bottom of the Sea,Sci-Fi
3927,Fantastic Voyage,Adventure
3927,Fantastic Voyage,Sci-Fi
3928,Abbott and Costello Meet Frankenstein,Comedy
3928,Abbott and Costello Meet Frankenstein,Horror
3929,"Bank Dick, The",Comedy
3930,"Creature From the Black Lagoon, The",Horror
3931,"Giant Gila Monster, The",Horror
3931,"Giant Gila Monster, The",Sci-Fi
3932,"Invisible Man, The",Horror
3932,"Invisible Man, The",Sci-Fi
3933,"Killer Shrews, The",Horror
3933,"Killer Shrews, The",Sci-Fi
3934,Kronos,Sci-Fi
3935,Kronos,Horror
3936,"Phantom of the Opera, The",Drama
3936,"Phantom of the Opera, The",Thriller
3937,Runaway,Sci-Fi
3937,Runaway,Thriller
3938,"Slumber Party Massacre, The",Horror
3939,"Slumber Party Massacre II, The",Horror
3940,"Slumber Party Massacre III, The",Horror
3941,Sorority House Massacre,Horror
3942,Sorority House Massacre II,Horror
3943,Bamboozled,Comedy
3944,Bootmen,Comedy
3944,Bootmen,Drama
3945,Digimon: The Movie,Adventure
3945,Digimon: The Movie,Animation
3945,Digimon: The Movie,Children's
3946,Get Carter,Action
3946,Get Carter,Drama
3946,Get Carter,Thriller
3947,Get Carter,Thriller
3948,Meet the Parents,Comedy
3949,Requiem for a Dream,Drama
3950,Tigerland,Drama
3951,Two Family House,Drama
3952,"Contender, The",Drama
3952,"Contender, The",Thriller
