user_id,gender,age,age_group,occupation_id,occupation,zipcode
1,Female,1,Under18,10,K-12 student,48067
2,Male,56,56+,16,self-employed,70072
3,Male,25,19-25,15,scientist,55117
4,Male,45,36-45,7,executive/managerial,02460
5,Male,25,19-25,20,writer,55455
6,Female,50,46-55,9,homemaker,55117
7,Male,35,26-35,1,academic/educator,06810
8,Male,25,19-25,12,programmer,11413
9,Male,25,19-25,17,technician/engineer,61614
10,Female,35,26-35,1,academic/educator,95370
11,Female,25,19-25,1,academic/educator,04093
12,Male,25,19-25,12,programmer,32793
13,Male,45,36-45,1,academic/educator,93304
14,Male,35,26-35,0,other,60126
15,Male,25,19-25,7,executive/managerial,22903
16,Female,35,26-35,0,other,20670
17,Male,50,46-55,1,academic/educator,95350
18,Female,18,Under18,3,clerical/admin,95825
19,Male,1,Under18,10,K-12 student,48073
20,Male,25,19-25,14,sales/marketing,55113
21,Male,18,Under18,16,self-employed,99353
22,Male,18,Under18,15,scientist,53706
23,Male,35,26-35,0,other,90049
24,Female,25,19-25,7,executive/managerial,10023
25,Male,18,Under18,4,college/grad student,01609
26,Male,25,19-25,7,executive/managerial,23112
27,Male,25,19-25,11,lawyer,19130
28,Female,25,19-25,1,academic/educator,14607
29,Male,35,26-35,7,executive/managerial,33407
30,Female,35,26-35,7,executive/managerial,19143
31,Male,56,56+,7,executive/managerial,06840
32,Female,25,19-25,0,other,19355
33,Male,45,36-45,3,clerical/admin,55421
34,Female,18,Under18,0,other,02135
35,Male,45,36-45,1,academic/educator,02482
36,Male,25,19-25,3,clerical/admin,94123
37,Female,25,19-25,9,homemaker,66212
38,Female,18,Under18,4,college/grad student,02215
39,Male,18,Under18,4,college/grad student,61820
40,Male,45,36-45,0,other,10543
41,Female,18,Under18,4,college/grad student,15116
42,Male,25,19-25,8,farmer,24502
43,Male,25,19-25,12,programmer,60614
44,Male,45,36-45,17,technician/engineer,98052
45,Female,45,36-45,16,self-employed,94110
46,Male,18,Under18,19,unemployed,75602
47,Male,18,Under18,4,college/grad student,94305
48,Male,25,19-25,4,college/grad student,92107
49,Male,18,Under18,12,programmer,77084
50,Female,25,19-25,2,artist,98133
51,Female,1,Under18,10,K-12 student,10562
52,Male,18,Under18,4,college/grad student,72212
53,Male,25,19-25,0,other,96931
54,Male,50,46-55,1,academic/educator,56723
55,Female,35,26-35,12,programmer,55303
56,Male,35,26-35,20,writer,60440
57,Male,18,Under18,19,unemployed,30350
58,Male,25,19-25,2,artist,30303
59,Female,50,46-55,1,academic/educator,55413
60,Male,50,46-55,1,academic/educator,72118
61,Male,25,19-25,17,technician/engineer,95122
62,Female,35,26-35,3,clerical/admin,98105
63,Male,18,Under18,4,college/grad student,54902
64,Male,18,Under18,1,academic/educator,53706
65,Male,35,26-35,12,programmer,55803
66,Male,25,19-25,18,tradesman/craftsman,57706
67,Female,50,46-55,5,customer service,60181
68,Male,18,Under18,4,college/grad student,53706
69,Female,25,19-25,1,academic/educator,02143
70,Male,18,Under18,4,college/grad student,53703
71,Male,25,19-25,14,sales/marketing,95008
72,Female,45,36-45,0,other,55122
73,Male,18,Under18,4,college/grad student,53706
74,Male,35,26-35,14,sales/marketing,94530
75,Female,1,Under18,10,K-12 student,01748
76,Male,35,26-35,7,executive/managerial,55413
77,Male,18,Under18,4,college/grad student,15321
78,Female,45,36-45,1,academic/educator,98029
79,Female,45,36-45,0,other,98103
80,Male,56,56+,1,academic/educator,49327
81,Female,25,19-25,0,other,60640
82,Male,25,19-25,17,technician/engineer,48380
83,Female,25,19-25,2,artist,94609
84,Male,18,Under18,4,college/grad student,53140
85,Male,18,Under18,4,college/grad student,94945
86,Female,1,Under18,10,K-12 student,54467
87,Male,25,19-25,14,sales/marketing,48360
88,Female,45,36-45,1,academic/educator,02476
89,Female,56,56+,9,homemaker,85749
90,Male,56,56+,13,retired,85749
91,Male,35,26-35,7,executive/managerial,07650
92,Female,18,Under18,4,college/grad student,44243
93,Male,25,19-25,17,technician/engineer,95825
94,Male,25,19-25,17,technician/engineer,28601
95,Male,45,36-45,0,other,98201
96,Female,25,19-25,16,self-employed,78028
97,Female,35,26-35,3,clerical/admin,66210
98,Female,35,26-35,7,executive/managerial,33547
99,Female,1,Under18,10,K-12 student,19390
100,Male,35,26-35,17,technician/engineer,95401
101,Female,18,Under18,3,clerical/admin,33314
102,Male,35,26-35,19,unemployed,20871
103,Male,45,36-45,7,executive/managerial,92104
104,Male,25,19-25,12,programmer,00926
105,Male,45,36-45,12,programmer,90277
106,Female,35,26-35,11,lawyer,79101
107,Male,45,36-45,18,tradesman/craftsman,63129
108,Male,25,19-25,12,programmer,30316
109,Male,45,36-45,15,scientist,92028
110,Male,25,19-25,2,artist,90803
111,Male,35,26-35,15,scientist,55416
112,Male,25,19-25,16,self-employed,97209
113,Male,18,Under18,12,programmer,37032
114,Female,25,19-25,2,artist,83712
115,Male,25,19-25,17,technician/engineer,28083
116,Male,25,19-25,17,technician/engineer,55744
117,Male,25,19-25,17,technician/engineer,33314
118,Male,35,26-35,17,technician/engineer,22315
119,Female,1,Under18,10,K-12 student,77515
120,Male,25,19-25,11,lawyer,27106
121,Male,35,26-35,7,executive/managerial,75229
122,Female,18,Under18,4,college/grad student,94305
123,Male,35,26-35,9,homemaker,67208
124,Male,56,56+,7,executive/managerial,91356
125,Male,45,36-45,14,sales/marketing,01701
126,Male,18,Under18,9,homemaker,98117
127,Female,45,36-45,3,clerical/admin,01770
128,Male,56,56+,6,doctor/health care,37922
129,Male,25,19-25,11,lawyer,20164
130,Male,35,26-35,17,technician/engineer,50021
131,Male,18,Under18,4,college/grad student,06520
132,Male,25,19-25,17,technician/engineer,99709
133,Female,25,19-25,0,other,55071
134,Male,25,19-25,0,other,66212
135,Male,18,Under18,4,college/grad student,20006
136,Male,18,Under18,2,artist,21202
137,Female,45,36-45,6,doctor/health care,78758
138,Male,18,Under18,20,writer,22203
139,Female,25,19-25,20,writer,45409
140,Female,35,26-35,1,academic/educator,55107
141,Male,35,26-35,13,retired,62035
142,Male,25,19-25,7,executive/managerial,10011
143,Male,18,Under18,3,clerical/admin,64043
144,Male,25,19-25,17,technician/engineer,29401
145,Male,18,Under18,4,college/grad student,19081
146,Female,35,26-35,20,writer,10954
147,Male,18,Under18,4,college/grad student,91360
148,Male,50,46-55,17,technician/engineer,57747
149,Male,25,19-25,1,academic/educator,29205
150,Male,35,26-35,7,executive/managerial,98144
151,Female,25,19-25,20,writer,85013
152,Male,18,Under18,4,college/grad student,48104
153,Male,1,Under18,10,K-12 student,51537
154,Male,50,46-55,20,writer,94530
155,Male,35,26-35,12,programmer,07470
156,Female,45,36-45,7,executive/managerial,14519
157,Male,35,26-35,16,self-employed,12866
158,Male,56,56+,7,executive/managerial,28754
159,Female,45,36-45,0,other,37922
160,Male,35,26-35,7,executive/managerial,13021
161,Male,45,36-45,16,self-employed,98107-2117
162,Female,18,Under18,4,college/grad student,93117
163,Male,18,Under18,4,college/grad student,85013
164,Female,56,56+,13,retired,94566
165,Male,18,Under18,16,self-employed,98502
166,Male,18,Under18,4,college/grad student,92802
167,Female,25,19-25,11,lawyer,10022
168,Female,50,46-55,0,other,46970
169,Male,25,19-25,7,executive/managerial,55439
170,Male,25,19-25,11,lawyer,07002
171,Female,50,46-55,17,technician/engineer,55441
172,Male,25,19-25,3,clerical/admin,07661
173,Male,25,19-25,0,other,45237
174,Male,25,19-25,16,self-employed,21203
175,Female,25,19-25,2,artist,95123
176,Female,18,Under18,3,clerical/admin,55016
177,Male,50,46-55,1,academic/educator,54016
178,Male,56,56+,17,technician/engineer,53705
179,Male,25,19-25,0,other,02135
180,Male,45,36-45,12,programmer,01603
181,Male,18,Under18,17,technician/engineer,33186
182,Male,18,Under18,4,college/grad student,03052
183,Female,45,36-45,1,academic/educator,55407
184,Female,25,19-25,0,other,19001
185,Male,45,36-45,0,other,14468
186,Male,18,Under18,5,customer service,91767
187,Female,45,36-45,1,academic/educator,94061
188,Male,56,56+,16,self-employed,79930
189,Male,18,Under18,0,other,60076
190,Male,25,19-25,17,technician/engineer,55125
191,Male,18,Under18,4,college/grad student,04915
192,Male,18,Under18,1,academic/educator,10977
193,Female,45,36-45,15,scientist,44106
194,Female,1,Under18,10,K-12 student,29146
195,Male,25,19-25,12,programmer,10458
196,Female,35,26-35,9,homemaker,94587
197,Male,18,Under18,14,sales/marketing,10023
198,Male,25,19-25,12,programmer,55108
199,Male,18,Under18,4,college/grad student,83706
200,Female,18,Under18,4,college/grad student,84321
201,Female,35,26-35,2,artist,55117
202,Male,18,Under18,4,college/grad student,53706
203,Female,18,Under18,4,college/grad student,53715
204,Male,25,19-25,7,executive/managerial,92123
205,Male,35,26-35,12,programmer,97333
206,Male,25,19-25,17,technician/engineer,20194
207,Male,25,19-25,12,programmer,94115
208,Male,35,26-35,17,technician/engineer,55432
209,Male,35,26-35,1,academic/educator,90048
210,Female,1,Under18,10,K-12 student,25801
211,Male,45,36-45,17,technician/engineer,90620
212,Male,25,19-25,16,self-employed,53714
213,Female,18,Under18,4,college/grad student,01609
214,Male,18,Under18,20,writer,80218
215,Male,35,26-35,14,sales/marketing,92075
216,Male,45,36-45,13,retired,52761
217,Male,18,Under18,4,college/grad student,22903
218,Male,35,26-35,14,sales/marketing,95822
219,Female,25,19-25,4,college/grad student,55113
220,Male,25,19-25,12,programmer,22903
221,Female,25,19-25,0,other,94063
222,Male,25,19-25,1,academic/educator,55116
223,Male,25,19-25,17,technician/engineer,28262
224,Female,18,Under18,4,college/grad student,14850
225,Male,25,19-25,7,executive/managerial,11215
226,Male,35,26-35,1,academic/educator,94518
227,Male,35,26-35,20,writer,90291
228,Male,25,19-25,15,scientist,55455
229,Male,18,Under18,10,K-12 student,04576
230,Male,45,36-45,1,academic/educator,43210
231,Male,25,19-25,3,clerical/admin,55455
232,Male,25,19-25,20,writer,55408
233,Female,45,36-45,20,writer,37919-4204
234,Male,35,26-35,7,executive/managerial,39652
235,Male,25,19-25,0,other,98153
236,Male,25,19-25,5,customer service,55126
237,Male,25,19-25,6,doctor/health care,46835
238,Female,50,46-55,7,executive/managerial,90291
239,Male,18,Under18,19,unemployed,94618
240,Male,50,46-55,17,technician/engineer,55113
241,Male,35,26-35,20,writer,55121
242,Female,18,Under18,4,college/grad student,53706
243,Male,25,19-25,16,self-employed,11576
244,Male,50,46-55,7,executive/managerial,19072
245,Male,35,26-35,16,self-employed,66046
246,Female,18,Under18,4,college/grad student,60625
247,Male,25,19-25,17,technician/engineer,94404
248,Male,18,Under18,17,technician/engineer,72703
249,Female,18,Under18,14,sales/marketing,48126
250,Male,35,26-35,16,self-employed,11229
251,Male,56,56+,17,technician/engineer,55105
252,Male,25,19-25,12,programmer,94112
253,Female,25,19-25,11,lawyer,97370
254,Male,35,26-35,17,technician/engineer,49015
255,Male,35,26-35,0,other,85310
256,Male,45,36-45,16,self-employed,55076
257,Male,18,Under18,18,tradesman/craftsman,55113
258,Male,25,19-25,7,executive/managerial,55436
259,Male,25,19-25,1,academic/educator,60615
260,Male,18,Under18,19,unemployed,98126
261,Male,25,19-25,20,writer,75801
262,Female,25,19-25,1,academic/educator,68503
263,Female,25,19-25,7,executive/managerial,22304
264,Male,35,26-35,0,other,20755
265,Female,35,26-35,7,executive/managerial,55116
266,Male,35,26-35,11,lawyer,75229
267,Male,45,36-45,12,programmer,55001
268,Female,18,Under18,12,programmer,29708
269,Male,25,19-25,2,artist,55408
270,Male,50,46-55,14,sales/marketing,55414
271,Male,18,Under18,4,college/grad student,48202
272,Male,18,Under18,0,other,80302
273,Male,18,Under18,4,college/grad student,55427
274,Male,18,Under18,4,college/grad student,55455
275,Male,25,19-25,0,other,48162
276,Male,45,36-45,16,self-employed,01982
277,Female,35,26-35,1,academic/educator,98126
278,Male,45,36-45,18,tradesman/craftsman,60482
279,Male,25,19-25,14,sales/marketing,91214
280,Male,50,46-55,7,executive/managerial,19118
281,Female,35,26-35,0,other,94117
282,Male,25,19-25,17,technician/engineer,94401
283,Male,25,19-25,0,other,10003
284,Male,25,19-25,12,programmer,91910
285,Female,35,26-35,0,other,94109
286,Male,25,19-25,1,academic/educator,54601
287,Male,50,46-55,13,retired,94706
288,Female,25,19-25,12,programmer,97119
289,Female,25,19-25,0,other,11801
290,Female,25,19-25,20,writer,94591
291,Male,35,26-35,12,programmer,55110
292,Male,35,26-35,7,executive/managerial,19406
293,Male,56,56+,1,academic/educator,55337-4056
294,Female,45,36-45,9,homemaker,43147
295,Male,18,Under18,0,other,80203
296,Male,50,46-55,5,customer service,89432
297,Male,18,Under18,2,artist,97211
298,Female,18,Under18,4,college/grad student,19010
299,Male,25,19-25,12,programmer,97370
300,Male,25,19-25,7,executive/managerial,78664
301,Male,18,Under18,4,college/grad student,61820
302,Male,18,Under18,4,college/grad student,04901
303,Male,25,19-25,7,executive/managerial,20006
304,Male,25,19-25,0,other,55414
305,Female,18,Under18,0,other,55414
306,Male,18,Under18,0,other,53051
307,Male,50,46-55,16,self-employed,90027
308,Male,25,19-25,2,artist,10025
309,Male,25,19-25,4,college/grad student,16801
310,Female,18,Under18,4,college/grad student,31207
311,Male,18,Under18,4,college/grad student,31201
312,Female,50,46-55,2,artist,22207
313,Female,18,Under18,4,college/grad student,02138
314,Female,56,56+,9,homemaker,46911
315,Female,56,56+,1,academic/educator,55105
316,Male,56,56+,13,retired,90740
317,Male,35,26-35,7,executive/managerial,38555
318,Female,56,56+,13,retired,55104
319,Female,50,46-55,6,doctor/health care,33436
320,Male,35,26-35,6,doctor/health care,99516
321,Male,18,Under18,4,college/grad student,55128
322,Male,56,56+,17,technician/engineer,55117
323,Male,45,36-45,12,programmer,53716
324,Male,35,26-35,17,technician/engineer,55106
325,Female,50,46-55,3,clerical/admin,55112
326,Male,50,46-55,11,lawyer,25302
327,Male,35,26-35,18,tradesman/craftsman,55448
328,Male,35,26-35,12,programmer,80401
329,Male,35,26-35,7,executive/managerial,02115
330,Male,56,56+,7,executive/managerial,92065
331,Male,25,19-25,7,executive/managerial,55902
332,Male,50,46-55,1,academic/educator,55109
333,Male,35,26-35,2,artist,55410
334,Female,56,56+,2,artist,55113
335,Male,35,26-35,18,tradesman/craftsman,55434
336,Male,18,Under18,0,other,98765
337,Male,18,Under18,19,unemployed,80205
338,Male,35,26-35,7,executive/managerial,55116
339,Male,50,46-55,7,executive/managerial,80207
340,Female,25,19-25,3,clerical/admin,28001
341,Female,56,56+,13,retired,92119
342,Male,18,Under18,12,programmer,55076
343,Female,35,26-35,3,clerical/admin,55127
344,Male,35,26-35,14,sales/marketing,75034
345,Male,25,19-25,12,programmer,94114
346,Female,25,19-25,0,other,55110
347,Female,56,56+,1,academic/educator,55305
348,Male,50,46-55,7,executive/managerial,55110
349,Male,1,Under18,10,K-12 student,08035
350,Male,45,36-45,20,writer,08035
351,Male,18,Under18,4,college/grad student,55105
352,Male,18,Under18,4,college/grad student,60115
353,Female,35,26-35,7,executive/managerial,92625
354,Male,35,26-35,1,academic/educator,55117
355,Male,18,Under18,3,clerical/admin,55107
356,Male,56,56+,20,writer,55101
357,Male,18,Under18,0,other,98103
358,Female,56,56+,1,academic/educator,20815
359,Male,25,19-25,17,technician/engineer,55128
360,Male,35,26-35,17,technician/engineer,28208
361,Female,25,19-25,14,sales/marketing,94115
362,Male,35,26-35,20,writer,55407
363,Male,18,Under18,10,K-12 student,55419
364,Female,35,26-35,1,academic/educator,46815
365,Female,18,Under18,4,college/grad student,02138
366,Male,50,46-55,15,scientist,55126
367,Male,50,46-55,12,programmer,55421
368,Male,25,19-25,0,other,90293
369,Male,35,26-35,1,academic/educator,55110
370,Male,18,Under18,17,technician/engineer,22304
371,Male,18,Under18,4,college/grad student,02141
372,Female,18,Under18,4,college/grad student,72227
373,Female,25,19-25,2,artist,55347
374,Female,35,26-35,14,sales/marketing,55346
375,Male,25,19-25,2,artist,55106
376,Male,35,26-35,1,academic/educator,80026
377,Male,25,19-25,17,technician/engineer,55418
378,Female,18,Under18,0,other,55105
379,Female,35,26-35,1,academic/educator,54822
380,Male,25,19-25,2,artist,92024
381,Male,35,26-35,17,technician/engineer,89015
382,Female,35,26-35,20,writer,66205
383,Female,25,19-25,7,executive/managerial,78757
384,Male,25,19-25,11,lawyer,55075
385,Male,25,19-25,6,doctor/health care,68131
386,Male,25,19-25,0,other,55408
387,Female,35,26-35,7,executive/managerial,55111
388,Female,25,19-25,0,other,10021
389,Male,25,19-25,6,doctor/health care,68128
390,Male,25,19-25,4,college/grad student,55405
391,Male,45,36-45,11,lawyer,22122
392,Male,18,Under18,7,executive/managerial,20037
393,Male,35,26-35,17,technician/engineer,55402
394,Male,18,Under18,0,other,55013
395,Male,18,Under18,5,customer service,55104
396,Male,25,19-25,1,academic/educator,56187
397,Male,35,26-35,17,technician/engineer,22124
398,Male,25,19-25,17,technician/engineer,55454
399,Female,35,26-35,6,doctor/health care,55128
400,Female,18,Under18,3,clerical/admin,55422
401,Male,18,Under18,0,other,55129
402,Male,25,19-25,11,lawyer,55427
403,Male,18,Under18,4,college/grad student,02138
404,Male,18,Under18,4,college/grad student,10128
405,Male,56,56+,1,academic/educator,13077
406,Male,25,19-25,20,writer,55105
407,Male,18,Under18,17,technician/engineer,89503
408,Male,25,19-25,11,lawyer,02143
409,Male,18,Under18,12,programmer,55122
410,Female,25,19-25,1,academic/educator,55417
411,Female,45,36-45,1,academic/educator,43214
412,Male,35,26-35,15,scientist,55117
413,Male,25,19-25,11,lawyer,55409
414,Male,25,19-25,0,other,55317
415,Female,35,26-35,0,other,55406
416,Male,45,36-45,14,sales/marketing,55076
417,Female,25,19-25,0,other,50613
418,Female,25,19-25,3,clerical/admin,54016
419,Male,18,Under18,3,clerical/admin,55422
420,Male,35,26-35,1,academic/educator,55406
421,Female,45,36-45,3,clerical/admin,55125
422,Male,56,56+,17,technician/engineer,55104
423,Male,18,Under18,4,college/grad student,55455
424,Male,25,19-25,17,technician/engineer,55112
425,Male,25,19-25,12,programmer,55303
426,Male,18,Under18,4,college/grad student,55455
427,Male,35,26-35,12,programmer,55104
428,Female,18,Under18,4,college/grad student,55455
429,Male,18,Under18,0,other,54901
430,Female,18,Under18,10,K-12 student,55306
431,Male,18,Under18,10,K-12 student,55303
432,Male,45,36-45,16,self-employed,55306
433,Male,50,46-55,6,doctor/health care,55115
434,Female,45,36-45,3,clerical/admin,98155
435,Male,25,19-25,7,executive/managerial,55125
436,Male,18,Under18,4,college/grad student,43023
437,Male,35,26-35,17,technician/engineer,55030
438,Male,18,Under18,11,lawyer,53705
439,Male,35,26-35,14,sales/marketing,55129
440,Male,56,56+,1,academic/educator,32940
441,Male,35,26-35,1,academic/educator,55127
442,Male,25,19-25,1,academic/educator,55105
443,Male,25,19-25,3,clerical/admin,55421
444,Male,56,56+,0,other,55108
445,Male,45,36-45,12,programmer,55117
446,Female,50,46-55,0,other,55042
447,Female,45,36-45,11,lawyer,55105
448,Male,25,19-25,17,technician/engineer,80123
449,Male,25,19-25,7,executive/managerial,85037
450,Male,45,36-45,1,academic/educator,24523
451,Male,56,56+,13,retired,54720
452,Male,50,46-55,17,technician/engineer,55117
453,Male,18,Under18,4,college/grad student,55102
454,Male,25,19-25,20,writer,55092
455,Female,35,26-35,2,artist,55113
456,Male,35,26-35,0,other,55105
457,Male,18,Under18,4,college/grad student,54703
458,Male,50,46-55,16,self-employed,55405-2546
459,Female,18,Under18,4,college/grad student,55105
460,Male,45,36-45,18,tradesman/craftsman,55313
461,Male,50,46-55,7,executive/managerial,55075
462,Male,18,Under18,16,self-employed,55416
463,Male,25,19-25,7,executive/managerial,55105
464,Female,18,Under18,4,college/grad student,55455
465,Male,18,Under18,19,unemployed,94523
466,Male,25,19-25,5,customer service,55405
467,Female,35,26-35,3,clerical/admin,55075
468,Female,1,Under18,10,K-12 student,55082
469,Male,35,26-35,6,doctor/health care,55122
470,Female,1,Under18,10,K-12 student,55068
471,Male,35,26-35,7,executive/managerial,08904
472,Male,35,26-35,0,other,55418
473,Female,18,Under18,4,college/grad student,55112
474,Male,25,19-25,17,technician/engineer,92126
475,Female,25,19-25,2,artist,55421
476,Male,35,26-35,0,other,55127
477,Male,35,26-35,14,sales/marketing,55410
478,Male,50,46-55,16,self-employed,55113
479,Male,25,19-25,12,programmer,55042
480,Female,18,Under18,4,college/grad student,55422
481,Male,45,36-45,7,executive/managerial,55115
482,Male,25,19-25,14,sales/marketing,55305
483,Male,18,Under18,12,programmer,55105
484,Female,1,Under18,10,K-12 student,55104
485,Male,56,56+,7,executive/managerial,55042
486,Male,56,56+,0,other,91367
487,Female,35,26-35,17,technician/engineer,55082
488,Male,25,19-25,12,programmer,55107
489,Male,18,Under18,4,college/grad student,55455
490,Male,1,Under18,10,K-12 student,55345
491,Male,18,Under18,4,college/grad student,56043
492,Male,25,19-25,12,programmer,55112
493,Male,50,46-55,7,executive/managerial,55016
494,Female,35,26-35,0,other,17870
495,Male,18,Under18,10,K-12 student,55421
496,Male,18,Under18,4,college/grad student,55455
497,Female,25,19-25,17,technician/engineer,55412
498,Male,35,26-35,17,technician/engineer,55113
499,Female,25,19-25,1,academic/educator,55108
500,Female,18,Under18,2,artist,55105
501,Male,25,19-25,2,artist,55372
502,Male,35,26-35,6,doctor/health care,55126
503,Male,35,26-35,11,lawyer,73120
504,Male,25,19-25,2,artist,17003
505,Male,35,26-35,17,technician/engineer,37815
506,Male,25,19-25,16,self-employed,55103-1006
507,Female,25,19-25,0,other,55405
508,Male,25,19-25,12,programmer,55418
509,Male,25,19-25,2,artist,55125
510,Male,18,Under18,12,programmer,55109
511,Female,45,36-45,4,college/grad student,15232
512,Male,35,26-35,0,other,55379
513,Male,25,19-25,0,other,55119
514,Male,25,19-25,2,artist,55113
515,Male,25,19-25,1,academic/educator,55406
516,Female,56,56+,14,sales/marketing,55033
517,Female,25,19-25,14,sales/marketing,55408
518,Female,35,26-35,12,programmer,75240
519,Female,35,26-35,14,sales/marketing,55038
520,Female,35,26-35,20,writer,55104
521,Male,56,56+,7,executive/managerial,55105
522,Male,25,19-25,12,programmer,55124
523,Male,50,46-55,7,executive/managerial,55105
524,Male,18,Under18,0,other,91320
525,Male,35,26-35,6,doctor/health care,19027
526,Male,45,36-45,17,technician/engineer,94806
527,Female,25,19-25,2,artist,11201
528,Female,18,Under18,17,technician/engineer,83843
529,Male,35,26-35,12,programmer,92009
530,Male,25,19-25,2,artist,10019
531,Female,18,Under18,14,sales/marketing,22206
532,Male,25,19-25,7,executive/managerial,94301
533,Male,25,19-25,12,programmer,27514
534,Male,25,19-25,15,scientist,55902
535,Male,35,26-35,6,doctor/health care,95370
536,Male,25,19-25,20,writer,01267
537,Male,45,36-45,14,sales/marketing,07704
538,Male,56,56+,16,self-employed,95407
539,Male,25,19-25,2,artist,55103
540,Male,18,Under18,1,academic/educator,15213
541,Female,18,Under18,4,college/grad student,5849574
542,Male,18,Under18,4,college/grad student,78705
543,Male,25,19-25,5,customer service,55057
544,Male,35,26-35,12,programmer,94538
545,Male,35,26-35,17,technician/engineer,01890
546,Female,25,19-25,0,other,37211
547,Male,35,26-35,12,programmer,76109
548,Female,35,26-35,16,self-employed,96860
549,Male,25,19-25,6,doctor/health care,53217
550,Male,45,36-45,8,farmer,21559
551,Male,35,26-35,20,writer,55116
552,Male,50,46-55,18,tradesman/craftsman,23456
553,Male,25,19-25,2,artist,94131
554,Male,25,19-25,12,programmer,94086
555,Male,18,Under18,4,college/grad student,53213
556,Female,25,19-25,9,homemaker,37221
557,Male,56,56+,1,academic/educator,30030
558,Male,35,26-35,20,writer,55108
559,Female,25,19-25,7,executive/managerial,60422
560,Male,45,36-45,15,scientist,81335
561,Female,18,Under18,14,sales/marketing,64060
562,Male,35,26-35,20,writer,48083
563,Male,25,19-25,4,college/grad student,53703
564,Male,45,36-45,1,academic/educator,49419
565,Male,25,19-25,16,self-employed,45242
566,Male,25,19-25,17,technician/engineer,92122
567,Male,35,26-35,20,writer,52570-9634
568,Female,50,46-55,17,technician/engineer,19716
569,Female,18,Under18,4,college/grad student,97339
570,Male,25,19-25,4,college/grad student,33314
571,Male,50,46-55,5,customer service,95401
572,Male,18,Under18,4,college/grad student,61801
573,Female,35,26-35,2,artist,98119
574,Male,25,19-25,19,unemployed,90214
575,Male,25,19-25,12,programmer,92130
576,Female,45,36-45,15,scientist,20910
577,Male,35,26-35,0,other,02115
578,Male,18,Under18,17,technician/engineer,90064
579,Male,25,19-25,5,customer service,32839
580,Male,1,Under18,10,K-12 student,08534
581,Male,50,46-55,14,sales/marketing,73543
582,Male,18,Under18,4,college/grad student,67042
583,Female,25,19-25,0,other,48067
584,Female,25,19-25,0,other,94403
585,Male,18,Under18,1,academic/educator,53703
586,Male,35,26-35,14,sales/marketing,53092
587,Male,25,19-25,20,writer,92649
588,Female,25,19-25,11,lawyer,23220
589,Male,18,Under18,2,artist,90210
590,Female,35,26-35,6,doctor/health care,98032
591,Male,25,19-25,0,other,76201
592,Male,18,Under18,0,other,92103
593,Female,50,46-55,1,academic/educator,91711
594,Female,56,56+,13,retired,60076
595,Male,25,19-25,7,executive/managerial,10019
596,Female,25,19-25,1,academic/educator,01950
597,Male,35,26-35,12,programmer,80206
598,Male,35,26-35,7,executive/managerial,95476
599,Male,50,46-55,6,doctor/health care,53711
600,Male,35,26-35,17,technician/engineer,66209
601,Female,18,Under18,20,writer,06320
602,Female,56,56+,6,doctor/health care,14612
603,Female,25,19-25,6,doctor/health care,32256
604,Male,45,36-45,17,technician/engineer,32256
605,Female,18,Under18,4,college/grad student,44425
606,Female,1,Under18,10,K-12 student,49507
607,Male,25,19-25,0,other,43614
608,Male,18,Under18,4,college/grad student,18011
609,Male,25,19-25,7,executive/managerial,10012
610,Male,25,19-25,4,college/grad student,77025
611,Male,35,26-35,0,other,20715
612,Male,50,46-55,7,executive/managerial,95020
613,Male,35,26-35,20,writer,10562
614,Male,35,26-35,1,academic/educator,90024
615,Male,50,46-55,17,technician/engineer,32951
616,Male,25,19-25,7,executive/managerial,94115
617,Female,25,19-25,7,executive/managerial,92117
618,Male,25,19-25,0,other,74105
619,Female,18,Under18,1,academic/educator,94706
620,Male,18,Under18,0,other,13210
621,Male,18,Under18,4,college/grad student,93560
622,Male,25,19-25,0,other,92612
623,Male,25,19-25,17,technician/engineer,60555
624,Male,25,19-25,1,academic/educator,75207
625,Female,35,26-35,12,programmer,44106
626,Male,18,Under18,4,college/grad student,77005
627,Male,50,46-55,2,artist,97210
628,Female,35,26-35,0,other,20715
629,Female,1,Under18,10,K-12 student,48154
630,Female,35,26-35,14,sales/marketing,80525
631,Male,35,26-35,17,technician/engineer,28601
632,Male,45,36-45,17,technician/engineer,07649
633,Male,25,19-25,17,technician/engineer,94131
634,Female,1,Under18,10,K-12 student,49512
635,Male,56,56+,17,technician/engineer,33785
636,Male,18,Under18,20,writer,92055
637,Male,35,26-35,12,programmer,97132
638,Male,25,19-25,6,doctor/health care,77584
639,Male,45,36-45,17,technician/engineer,85202
640,Male,18,Under18,4,college/grad student,47406
641,Female,35,26-35,0,other,55116
642,Female,35,26-35,1,academic/educator,78155
643,Male,25,19-25,2,artist,23188
644,Male,25,19-25,20,writer,93704
645,Male,35,26-35,20,writer,11215
646,Male,35,26-35,7,executive/managerial,08505
647,Male,35,26-35,12,programmer,85224
648,Female,25,19-25,12,programmer,94131
649,Male,25,19-25,4,college/grad student,80526
650,Male,25,19-25,17,technician/engineer,49445
651,Male,35,26-35,7,executive/managerial,20895
652,Male,18,Under18,20,writer,12222
653,Male,56,56+,13,retired,92660
654,Male,50,46-55,7,executive/managerial,75023
655,Female,25,19-25,2,artist,92629
656,Female,45,36-45,16,self-employed,92106
657,Female,50,46-55,13,retired,34691
658,Female,25,19-25,0,other,10021
659,Female,25,19-25,0,other,28134
660,Male,45,36-45,16,self-employed,70507
661,Male,45,36-45,1,academic/educator,13114
662,Male,18,Under18,4,college/grad student,99163
663,Female,25,19-25,7,executive/managerial,12345
664,Male,35,26-35,18,tradesman/craftsman,74601
665,Male,18,Under18,2,artist,13317
666,Female,18,Under18,0,other,08540
667,Male,25,19-25,18,tradesman/craftsman,98438
668,Female,25,19-25,3,clerical/admin,22042
669,Male,25,19-25,17,technician/engineer,30307
670,Male,25,19-25,12,programmer,30303
671,Male,18,Under18,4,college/grad student,61761
672,Male,35,26-35,7,executive/managerial,46845
673,Male,25,19-25,20,writer,10023
674,Male,25,19-25,17,technician/engineer,22042
675,Male,25,19-25,20,writer,02048
676,Male,18,Under18,16,self-employed,55129
677,Male,50,46-55,2,artist,94122
678,Male,25,19-25,0,other,34952
679,Male,35,26-35,16,self-employed,29681
680,Male,25,19-25,12,programmer,37013
681,Male,35,26-35,7,executive/managerial,30501
682,Male,25,19-25,4,college/grad student,27510
683,Male,25,19-25,4,college/grad student,27514
684,Male,25,19-25,4,college/grad student,27510
685,Male,25,19-25,4,college/grad student,27514
686,Male,18,Under18,4,college/grad student,27514
687,Female,25,19-25,7,executive/managerial,14136
688,Male,56,56+,13,retired,13407
689,Female,50,46-55,0,other,48103
690,Male,25,19-25,12,programmer,90717
691,Male,35,26-35,11,lawyer,96813
692,Female,25,19-25,0,other,85207
693,Male,35,26-35,12,programmer,98103
694,Male,18,Under18,4,college/grad student,76401
695,Female,18,Under18,1,academic/educator,04240
696,Male,25,19-25,12,programmer,94114
697,Female,50,46-55,6,doctor/health care,97330
698,Male,18,Under18,4,college/grad student,76401
699,Male,18,Under18,0,other,73505
700,Male,50,46-55,17,technician/engineer,14650
701,Female,18,Under18,4,college/grad student,01002
702,Male,35,26-35,7,executive/managerial,90808
703,Female,56,56+,1,academic/educator,44074
704,Female,35,26-35,8,farmer,85712
705,Male,25,19-25,4,college/grad student,48065
706,Male,35,26-35,20,writer,78664
707,Male,35,26-35,7,executive/managerial,17740
708,Male,25,19-25,0,other,37042
709,Male,18,Under18,0,other,92647
710,Male,25,19-25,20,writer,85207
711,Male,25,19-25,18,tradesman/craftsman,80521
712,Male,25,19-25,0,other,95136
713,Male,35,26-35,7,executive/managerial,79912
714,Male,18,Under18,4,college/grad student,76013
715,Male,18,Under18,0,other,53715
716,Male,18,Under18,4,college/grad student,98188
717,Male,25,19-25,11,lawyer,90211
718,Male,18,Under18,2,artist,90211
719,Male,1,Under18,0,other,75070
720,Male,18,Under18,0,other,55129
721,Female,35,26-35,9,homemaker,97520
722,Male,25,19-25,12,programmer,55106
723,Male,25,19-25,12,programmer,98027
724,Male,50,46-55,13,retired,90266
725,Male,56,56+,11,lawyer,08904
726,Female,25,19-25,9,homemaker,77449
727,Male,35,26-35,11,lawyer,94061
728,Male,25,19-25,6,doctor/health care,11598
729,Male,35,26-35,12,programmer,85284
730,Male,25,19-25,0,other,10580
731,Male,45,36-45,3,clerical/admin,55410
732,Male,25,19-25,7,executive/managerial,07030
733,Male,35,26-35,16,self-employed,30034
734,Male,25,19-25,7,executive/managerial,90078
735,Male,25,19-25,14,sales/marketing,04240
736,Male,18,Under18,12,programmer,07070
737,Male,1,Under18,19,unemployed,53711
738,Male,18,Under18,17,technician/engineer,99205
739,Male,35,26-35,12,programmer,55803
740,Male,25,19-25,14,sales/marketing,24551
741,Male,25,19-25,5,customer service,44095
742,Male,18,Under18,0,other,54758
743,Female,1,Under18,2,artist,60660
744,Male,25,19-25,17,technician/engineer,77007
745,Male,1,Under18,10,K-12 student,90004
746,Female,18,Under18,19,unemployed,95019
747,Male,18,Under18,4,college/grad student,98606
748,Male,25,19-25,0,other,60098
749,Male,35,26-35,18,tradesman/craftsman,56303
750,Female,35,26-35,9,homemaker,13066
751,Female,25,19-25,17,technician/engineer,97201
752,Female,25,19-25,3,clerical/admin,97401
753,Male,1,Under18,10,K-12 student,42754
754,Male,35,26-35,7,executive/managerial,38024
755,Female,35,26-35,0,other,94002
756,Male,35,26-35,0,other,90064
757,Male,25,19-25,12,programmer,97401
758,Male,35,26-35,7,executive/managerial,19518
759,Female,56,56+,3,clerical/admin,89156
760,Male,56,56+,15,scientist,94114
761,Male,18,Under18,7,executive/managerial,99945
762,Male,1,Under18,10,K-12 student,63041
763,Male,18,Under18,10,K-12 student,02882
764,Male,18,Under18,20,writer,85296
765,Male,25,19-25,17,technician/engineer,74467
766,Female,25,19-25,7,executive/managerial,95128
767,Male,25,19-25,12,programmer,45241
768,Male,25,19-25,12,programmer,17067
769,Male,45,36-45,17,technician/engineer,02421
770,Male,18,Under18,4,college/grad student,98499
771,Female,50,46-55,1,academic/educator,75087
772,Male,18,Under18,12,programmer,89118
773,Male,25,19-25,6,doctor/health care,48108
774,Male,18,Under18,4,college/grad student,22903
775,Male,1,Under18,17,technician/engineer,56258
776,Female,25,19-25,3,clerical/admin,92627
777,Male,18,Under18,19,unemployed,87543
778,Male,18,Under18,17,technician/engineer,32694
779,Male,25,19-25,0,other,60156
780,Male,25,19-25,17,technician/engineer,91776
781,Male,18,Under18,4,college/grad student,95076
782,Male,56,56+,1,academic/educator,28223
783,Male,25,19-25,4,college/grad student,53703
784,Male,18,Under18,0,other,11040
785,Male,18,Under18,19,unemployed,29307
786,Male,25,19-25,0,other,55987
787,Male,18,Under18,4,college/grad student,77802
788,Male,25,19-25,0,other,37601
789,Male,18,Under18,1,academic/educator,67212
790,Male,25,19-25,17,technician/engineer,45694
791,Male,35,26-35,7,executive/managerial,27511
792,Male,25,19-25,17,technician/engineer,01002
793,Female,35,26-35,14,sales/marketing,37043
794,Male,50,46-55,20,writer,10543
795,Female,35,26-35,14,sales/marketing,19147
796,Male,50,46-55,6,doctor/health care,98237
797,Female,50,46-55,7,executive/managerial,20175
798,Female,25,19-25,20,writer,48464
799,Female,25,19-25,5,customer service,98498
800,Female,35,26-35,12,programmer,72032
801,Female,25,19-25,20,writer,95776
802,Male,25,19-25,16,self-employed,22801
803,Male,18,Under18,4,college/grad student,67217
804,Male,25,19-25,20,writer,90032
805,Male,35,26-35,12,programmer,37211
806,Male,35,26-35,0,other,34990
807,Male,18,Under18,4,college/grad student,89015
808,Male,25,19-25,7,executive/managerial,85226
809,Male,25,19-25,17,technician/engineer,70508
810,Male,25,19-25,12,programmer,98006
811,Male,50,46-55,0,other,94043
812,Male,25,19-25,6,doctor/health care,37930
813,Male,18,Under18,4,college/grad student,70002
814,Female,18,Under18,4,college/grad student,92612
815,Male,25,19-25,4,college/grad student,37130
816,Male,45,36-45,0,other,92108
817,Male,18,Under18,4,college/grad student,41076
818,Male,18,Under18,4,college/grad student,60107
819,Male,35,26-35,7,executive/managerial,60611
820,Male,35,26-35,7,executive/managerial,78759
821,Male,18,Under18,2,artist,14456
822,Female,25,19-25,1,academic/educator,07666
823,Male,25,19-25,0,other,92078
824,Male,35,26-35,12,programmer,94530
825,Male,56,56+,1,academic/educator,39532
826,Female,35,26-35,1,academic/educator,80210
827,Male,45,36-45,2,artist,55409
828,Male,18,Under18,4,college/grad student,70817
829,Male,1,Under18,19,unemployed,53711
830,Male,35,26-35,7,executive/managerial,60657
831,Female,45,36-45,0,other,20874
832,Male,18,Under18,2,artist,19464
833,Male,35,26-35,7,executive/managerial,46825
834,Female,35,26-35,12,programmer,78640
835,Male,56,56+,0,other,94952
836,Male,25,19-25,11,lawyer,10023
837,Male,56,56+,7,executive/managerial,08540
838,Male,50,46-55,17,technician/engineer,92661
839,Male,25,19-25,0,other,98103
840,Female,25,19-25,3,clerical/admin,02828
841,Female,50,46-55,14,sales/marketing,92119
842,Female,18,Under18,0,other,55102
843,Male,25,19-25,7,executive/managerial,49321
844,Male,25,19-25,0,other,92121
845,Female,18,Under18,0,other,20009
846,Male,25,19-25,5,customer service,80209
847,Female,25,19-25,7,executive/managerial,80228
848,Male,25,19-25,15,scientist,94121
849,Male,25,19-25,3,clerical/admin,75006
850,Male,35,26-35,0,other,60640
851,Male,18,Under18,4,college/grad student,75287
852,Male,25,19-25,5,customer service,92105
853,Male,25,19-25,17,technician/engineer,55447
854,Female,25,19-25,16,self-employed,44092
855,Female,18,Under18,2,artist,72701
856,Female,45,36-45,6,doctor/health care,02453
857,Male,35,26-35,17,technician/engineer,11701
858,Male,35,26-35,14,sales/marketing,10013
859,Male,25,19-25,12,programmer,10128
860,Male,18,Under18,0,other,78237
861,Male,25,19-25,7,executive/managerial,37027
862,Male,35,26-35,7,executive/managerial,10019
863,Male,25,19-25,7,executive/managerial,62522
864,Female,25,19-25,0,other,97205
865,Male,35,26-35,1,academic/educator,91711
866,Male,1,Under18,10,K-12 student,08820
867,Male,45,36-45,12,programmer,95814
868,Male,50,46-55,17,technician/engineer,01702-7224
869,Male,18,Under18,20,writer,92026
870,Female,25,19-25,1,academic/educator,02144
871,Male,1,Under18,10,K-12 student,76013
872,Male,50,46-55,1,academic/educator,20815
873,Male,56,56+,6,doctor/health care,19027
874,Male,45,36-45,15,scientist,26105
875,Male,1,Under18,10,K-12 student,94707
876,Male,25,19-25,4,college/grad student,43202
877,Male,25,19-25,0,other,90631
878,Male,18,Under18,2,artist,01720
879,Male,45,36-45,16,self-employed,92018
880,Male,35,26-35,17,technician/engineer,94114
881,Male,18,Under18,14,sales/marketing,76401
882,Male,18,Under18,2,artist,01720
883,Female,35,26-35,14,sales/marketing,92673
884,Male,1,Under18,10,K-12 student,49454
885,Male,35,26-35,0,other,48105
886,Female,56,56+,0,other,14830
887,Female,56,56+,16,self-employed,55345
888,Female,1,Under18,10,K-12 student,08820
889,Male,45,36-45,20,writer,10024
890,Male,18,Under18,4,college/grad student,92153
891,Male,25,19-25,1,academic/educator,80202
892,Male,35,26-35,0,other,76031
893,Female,50,46-55,6,doctor/health care,85016
894,Male,18,Under18,4,college/grad student,31602
895,Male,50,46-55,1,academic/educator,34683
896,Male,18,Under18,15,scientist,94015
897,Male,25,19-25,6,doctor/health care,92130
898,Male,25,19-25,7,executive/managerial,77005
899,Female,25,19-25,1,academic/educator,30605
900,Female,56,56+,13,retired,90066
901,Female,56,56+,0,other,92027
902,Male,56,56+,0,other,45432
903,Male,56,56+,13,retired,75165
904,Male,35,26-35,20,writer,92308
905,Female,45,36-45,12,programmer,28655
906,Male,1,Under18,10,K-12 student,71106
907,Female,45,36-45,6,doctor/health care,92117
908,Female,50,46-55,1,academic/educator,92103
909,Male,45,36-45,7,executive/managerial,92831
910,Female,50,46-55,0,other,98226
911,Male,50,46-55,0,other,98226
912,Female,35,26-35,2,artist,91324
913,Male,25,19-25,0,other,20744-6223
914,Female,35,26-35,9,homemaker,30338
915,Male,25,19-25,7,executive/managerial,72762
916,Female,25,19-25,1,academic/educator,92084
917,Male,50,46-55,6,doctor/health care,92117
918,Female,45,36-45,1,academic/educator,91901
919,Female,35,26-35,1,academic/educator,92056
920,Male,18,Under18,4,college/grad student,92173
921,Male,25,19-25,17,technician/engineer,92084
922,Male,56,56+,16,self-employed,48009
923,Male,25,19-25,7,executive/managerial,37212
924,Male,50,46-55,17,technician/engineer,98642
925,Female,35,26-35,3,clerical/admin,48073
926,Male,1,Under18,10,K-12 student,07869
927,Female,25,19-25,20,writer,91105
928,Female,56,56+,16,self-employed,98199
929,Male,25,19-25,15,scientist,53706
930,Male,25,19-25,5,customer service,98380
931,Female,56,56+,1,academic/educator,06032
932,Female,35,26-35,6,doctor/health care,97838
933,Male,45,36-45,1,academic/educator,49419
934,Female,35,26-35,7,executive/managerial,97401
935,Male,35,26-35,14,sales/marketing,60538
936,Male,18,Under18,4,college/grad student,34567
937,Male,25,19-25,15,scientist,60513
938,Female,25,19-25,1,academic/educator,01060
939,Female,25,19-25,20,writer,20110-5616
940,Male,1,Under18,10,K-12 student,76240
941,Male,18,Under18,20,writer,45387
942,Female,50,46-55,6,doctor/health care,85716
943,Female,45,36-45,12,programmer,08033
944,Male,35,26-35,0,other,91505
945,Male,45,36-45,7,executive/managerial,49345
946,Male,35,26-35,7,executive/managerial,48103-8929
947,Male,18,Under18,0,other,21015
948,Male,56,56+,12,programmer,43056
949,Male,50,46-55,17,technician/engineer,96753
950,Male,35,26-35,7,executive/managerial,21044
951,Male,45,36-45,2,artist,10009
952,Male,56,56+,16,self-employed,97478
953,Male,50,46-55,20,writer,97030
954,Female,25,19-25,0,other,21030
955,Female,50,46-55,7,executive/managerial,94941
956,Male,35,26-35,1,academic/educator,55104
957,Male,35,26-35,1,academic/educator,29706
958,Male,35,26-35,2,artist,48116
959,Male,50,46-55,11,lawyer,44622
960,Male,1,Under18,10,K-12 student,45244
961,Male,18,Under18,10,K-12 student,10016
962,Female,25,19-25,1,academic/educator,80020
963,Male,25,19-25,0,other,48197
964,Male,25,19-25,7,executive/managerial,94123
965,Male,56,56+,7,executive/managerial,10954
966,Male,56,56+,2,artist,92262
967,Female,18,Under18,0,other,43615
968,Male,50,46-55,12,programmer,94530
969,Female,25,19-25,11,lawyer,19103
970,Male,25,19-25,0,other,27615
971,Male,25,19-25,12,programmer,43615
972,Male,45,36-45,1,academic/educator,02138
973,Female,25,19-25,1,academic/educator,80026
974,Male,35,26-35,19,unemployed,94930
975,Male,35,26-35,0,other,98136
976,Male,35,26-35,14,sales/marketing,89113
977,Male,25,19-25,2,artist,80110
978,Male,18,Under18,0,other,19116
979,Male,1,Under18,10,K-12 student,48073
980,Male,25,19-25,6,doctor/health care,92014
981,Male,25,19-25,20,writer,02141
982,Female,25,19-25,9,homemaker,92064
983,Female,25,19-25,16,self-employed,99224
984,Male,50,46-55,16,self-employed,92129
985,Male,25,19-25,4,college/grad student,32608
986,Female,56,56+,0,other,19004
987,Female,35,26-35,17,technician/engineer,48098
988,Male,50,46-55,11,lawyer,48823
989,Male,50,46-55,0,other,20706
990,Male,18,Under18,6,doctor/health care,10004
991,Female,25,19-25,9,homemaker,48103
992,Female,35,26-35,3,clerical/admin,02780
993,Male,25,19-25,0,other,45678
994,Male,18,Under18,2,artist,92109
995,Female,18,Under18,4,college/grad student,96803
996,Male,25,19-25,17,technician/engineer,98102
997,Male,1,Under18,19,unemployed,15748
998,Male,45,36-45,20,writer,10019
999,Male,25,19-25,15,scientist,62558
1000,Female,25,19-25,6,doctor/health care,90027
1001,Male,25,19-25,4,college/grad student,90210
1002,Male,50,46-55,11,lawyer,07043
1003,Male,25,19-25,2,artist,19320
1004,Male,25,19-25,3,clerical/admin,95136
1005,Male,35,26-35,11,lawyer,08003
1006,Male,18,Under18,4,college/grad student,53220
1007,Male,50,46-55,12,programmer,01960
1008,Male,35,26-35,3,clerical/admin,77064
1009,Male,50,46-55,7,executive/managerial,48315
1010,Male,25,19-25,0,other,10310
1011,Male,25,19-25,8,farmer,92115
1012,Female,35,26-35,1,academic/educator,30004
1013,Male,56,56+,13,retired,02576
1014,Female,45,36-45,17,technician/engineer,03054
1015,Male,35,26-35,3,clerical/admin,11220
1016,Male,56,56+,16,self-employed,60044
1017,Male,35,26-35,0,other,30906
1018,Male,18,Under18,4,college/grad student,95616
1019,Male,35,26-35,1,academic/educator,60640
1020,Male,18,Under18,20,writer,93455
1021,Male,35,26-35,0,other,94559
1022,Male,25,19-25,3,clerical/admin,00918
1023,Male,56,56+,13,retired,92675
1024,Female,35,26-35,1,academic/educator,74135
1025,Male,25,19-25,16,self-employed,34677
1026,Female,45,36-45,0,other,19130
1027,Male,18,Under18,4,college/grad student,77005
1028,Female,45,36-45,7,executive/managerial,03848
1029,Male,25,19-25,0,other,20015
1030,Male,25,19-25,7,executive/managerial,97303
1031,Male,35,26-35,16,self-employed,19803
1032,Male,50,46-55,16,self-employed,19425
1033,Male,25,19-25,5,customer service,60076
1034,Female,35,26-35,1,academic/educator,82601
1035,Male,18,Under18,2,artist,15956
1036,Male,35,26-35,7,executive/managerial,28036
1037,Male,45,36-45,7,executive/managerial,02081
1038,Female,56,56+,15,scientist,20194
1039,Female,35,26-35,1,academic/educator,02346
1040,Male,25,19-25,11,lawyer,76309
1041,Male,45,36-45,2,artist,94306
1042,Male,35,26-35,5,customer service,92801
1043,Female,50,46-55,11,lawyer,87004
1044,Male,25,19-25,20,writer,72701
1045,Female,1,Under18,10,K-12 student,77477
1046,Male,56,56+,18,tradesman/craftsman,53404-1230
1047,Male,18,Under18,0,other,62225
1048,Male,35,26-35,6,doctor/health care,75225
1049,Male,45,36-45,14,sales/marketing,95002
1050,Male,25,19-25,1,academic/educator,97302
1051,Female,25,19-25,0,other,60513
1052,Female,35,26-35,2,artist,75214
1053,Male,35,26-35,0,other,18360
1054,Male,1,Under18,10,K-12 student,75040
1055,Male,35,26-35,0,other,91505
1056,Male,1,Under18,0,other,48133
1057,Male,45,36-45,17,technician/engineer,73069
1058,Male,25,19-25,1,academic/educator,97321
1059,Female,25,19-25,0,other,97213
1060,Male,18,Under18,10,K-12 student,11235
1061,Male,45,36-45,0,other,46060
1062,Male,50,46-55,19,unemployed,59457
1063,Male,35,26-35,7,executive/managerial,50265
1064,Male,25,19-25,7,executive/managerial,91344
1065,Female,25,19-25,0,other,94402
1066,Male,45,36-45,12,programmer,02151
1067,Male,35,26-35,12,programmer,94402
1068,Female,18,Under18,4,college/grad student,77581
1069,Male,25,19-25,20,writer,98105
1070,Female,45,36-45,2,artist,20036
1071,Male,50,46-55,16,self-employed,13045
1072,Female,35,26-35,7,executive/managerial,07601
1073,Female,25,19-25,6,doctor/health care,72211
1074,Male,45,36-45,17,technician/engineer,48073
1075,Female,25,19-25,6,doctor/health care,60660
1076,Female,25,19-25,3,clerical/admin,27606
1077,Male,25,19-25,3,clerical/admin,60660
1078,Female,45,36-45,9,homemaker,95661
1079,Male,25,19-25,7,executive/managerial,98115
1080,Male,56,56+,7,executive/managerial,08854
1081,Male,18,Under18,4,college/grad student,68144-2410
1082,Male,45,36-45,7,executive/managerial,48170
1083,Male,56,56+,0,other,27705
1084,Male,1,Under18,19,unemployed,03226
1085,Male,25,19-25,7,executive/managerial,34695
1086,Male,18,Under18,4,college/grad student,98225
1087,Male,25,19-25,16,self-employed,08826
1088,Female,1,Under18,10,K-12 student,98103
1089,Male,35,26-35,6,doctor/health care,37853
1090,Male,25,19-25,7,executive/managerial,94105
1091,Male,18,Under18,5,customer service,345567
1092,Female,18,Under18,4,college/grad student,49525
1093,Male,50,46-55,14,sales/marketing,60504
1094,Female,18,Under18,0,other,92626
1095,Female,56,56+,6,doctor/health care,08753
1096,Male,1,Under18,10,K-12 student,80439
1097,Male,18,Under18,17,technician/engineer,92109
1098,Male,35,26-35,7,executive/managerial,94945
1099,Male,25,19-25,17,technician/engineer,77059
1100,Male,25,19-25,0,other,60090
1101,Male,35,26-35,1,academic/educator,06417
1102,Male,18,Under18,1,academic/educator,55408
1103,Female,45,36-45,7,executive/managerial,60605
1104,Male,35,26-35,11,lawyer,10023
1105,Male,35,26-35,6,doctor/health care,48105
1106,Male,18,Under18,4,college/grad student,90241
1107,Female,50,46-55,1,academic/educator,02324
1108,Male,56,56+,1,academic/educator,93003
1109,Male,18,Under18,10,K-12 student,45904
1110,Female,56,56+,6,doctor/health care,77005
1111,Female,50,46-55,16,self-employed,44319
1112,Male,18,Under18,6,doctor/health care,19104
1113,Male,18,Under18,4,college/grad student,97215
1114,Female,18,Under18,9,homemaker,75801
1115,Female,25,19-25,1,academic/educator,60551
1116,Male,25,19-25,15,scientist,92121
1117,Male,18,Under18,14,sales/marketing,10017
1118,Male,50,46-55,13,retired,02718
1119,Male,35,26-35,1,academic/educator,90504
1120,Male,18,Under18,4,college/grad student,95616
1121,Male,56,56+,7,executive/managerial,78701
1122,Male,56,56+,14,sales/marketing,02632
1123,Male,50,46-55,0,other,91789
1124,Male,25,19-25,2,artist,60156
1125,Female,18,Under18,4,college/grad student,53715
1126,Male,56,56+,16,self-employed,13031
1127,Male,25,19-25,0,other,11788
1128,Male,25,19-25,1,academic/educator,72701
1129,Male,35,26-35,17,technician/engineer,22309
1130,Male,18,Under18,7,executive/managerial,60012
1131,Male,56,56+,13,retired,12570
1132,Male,18,Under18,12,programmer,98225
1133,Male,18,Under18,2,artist,90038
1134,Male,18,Under18,20,writer,19114
1135,Male,50,46-55,13,retired,98201
1136,Female,35,26-35,7,executive/managerial,90274
1137,Male,18,Under18,4,college/grad student,13165
1138,Male,18,Under18,12,programmer,12047
1139,Male,25,19-25,1,academic/educator,93420-2852
1140,Female,45,36-45,2,artist,73069
1141,Female,25,19-25,3,clerical/admin,84770
1142,Male,18,Under18,1,academic/educator,43623
1143,Male,50,46-55,7,executive/managerial,94024
1144,Male,25,19-25,7,executive/managerial,94025
1145,Male,50,46-55,3,clerical/admin,92103
1146,Female,18,Under18,16,self-employed,80260
1147,Male,25,19-25,20,writer,98101
1148,Male,35,26-35,17,technician/engineer,92618
1149,Male,25,19-25,12,programmer,98103
1150,Female,25,19-25,20,writer,75226
1151,Male,25,19-25,15,scientist,46805
1152,Male,18,Under18,4,college/grad student,30328
1153,Male,18,Under18,10,K-12 student,33024
1154,Female,1,Under18,10,K-12 student,53545
1155,Male,25,19-25,12,programmer,90278
1156,Female,50,46-55,2,artist,33334
1157,Male,45,36-45,7,executive/managerial,30253
1158,Female,35,26-35,1,academic/educator,98026
1159,Male,18,Under18,0,other,48314
1160,Male,18,Under18,14,sales/marketing,07017
1161,Male,25,19-25,0,other,10025
1162,Female,35,26-35,0,other,97213
1163,Male,1,Under18,10,K-12 student,70448
1164,Female,25,19-25,19,unemployed,90020
1165,Male,25,19-25,12,programmer,45014
1166,Male,56,56+,6,doctor/health care,94030
1167,Female,50,46-55,1,academic/educator,55126
1168,Female,25,19-25,0,other,94109
1169,Male,25,19-25,20,writer,94402
1170,Male,56,56+,3,clerical/admin,10023
1171,Male,45,36-45,12,programmer,94114
1172,Female,25,19-25,0,other,61801
1173,Female,25,19-25,7,executive/managerial,10019
1174,Female,18,Under18,16,self-employed,91780
1175,Female,25,19-25,2,artist,90020
1176,Male,56,56+,1,academic/educator,44256
1177,Female,25,19-25,17,technician/engineer,01453
1178,Male,56,56+,0,other,48186
1179,Male,50,46-55,1,academic/educator,91030
1180,Female,50,46-55,20,writer,95503
1181,Male,35,26-35,7,executive/managerial,20716
1182,Male,1,Under18,10,K-12 student,91326
1183,Male,35,26-35,19,unemployed,94598
1184,Female,25,19-25,4,college/grad student,92354
1185,Female,35,26-35,1,academic/educator,97374
1186,Male,18,Under18,19,unemployed,98502
1187,Female,1,Under18,0,other,90210
1188,Male,45,36-45,7,executive/managerial,72212
1189,Male,25,19-25,0,other,85712
1190,Male,45,36-45,0,other,98031
1191,Female,35,26-35,0,other,98117
1192,Male,50,46-55,16,self-employed,98103
1193,Male,25,19-25,12,programmer,90712
1194,Female,25,19-25,1,academic/educator,95617
1195,Female,1,Under18,10,K-12 student,13907
1196,Female,18,Under18,14,sales/marketing,22203
1197,Male,35,26-35,1,academic/educator,44077
1198,Male,1,Under18,10,K-12 student,49544
1199,Male,50,46-55,13,retired,77459
1200,Male,1,Under18,0,other,97222
1201,Male,18,Under18,4,college/grad student,84112-2004
1202,Male,35,26-35,12,programmer,97006
1203,Female,25,19-25,1,academic/educator,06417
1204,Male,25,19-25,7,executive/managerial,95076
1205,Female,56,56+,0,other,46814
1206,Female,50,46-55,7,executive/managerial,33764
1207,Male,50,46-55,0,other,43617
1208,Male,25,19-25,0,other,12590
1209,Male,35,26-35,7,executive/managerial,94127
1210,Male,25,19-25,17,technician/engineer,27519
1211,Male,18,Under18,4,college/grad student,10027
1212,Female,50,46-55,1,academic/educator,60089
1213,Male,50,46-55,0,other,91505
1214,Male,56,56+,13,retired,94558
1215,Male,35,26-35,17,technician/engineer,23602
1216,Male,25,19-25,2,artist,90292
1217,Male,25,19-25,12,programmer,94118
1218,Male,56,56+,15,scientist,13207
1219,Male,25,19-25,7,executive/managerial,12206
1220,Male,1,Under18,10,K-12 student,48073
1221,Male,18,Under18,0,other,19134
1222,Male,35,26-35,0,other,52162
1223,Male,25,19-25,2,artist,60102
1224,Male,50,46-55,13,retired,02125
1225,Male,45,36-45,7,executive/managerial,61081
1226,Male,18,Under18,20,writer,07087
1227,Male,50,46-55,1,academic/educator,90027
1228,Male,25,19-25,1,academic/educator,94720
1229,Female,25,19-25,4,college/grad student,48219
1230,Male,25,19-25,11,lawyer,95125
1231,Male,25,19-25,12,programmer,60515
1232,Female,18,Under18,4,college/grad student,43235
1233,Female,45,36-45,20,writer,94519
1234,Male,18,Under18,4,college/grad student,91006
1235,Female,25,19-25,7,executive/managerial,94043
1236,Female,25,19-25,1,academic/educator,48316
1237,Male,18,Under18,4,college/grad student,32720
1238,Female,35,26-35,20,writer,11215
1239,Female,25,19-25,20,writer,50111
1240,Female,18,Under18,14,sales/marketing,02144
1241,Male,1,Under18,10,K-12 student,11803
1242,Female,35,26-35,0,other,10014
1243,Male,35,26-35,15,scientist,92627
1244,Male,25,19-25,4,college/grad student,22030
1245,Male,25,19-25,17,technician/engineer,80461
1246,Male,18,Under18,4,college/grad student,98225
1247,Male,35,26-35,0,other,92649
1248,Female,35,26-35,20,writer,94598
1249,Male,35,26-35,2,artist,94587
1250,Male,50,46-55,0,other,10573
1251,Male,25,19-25,7,executive/managerial,48188
1252,Male,56,56+,13,retired,94134
1253,Female,35,26-35,20,writer,76205
1254,Female,18,Under18,1,academic/educator,02144
1255,Male,25,19-25,17,technician/engineer,94110
1256,Male,25,19-25,20,writer,10002
1257,Female,18,Under18,14,sales/marketing,84101
1258,Male,45,36-45,7,executive/managerial,20879
1259,Male,35,26-35,7,executive/managerial,2020010
1260,Male,25,19-25,17,technician/engineer,28262
1261,Male,18,Under18,4,college/grad student,40205
1262,Male,25,19-25,4,college/grad student,22903
1263,Male,1,Under18,10,K-12 student,81301
1264,Male,25,19-25,1,academic/educator,53711
1265,Female,18,Under18,20,writer,49321
1266,Male,25,19-25,4,college/grad student,18104
1267,Male,25,19-25,15,scientist,12203
1268,Male,50,46-55,2,artist,10028
1269,Female,56,56+,13,retired,01234
1270,Male,25,19-25,6,doctor/health care,12230
1271,Female,45,36-45,6,doctor/health care,54401
1272,Male,18,Under18,20,writer,49506
1273,Male,35,26-35,2,artist,19123
1274,Male,45,36-45,7,executive/managerial,37343
1275,Male,50,46-55,17,technician/engineer,39567
1276,Male,35,26-35,17,technician/engineer,94041
1277,Female,18,Under18,0,other,06360
1278,Male,18,Under18,4,college/grad student,98312
1279,Male,35,26-35,1,academic/educator,98502
1280,Male,1,Under18,10,K-12 student,97801
1281,Male,25,19-25,19,unemployed,97209
1282,Male,50,46-55,1,academic/educator,98541
1283,Female,18,Under18,1,academic/educator,94607
1284,Male,45,36-45,16,self-employed,33334
1285,Male,35,26-35,4,college/grad student,98125
1286,Male,35,26-35,17,technician/engineer,92630
1287,Female,50,46-55,7,executive/managerial,94611
1288,Female,35,26-35,19,unemployed,92867
1289,Male,45,36-45,6,doctor/health care,78750
1290,Male,35,26-35,0,other,91504
1291,Female,35,26-35,0,other,10011
1292,Male,25,19-25,7,executive/managerial,94904
1293,Male,25,19-25,5,customer service,60074
1294,Female,50,46-55,20,writer,11217
1295,Female,35,26-35,6,doctor/health care,90036
1296,Male,1,Under18,0,other,75244
1297,Male,25,19-25,7,executive/managerial,92109
1298,Male,35,26-35,6,doctor/health care,33615
1299,Male,25,19-25,14,sales/marketing,02038
1300,Male,1,Under18,10,K-12 student,97201
1301,Female,25,19-25,2,artist,10475
1302,Male,18,Under18,4,college/grad student,85282
1303,Male,25,19-25,19,unemployed,94111
1304,Male,25,19-25,14,sales/marketing,97203
1305,Male,45,36-45,20,writer,94121
1306,Male,25,19-25,3,clerical/admin,64068
1307,Male,56,56+,13,retired,75703
1308,Male,1,Under18,10,K-12 student,75082
1309,Male,25,19-25,14,sales/marketing,76051
1310,Male,45,36-45,0,other,92866
1311,Male,18,Under18,10,K-12 student,90274
1312,Male,25,19-25,14,sales/marketing,60153
1313,Male,18,Under18,4,college/grad student,43214
1314,Female,18,Under18,4,college/grad student,68154
1315,Male,35,26-35,7,executive/managerial,75214
1316,Male,50,46-55,2,artist,50310
1317,Male,45,36-45,7,executive/managerial,98028
1318,Male,18,Under18,16,self-employed,94014
1319,Female,25,19-25,3,clerical/admin,98626
1320,Male,25,19-25,4,college/grad student,22030
1321,Female,25,19-25,14,sales/marketing,34639
1322,Male,56,56+,0,other,94043
1323,Female,35,26-35,2,artist,11218
1324,Male,35,26-35,16,self-employed,07030
1325,Male,25,19-25,1,academic/educator,75230
1326,Female,25,19-25,0,other,98115
1327,Male,1,Under18,10,K-12 student,12159
1328,Male,35,26-35,14,sales/marketing,60657
1329,Male,18,Under18,14,sales/marketing,60194
1330,Male,56,56+,1,academic/educator,95117
1331,Male,45,36-45,0,other,12065
1332,Male,25,19-25,7,executive/managerial,02840
1333,Male,25,19-25,17,technician/engineer,06460
1334,Male,50,46-55,7,executive/managerial,10805
1335,Male,35,26-35,0,other,14228
1336,Female,50,46-55,20,writer,95051
1337,Male,56,56+,17,technician/engineer,97146
1338,Male,25,19-25,0,other,94108
1339,Male,35,26-35,18,tradesman/craftsman,85275
1340,Male,25,19-25,7,executive/managerial,14302
1341,Male,18,Under18,7,executive/managerial,11434
1342,Male,35,26-35,0,other,94560
1343,Male,35,26-35,14,sales/marketing,91324
1344,Female,25,19-25,9,homemaker,43420
1345,Female,25,19-25,2,artist,75070
1346,Male,35,26-35,20,writer,27607
1347,Female,18,Under18,1,academic/educator,11375
1348,Female,1,Under18,10,K-12 student,04240
1349,Male,50,46-55,7,executive/managerial,13088
1350,Female,35,26-35,0,other,90278
1351,Female,25,19-25,17,technician/engineer,98034
1352,Male,35,26-35,20,writer,94122
1353,Male,1,Under18,10,K-12 student,95926
1354,Female,25,19-25,2,artist,94040
1355,Female,45,36-45,20,writer,04240
1356,Female,18,Under18,4,college/grad student,91706
1357,Male,45,36-45,0,other,34116
1358,Male,35,26-35,17,technician/engineer,49508
1359,Male,35,26-35,1,academic/educator,10918
1360,Male,25,19-25,20,writer,14895
1361,Female,25,19-25,0,other,97401
1362,Male,35,26-35,12,programmer,75069
1363,Male,50,46-55,7,executive/managerial,01915
1364,Female,45,36-45,2,artist,97214
1365,Female,1,Under18,10,K-12 student,61665
1366,Male,1,Under18,10,K-12 student,89509
1367,Male,25,19-25,12,programmer,53707
1368,Female,25,19-25,3,clerical/admin,50266
1369,Male,25,19-25,5,customer service,12308
1370,Male,35,26-35,2,artist,92821
1371,Female,50,46-55,2,artist,60657
1372,Male,1,Under18,10,K-12 student,95123
1373,Female,25,19-25,1,academic/educator,55104
1374,Male,50,46-55,1,academic/educator,91403
1375,Female,45,36-45,5,customer service,95136
1376,Female,45,36-45,1,academic/educator,32750
1377,Male,35,26-35,16,self-employed,65270
1378,Female,45,36-45,7,executive/managerial,21044
1379,Female,56,56+,13,retired,93448
1380,Male,1,Under18,10,K-12 student,58078
1381,Male,18,Under18,11,lawyer,89170
1382,Female,45,36-45,1,academic/educator,92100
1383,Female,25,19-25,7,executive/managerial,19806
1384,Male,18,Under18,10,K-12 student,98058
1385,Female,25,19-25,5,customer service,90262
1386,Female,25,19-25,0,other,07026
1387,Female,50,46-55,13,retired,94702
1388,Male,56,56+,20,writer,87107
1389,Male,25,19-25,17,technician/engineer,19801
1390,Male,35,26-35,16,self-employed,99352
1391,Male,35,26-35,15,scientist,20723
1392,Male,45,36-45,3,clerical/admin,90006
1393,Male,18,Under18,4,college/grad student,06430
1394,Female,25,19-25,3,clerical/admin,94117
1395,Male,25,19-25,2,artist,07026
1396,Female,25,19-25,12,programmer,94530
1397,Male,35,26-35,7,executive/managerial,55901
1398,Female,56,56+,16,self-employed,94904
1399,Male,18,Under18,17,technician/engineer,10804
1400,Male,25,19-25,7,executive/managerial,92130
1401,Female,18,Under18,1,academic/educator,94578
1402,Male,18,Under18,4,college/grad student,90601
1403,Female,25,19-25,0,other,53713
1404,Male,50,46-55,16,self-employed,91360
1405,Male,56,56+,13,retired,33445
1406,Male,25,19-25,4,college/grad student,91911
1407,Female,35,26-35,15,scientist,53704
1408,Male,25,19-25,0,other,90046
1409,Male,18,Under18,4,college/grad student,97215
1410,Male,50,46-55,7,executive/managerial,94404
1411,Male,35,26-35,1,academic/educator,08107
1412,Male,25,19-25,17,technician/engineer,94089
1413,Male,18,Under18,3,clerical/admin,98122
1414,Male,18,Under18,4,college/grad student,85035
1415,Male,45,36-45,14,sales/marketing,22901
1416,Male,25,19-25,14,sales/marketing,98101
1417,Male,35,26-35,16,self-employed,10472
1418,Male,18,Under18,4,college/grad student,48197
1419,Female,25,19-25,1,academic/educator,95336
1420,Male,18,Under18,4,college/grad student,01375
1421,Female,1,Under18,10,K-12 student,53704
1422,Male,35,26-35,17,technician/engineer,55934
1423,Male,25,19-25,4,college/grad student,08540
1424,Male,35,26-35,0,other,28209
1425,Male,1,Under18,10,K-12 student,08872
1426,Male,18,Under18,14,sales/marketing,94070
1427,Male,25,19-25,12,programmer,21401
1428,Female,45,36-45,11,lawyer,40204
1429,Female,35,26-35,3,clerical/admin,11229
1430,Male,18,Under18,4,college/grad student,97215
1431,Male,56,56+,6,doctor/health care,91011
1432,Male,35,26-35,1,academic/educator,94549
1433,Female,18,Under18,14,sales/marketing,49505
1434,Female,1,Under18,10,K-12 student,495321
1435,Male,25,19-25,14,sales/marketing,48103
1436,Female,50,46-55,6,doctor/health care,97005
1437,Male,50,46-55,3,clerical/admin,89102
1438,Male,18,Under18,2,artist,21222
1439,Male,35,26-35,3,clerical/admin,98037
1440,Male,35,26-35,12,programmer,94520
1441,Male,35,26-35,16,self-employed,54729
1442,Male,18,Under18,2,artist,12345
1443,Male,35,26-35,2,artist,98055
1444,Female,25,19-25,4,college/grad student,91106
1445,Male,25,19-25,2,artist,98109
1446,Male,35,26-35,12,programmer,10128
1447,Male,18,Under18,4,college/grad student,80521
1448,Female,25,19-25,3,clerical/admin,17522
1449,Male,35,26-35,20,writer,17112
1450,Male,18,Under18,4,college/grad student,94704
1451,Male,35,26-35,20,writer,90012
1452,Female,56,56+,13,retired,90732
1453,Male,25,19-25,14,sales/marketing,19444
1454,Male,18,Under18,4,college/grad student,93117
1455,Female,45,36-45,0,other,92126
1456,Male,25,19-25,2,artist,98074
1457,Male,25,19-25,1,academic/educator,95472
1458,Male,1,Under18,0,other,08055
1459,Female,25,19-25,0,other,80027
1460,Female,18,Under18,4,college/grad student,95132
1461,Female,45,36-45,0,other,94115
1462,Male,35,26-35,16,self-employed,95405
1463,Male,50,46-55,16,self-employed,92612-3417
1464,Male,35,26-35,12,programmer,75063
1465,Male,50,46-55,16,self-employed,93003
1466,Male,18,Under18,4,college/grad student,29201
1467,Male,25,19-25,5,customer service,97007
1468,Male,1,Under18,14,sales/marketing,19147
1469,Male,56,56+,20,writer,95420
1470,Male,18,Under18,4,college/grad student,94118
1471,Male,25,19-25,17,technician/engineer,11106
1472,Male,25,19-25,7,executive/managerial,90248
1473,Male,25,19-25,14,sales/marketing,06511
1474,Male,25,19-25,4,college/grad student,98115
1475,Female,25,19-25,2,artist,75075
1476,Female,18,Under18,0,other,91030
1477,Female,45,36-45,1,academic/educator,90601
1478,Male,1,Under18,10,K-12 student,92620
1479,Female,50,46-55,2,artist,94501
1480,Male,25,19-25,20,writer,91367
1481,Male,35,26-35,17,technician/engineer,77096
1482,Male,25,19-25,7,executive/managerial,94132
1483,Male,18,Under18,4,college/grad student,54481
1484,Male,25,19-25,12,programmer,07054
1485,Female,25,19-25,9,homemaker,80538
1486,Male,25,19-25,16,self-employed,90638
1487,Male,35,26-35,7,executive/managerial,07644
1488,Male,25,19-25,7,executive/managerial,94538
1489,Female,35,26-35,2,artist,60201
1490,Male,50,46-55,7,executive/managerial,90505
1491,Male,18,Under18,4,college/grad student,06511
1492,Male,25,19-25,12,programmer,98102
1493,Female,25,19-25,14,sales/marketing,60657
1494,Male,25,19-25,17,technician/engineer,38104
1495,Male,18,Under18,0,other,77341
1496,Male,25,19-25,17,technician/engineer,94108
1497,Male,50,46-55,5,customer service,80220
1498,Male,18,Under18,4,college/grad student,02139
1499,Male,1,Under18,10,K-12 student,19343
1500,Male,25,19-25,17,technician/engineer,98115
1501,Male,25,19-25,11,lawyer,75801
1502,Male,18,Under18,4,college/grad student,12188
1503,Male,25,19-25,12,programmer,92688
1504,Male,18,Under18,19,unemployed,22030
1505,Male,50,46-55,11,lawyer,90041
1506,Male,25,19-25,7,executive/managerial,08550
1507,Male,35,26-35,17,technician/engineer,95476
1508,Female,1,Under18,10,K-12 student,94539
1509,Male,1,Under18,0,other,11803
1510,Female,25,19-25,1,academic/educator,48067
1511,Male,35,26-35,12,programmer,08902
1512,Male,25,19-25,20,writer,11102
1513,Female,35,26-35,16,self-employed,95003
1514,Male,18,Under18,4,college/grad student,97215
1515,Male,25,19-25,16,self-employed,48324
1516,Female,25,19-25,12,programmer,53154
1517,Male,18,Under18,0,other,10002
1518,Male,25,19-25,2,artist,95831
1519,Male,18,Under18,4,college/grad student,38120
1520,Male,25,19-25,17,technician/engineer,94506
1521,Female,25,19-25,7,executive/managerial,08902
1522,Male,35,26-35,20,writer,10025
1523,Male,25,19-25,17,technician/engineer,95209
1524,Male,18,Under18,4,college/grad student,06459
1525,Female,25,19-25,16,self-employed,94706
1526,Male,56,56+,17,technician/engineer,80538
1527,Male,18,Under18,10,K-12 student,78230
1528,Male,25,19-25,15,scientist,94903
1529,Male,18,Under18,4,college/grad student,97266
1530,Male,25,19-25,4,college/grad student,53711
1531,Male,45,36-45,17,technician/engineer,60462
1532,Male,18,Under18,14,sales/marketing,43613
1533,Male,45,36-45,1,academic/educator,71711
1534,Male,50,46-55,12,programmer,12184
1535,Female,18,Under18,20,writer,90036
1536,Female,35,26-35,3,clerical/admin,83001
1537,Male,18,Under18,20,writer,02446
1538,Male,25,19-25,3,clerical/admin,22601
1539,Male,25,19-25,3,clerical/admin,02359
1540,Male,45,36-45,0,other,97214
1541,Male,56,56+,17,technician/engineer,23464-3016
1542,Male,18,Under18,17,technician/engineer,12054
1543,Male,25,19-25,11,lawyer,10549
1544,Male,25,19-25,12,programmer,63146
1545,Male,25,19-25,20,writer,20009
1546,Male,25,19-25,4,college/grad student,22903
1547,Male,56,56+,13,retired,02115
1548,Male,35,26-35,1,academic/educator,53703
1549,Male,35,26-35,6,doctor/health care,20901
1550,Male,18,Under18,4,college/grad student,11580
1551,Male,25,19-25,11,lawyer,20008
1552,Male,45,36-45,20,writer,10021
1553,Female,25,19-25,15,scientist,64116
1554,Female,35,26-35,12,programmer,17013
1555,Female,18,Under18,0,other,20008
1556,Male,18,Under18,4,college/grad student,48073
1557,Female,18,Under18,4,college/grad student,10039
1558,Male,18,Under18,6,doctor/health care,60611
1559,Male,35,26-35,8,farmer,10014
1560,Female,25,19-25,3,clerical/admin,85226
1561,Female,18,Under18,4,college/grad student,11214
1562,Male,18,Under18,20,writer,43611
1563,Female,1,Under18,10,K-12 student,87123
1564,Male,50,46-55,1,academic/educator,01096
1565,Male,45,36-45,17,technician/engineer,78731
1566,Male,35,26-35,16,self-employed,77550
1567,Male,25,19-25,12,programmer,06511
1568,Female,1,Under18,10,K-12 student,94086
1569,Female,56,56+,13,retired,07701
1570,Male,18,Under18,17,technician/engineer,75093
1571,Male,25,19-25,20,writer,98033
1572,Female,25,19-25,3,clerical/admin,02155
1573,Male,1,Under18,0,other,77479
1574,Male,25,19-25,6,doctor/health care,81007
1575,Female,50,46-55,7,executive/managerial,94949
1576,Female,45,36-45,9,homemaker,85202
1577,Male,56,56+,0,other,72227-5733
1578,Male,18,Under18,4,college/grad student,22201
1579,Male,25,19-25,0,other,60201
1580,Female,18,Under18,4,college/grad student,76201
1581,Female,18,Under18,4,college/grad student,10003
1582,Male,18,Under18,0,other,10705
1583,Male,35,26-35,6,doctor/health care,94115
1584,Male,25,19-25,19,unemployed,45701
1585,Male,56,56+,20,writer,92315
1586,Male,45,36-45,7,executive/managerial,77351
1587,Female,25,19-25,3,clerical/admin,30308
1588,Male,25,19-25,11,lawyer,22043
1589,Male,25,19-25,0,other,95136
1590,Male,35,26-35,1,academic/educator,95003
1591,Male,50,46-55,7,executive/managerial,26501
1592,Male,35,26-35,7,executive/managerial,50111
1593,Male,25,19-25,16,self-employed,78411
1594,Female,35,26-35,20,writer,10013
1595,Male,35,26-35,1,academic/educator,92683-1892
1596,Female,18,Under18,5,customer service,48108
1597,Male,25,19-25,12,programmer,10002
1598,Male,35,26-35,13,retired,76548
1599,Male,25,19-25,0,other,92646
1600,Male,35,26-35,7,executive/managerial,08234
1601,Male,25,19-25,12,programmer,83001
1602,Female,25,19-25,7,executive/managerial,10562
1603,Female,25,19-25,0,other,13326
1604,Male,25,19-25,11,lawyer,50111
1605,Female,18,Under18,0,other,28270
1606,Female,35,26-35,3,clerical/admin,55405
1607,Male,45,36-45,1,academic/educator,02135
1608,Male,25,19-25,11,lawyer,75230
1609,Female,35,26-35,9,homemaker,06830
1610,Male,25,19-25,11,lawyer,55555
1611,Male,25,19-25,0,other,03867
1612,Male,25,19-25,17,technician/engineer,11354
1613,Male,18,Under18,20,writer,61801
1614,Male,35,26-35,0,other,90027
1615,Female,45,36-45,7,executive/managerial,10022
1616,Male,25,19-25,0,other,16101
1617,Male,25,19-25,12,programmer,44060
1618,Male,50,46-55,0,other,44139
1619,Male,50,46-55,3,clerical/admin,48843
1620,Male,25,19-25,20,writer,48009
1621,Male,25,19-25,4,college/grad student,11423
1622,Male,18,Under18,4,college/grad student,53715
1623,Male,50,46-55,15,scientist,07746
1624,Male,25,19-25,0,other,06810
1625,Male,45,36-45,0,other,04330
1626,Male,18,Under18,4,college/grad student,10010
1627,Male,18,Under18,17,technician/engineer,91505
1628,Male,18,Under18,20,writer,90028
1629,Male,18,Under18,4,college/grad student,10003
1630,Male,45,36-45,17,technician/engineer,91355
1631,Female,50,46-55,0,other,94514
1632,Male,25,19-25,16,self-employed,94120
1633,Female,45,36-45,7,executive/managerial,99701
1634,Female,56,56+,0,other,38340
1635,Male,25,19-25,0,other,97212
1636,Female,25,19-25,19,unemployed,60612
1637,Male,56,56+,0,other,90049
1638,Female,18,Under18,17,technician/engineer,95405
1639,Male,25,19-25,17,technician/engineer,95405
1640,Male,35,26-35,17,technician/engineer,95610
1641,Male,25,19-25,0,other,95819
1642,Male,50,46-55,13,retired,62002
1643,Male,45,36-45,2,artist,90813
1644,Male,18,Under18,12,programmer,90210
1645,Female,18,Under18,9,homemaker,62225
1646,Male,25,19-25,20,writer,90046
1647,Male,18,Under18,18,tradesman/craftsman,98118
1648,Male,50,46-55,14,sales/marketing,85202
1649,Male,18,Under18,19,unemployed,98034
1650,Male,25,19-25,19,unemployed,94607
1651,Male,25,19-25,12,programmer,94520
1652,Male,25,19-25,16,self-employed,98208
1653,Male,18,Under18,0,other,94044
1654,Female,45,36-45,0,other,94114
1655,Male,18,Under18,4,college/grad student,94507
1656,Male,25,19-25,17,technician/engineer,94122
1657,Female,45,36-45,0,other,10022
1658,Female,35,26-35,6,doctor/health care,94214
1659,Female,18,Under18,9,homemaker,99703
1660,Female,25,19-25,2,artist,94577
1661,Male,35,26-35,7,executive/managerial,80526
1662,Male,25,19-25,12,programmer,94121
1663,Male,18,Under18,4,college/grad student,77845
1664,Female,18,Under18,4,college/grad student,76707
1665,Male,45,36-45,17,technician/engineer,87505
1666,Male,25,19-25,14,sales/marketing,15241
1667,Male,50,46-55,16,self-employed,98516
1668,Male,35,26-35,2,artist,95602
1669,Female,25,19-25,17,technician/engineer,75006
1670,Female,56,56+,13,retired,95320
1671,Male,35,26-35,0,other,98368
1672,Male,25,19-25,17,technician/engineer,93933
1673,Male,1,Under18,10,K-12 student,98043-3621
1674,Male,35,26-35,2,artist,95816
1675,Female,25,19-25,6,doctor/health care,97116
1676,Male,18,Under18,4,college/grad student,91301
1677,Male,18,Under18,14,sales/marketing,97123
1678,Female,18,Under18,17,technician/engineer,97070
1679,Male,25,19-25,12,programmer,98052
1680,Male,25,19-25,20,writer,95380
1681,Male,18,Under18,4,college/grad student,78705
1682,Male,25,19-25,2,artist,98102
1683,Female,25,19-25,7,executive/managerial,98109
1684,Male,18,Under18,3,clerical/admin,85226
1685,Male,35,26-35,12,programmer,95833
1686,Male,35,26-35,12,programmer,94062
1687,Male,25,19-25,3,clerical/admin,85013
1688,Female,18,Under18,4,college/grad student,34243
1689,Male,35,26-35,5,customer service,98465
1690,Male,35,26-35,16,self-employed,98029
1691,Female,25,19-25,17,technician/engineer,85301
1692,Male,35,26-35,20,writer,97333
1693,Male,25,19-25,12,programmer,98684
1694,Male,25,19-25,12,programmer,98116
1695,Male,25,19-25,1,academic/educator,97206
1696,Male,35,26-35,7,executive/managerial,95765
1697,Female,18,Under18,4,college/grad student,98052
1698,Male,35,26-35,2,artist,97214
1699,Female,25,19-25,19,unemployed,98102
1700,Male,25,19-25,20,writer,98119
1701,Female,25,19-25,4,college/grad student,97233
1702,Male,18,Under18,10,K-12 student,97303
1703,Male,18,Under18,15,scientist,77047
1704,Male,25,19-25,4,college/grad student,98926
1705,Female,18,Under18,4,college/grad student,85033
1706,Male,25,19-25,20,writer,19134
1707,Male,50,46-55,1,academic/educator,95070
1708,Male,25,19-25,0,other,64106
1709,Male,25,19-25,0,other,73147
1710,Male,18,Under18,0,other,94530
1711,Female,18,Under18,4,college/grad student,30134
1712,Male,25,19-25,0,other,73003
1713,Male,25,19-25,0,other,47421
1714,Male,25,19-25,17,technician/engineer,43212
1715,Male,25,19-25,16,self-employed,53406
1716,Male,25,19-25,0,other,43229
1717,Female,50,46-55,6,doctor/health care,30307
1718,Male,18,Under18,4,college/grad student,43235
1719,Male,18,Under18,16,self-employed,60523
1720,Male,18,Under18,4,college/grad student,94720
1721,Male,18,Under18,19,unemployed,70043
1722,Male,35,26-35,0,other,72058
1723,Male,35,26-35,17,technician/engineer,60103
1724,Male,18,Under18,4,college/grad student,00961
1725,Male,18,Under18,19,unemployed,67218
1726,Male,25,19-25,2,artist,60160
1727,Male,35,26-35,16,self-employed,50317
1728,Male,18,Under18,4,college/grad student,11710-1641
1729,Male,25,19-25,7,executive/managerial,53715
1730,Female,18,Under18,4,college/grad student,60137
1731,Female,18,Under18,0,other,91601
1732,Male,18,Under18,4,college/grad student,13655
1733,Male,18,Under18,14,sales/marketing,43725
1734,Male,45,36-45,17,technician/engineer,94602
1735,Male,18,Under18,20,writer,30605
1736,Male,56,56+,8,farmer,00606
1737,Male,35,26-35,20,writer,46614
1738,Male,35,26-35,16,self-employed,30034
1739,Male,56,56+,16,self-employed,77079
1740,Male,56,56+,1,academic/educator,96153
1741,Male,35,26-35,7,executive/managerial,91107
1742,Male,25,19-25,15,scientist,08109
1743,Male,35,26-35,17,technician/engineer,77566
1744,Male,35,26-35,12,programmer,50325
1745,Male,45,36-45,0,other,94114
1746,Male,25,19-25,4,college/grad student,33157
1747,Male,25,19-25,0,other,90638
1748,Male,50,46-55,1,academic/educator,04240
1749,Male,25,19-25,2,artist,10040
1750,Male,50,46-55,5,customer service,10128
1751,Male,35,26-35,20,writer,77024
1752,Male,25,19-25,3,clerical/admin,96813
1753,Male,35,26-35,6,doctor/health care,90803
1754,Male,18,Under18,19,unemployed,27028
1755,Female,18,Under18,4,college/grad student,77005
1756,Female,25,19-25,1,academic/educator,75149
1757,Male,25,19-25,4,college/grad student,75206
1758,Female,25,19-25,0,other,33067-1400
1759,Male,25,19-25,16,self-employed,22112
1760,Female,25,19-25,3,clerical/admin,90016
1761,Male,35,26-35,0,other,72058
1762,Male,25,19-25,14,sales/marketing,75230
1763,Male,35,26-35,7,executive/managerial,76248
1764,Male,18,Under18,0,other,75149
1765,Male,18,Under18,4,college/grad student,13655
1766,Female,45,36-45,0,other,94566
1767,Male,25,19-25,20,writer,75205
1768,Male,45,36-45,16,self-employed,75067
1769,Male,25,19-25,17,technician/engineer,75240
1770,Male,35,26-35,16,self-employed,79605
1771,Male,25,19-25,17,technician/engineer,75044
1772,Male,56,56+,2,artist,90680
1773,Male,18,Under18,4,college/grad student,07030
1774,Male,25,19-25,17,technician/engineer,99003
1775,Male,25,19-25,4,college/grad student,70115
1776,Male,25,19-25,0,other,45801
1777,Male,25,19-25,20,writer,17022
1778,Male,18,Under18,4,college/grad student,94704
1779,Male,18,Under18,1,academic/educator,78133
1780,Male,35,26-35,1,academic/educator,22181
1781,Female,35,26-35,0,other,08009
1782,Male,45,36-45,0,other,23454
1783,Male,18,Under18,4,college/grad student,10027
1784,Male,18,Under18,20,writer,18104
1785,Male,18,Under18,4,college/grad student,04901
1786,Male,45,36-45,1,academic/educator,85721
1787,Male,18,Under18,8,farmer,90210
1788,Male,45,36-45,2,artist,19104
1789,Male,1,Under18,10,K-12 student,19116
1790,Male,25,19-25,0,other,19152
1791,Male,18,Under18,4,college/grad student,19146
1792,Female,25,19-25,2,artist,53523
1793,Male,25,19-25,4,college/grad student,20008
1794,Male,25,19-25,11,lawyer,20878
1795,Male,18,Under18,17,technician/engineer,20724
1796,Male,50,46-55,11,lawyer,20852
1797,Male,35,26-35,7,executive/managerial,52003
1798,Male,45,36-45,11,lawyer,22204
1799,Male,35,26-35,11,lawyer,70118
1800,Male,18,Under18,4,college/grad student,70118
1801,Female,25,19-25,6,doctor/health care,54729
1802,Male,18,Under18,4,college/grad student,22903
1803,Male,25,19-25,2,artist,50021
1804,Male,25,19-25,7,executive/managerial,22314
1805,Male,18,Under18,4,college/grad student,22401
1806,Male,18,Under18,4,college/grad student,22032
1807,Male,18,Under18,17,technician/engineer,20742
1808,Female,18,Under18,4,college/grad student,22031
1809,Female,25,19-25,14,sales/marketing,12189
1810,Male,50,46-55,13,retired,90210
1811,Male,56,56+,2,artist,08825
1812,Female,25,19-25,12,programmer,48103
1813,Female,35,26-35,6,doctor/health care,90035
1814,Male,50,46-55,7,executive/managerial,10014
1815,Male,1,Under18,1,academic/educator,30707
1816,Female,35,26-35,9,homemaker,56007
1817,Male,35,26-35,1,academic/educator,53706
1818,Male,1,Under18,8,farmer,02254
1819,Female,35,26-35,12,programmer,45249
1820,Male,25,19-25,20,writer,50265
1821,Male,25,19-25,20,writer,43315
1822,Female,25,19-25,0,other,53713
1823,Female,35,26-35,1,academic/educator,92801
1824,Female,18,Under18,4,college/grad student,43560
1825,Male,25,19-25,7,executive/managerial,50310
1826,Male,45,36-45,11,lawyer,49265
1827,Female,25,19-25,1,academic/educator,07721
1828,Male,18,Under18,4,college/grad student,07030
1829,Male,25,19-25,16,self-employed,07302
1830,Male,18,Under18,4,college/grad student,12180
1831,Male,18,Under18,4,college/grad student,53190
1832,Female,18,Under18,4,college/grad student,14433
1833,Male,18,Under18,17,technician/engineer,07030
1834,Male,35,26-35,5,customer service,10990
1835,Male,25,19-25,19,unemployed,11501
1836,Male,25,19-25,0,other,10016
1837,Male,25,19-25,2,artist,08817
1838,Male,35,26-35,7,executive/managerial,10011
1839,Male,18,Under18,4,college/grad student,07940
1840,Male,25,19-25,12,programmer,11217
1841,Male,18,Under18,0,other,95037
1842,Male,18,Under18,4,college/grad student,53190
1843,Male,25,19-25,12,programmer,10014
1844,Female,18,Under18,4,college/grad student,53711
1845,Male,25,19-25,2,artist,10002
1846,Male,45,36-45,12,programmer,95051
1847,Male,18,Under18,4,college/grad student,60047
1848,Male,35,26-35,5,customer service,10011
1849,Male,35,26-35,7,executive/managerial,11747
1850,Male,18,Under18,5,customer service,12582
1851,Male,25,19-25,19,unemployed,59602
1852,Male,25,19-25,12,programmer,10036
1853,Male,50,46-55,0,other,90803
1854,Male,25,19-25,0,other,92346
1855,Male,18,Under18,4,college/grad student,93004
1856,Male,56,56+,7,executive/managerial,92065
1857,Male,1,Under18,10,K-12 student,92106
1858,Female,18,Under18,4,college/grad student,59715
1859,Female,25,19-25,4,college/grad student,66049
1860,Male,56,56+,16,self-employed,94591
1861,Male,50,46-55,16,self-employed,92129
1862,Male,50,46-55,14,sales/marketing,95129
1863,Male,18,Under18,4,college/grad student,90048
1864,Male,35,26-35,7,executive/managerial,94306
1865,Female,18,Under18,1,academic/educator,94606
1866,Male,25,19-25,7,executive/managerial,94043
1867,Male,50,46-55,7,executive/managerial,95008
1868,Male,50,46-55,11,lawyer,92346
1869,Male,45,36-45,14,sales/marketing,95148
1870,Male,56,56+,13,retired,85248
1871,Female,45,36-45,1,academic/educator,46774
1872,Male,50,46-55,20,writer,92106
1873,Male,35,26-35,7,executive/managerial,02127
1874,Male,45,36-45,7,executive/managerial,95076
1875,Male,35,26-35,12,programmer,94107
1876,Male,25,19-25,12,programmer,92024
1877,Female,45,36-45,20,writer,90069
1878,Male,1,Under18,10,K-12 student,92846
1879,Male,25,19-25,4,college/grad student,29732
1880,Male,35,26-35,0,other,91006
1881,Male,35,26-35,2,artist,95008
1882,Male,35,26-35,16,self-employed,92352
1883,Female,50,46-55,0,other,94521
1884,Male,45,36-45,20,writer,93108
1885,Male,50,46-55,17,technician/engineer,94611
1886,Male,25,19-25,12,programmer,94086
1887,Male,56,56+,15,scientist,92119
1888,Male,35,26-35,12,programmer,95124
1889,Male,18,Under18,14,sales/marketing,80023
1890,Male,50,46-55,6,doctor/health care,94702
1891,Male,45,36-45,1,academic/educator,91335
1892,Male,25,19-25,20,writer,90066
1893,Female,35,26-35,0,other,90024
1894,Female,35,26-35,7,executive/managerial,94602
1895,Male,35,26-35,14,sales/marketing,89119
1896,Male,56,56+,13,retired,92115
1897,Female,50,46-55,2,artist,94530
1898,Male,25,19-25,12,programmer,91101
1899,Female,45,36-45,6,doctor/health care,02135
1900,Male,56,56+,12,programmer,94109
1901,Male,50,46-55,7,executive/managerial,94024
1902,Male,25,19-25,19,unemployed,93536
1903,Male,35,26-35,0,other,90401
1904,Male,18,Under18,1,academic/educator,30115
1905,Female,35,26-35,20,writer,94118
1906,Female,25,19-25,5,customer service,91311
1907,Male,35,26-35,17,technician/engineer,94804
1908,Male,56,56+,13,retired,95129
1909,Male,18,Under18,4,college/grad student,89146
1910,Male,1,Under18,10,K-12 student,94707
1911,Female,18,Under18,4,college/grad student,92805
1912,Male,25,19-25,4,college/grad student,91325
1913,Male,25,19-25,17,technician/engineer,95126
1914,Female,35,26-35,14,sales/marketing,95051
1915,Male,50,46-55,13,retired,01938
1916,Male,45,36-45,7,executive/managerial,90405
1917,Male,18,Under18,10,K-12 student,92704
1918,Female,45,36-45,6,doctor/health care,95209
1919,Male,1,Under18,0,other,94525
1920,Female,35,26-35,7,executive/managerial,80122
1921,Male,56,56+,12,programmer,92780
1922,Female,25,19-25,7,executive/managerial,94303
1923,Male,35,26-35,7,executive/managerial,90026
1924,Female,56,56+,6,doctor/health care,90630
1925,Male,50,46-55,7,executive/managerial,92886
1926,Female,1,Under18,0,other,95404
1927,Male,35,26-35,7,executive/managerial,94806
1928,Male,1,Under18,10,K-12 student,94501
1929,Female,1,Under18,10,K-12 student,91107
1930,Male,25,19-25,15,scientist,94550
1931,Male,25,19-25,2,artist,94114
1932,Male,25,19-25,7,executive/managerial,94114
1933,Male,18,Under18,19,unemployed,94703
1934,Male,25,19-25,17,technician/engineer,95014
1935,Male,1,Under18,10,K-12 student,90405
1936,Male,35,26-35,0,other,90026
1937,Male,25,19-25,11,lawyer,92335
1938,Female,25,19-25,2,artist,91351
1939,Female,35,26-35,2,artist,94930
1940,Male,25,19-25,12,programmer,95158
1941,Male,35,26-35,17,technician/engineer,94550
1942,Male,35,26-35,5,customer service,04901
1943,Male,18,Under18,4,college/grad student,91501
1944,Female,18,Under18,4,college/grad student,93107
1945,Male,25,19-25,20,writer,92866
1946,Male,25,19-25,14,sales/marketing,94110
1947,Male,25,19-25,7,executive/managerial,94041
1948,Male,1,Under18,10,K-12 student,93111
1949,Male,18,Under18,17,technician/engineer,92595
1950,Male,25,19-25,12,programmer,49024
1951,Female,18,Under18,4,college/grad student,90630
1952,Male,35,26-35,1,academic/educator,91030
1953,Female,25,19-25,2,artist,94566
1954,Male,25,19-25,16,self-employed,91402
1955,Male,1,Under18,19,unemployed,03109
1956,Male,35,26-35,0,other,44280
1957,Female,18,Under18,4,college/grad student,23185
1958,Female,25,19-25,1,academic/educator,17055
1959,Female,50,46-55,13,retired,53092
1960,Male,45,36-45,7,executive/managerial,55555
1961,Female,50,46-55,3,clerical/admin,91911
1962,Female,18,Under18,1,academic/educator,60914
1963,Female,50,46-55,9,homemaker,91941
1964,Female,25,19-25,6,doctor/health care,89523
1965,Male,56,56+,17,technician/engineer,48304
1966,Male,25,19-25,20,writer,93637
1967,Male,50,46-55,7,executive/managerial,92116
1968,Male,25,19-25,11,lawyer,85258
1969,Female,25,19-25,3,clerical/admin,92116
1970,Male,50,46-55,13,retired,89052
1971,Female,25,19-25,14,sales/marketing,80230
1972,Male,45,36-45,17,technician/engineer,92111
1973,Male,25,19-25,1,academic/educator,22903
1974,Male,35,26-35,17,technician/engineer,12159
1975,Male,18,Under18,4,college/grad student,97361
1976,Male,35,26-35,5,customer service,58703
1977,Male,56,56+,6,doctor/health care,02726
1978,Male,1,Under18,10,K-12 student,43357
1979,Male,56,56+,17,technician/engineer,49506
1980,Male,35,26-35,7,executive/managerial,06460
1981,Male,56,56+,1,academic/educator,80303
1982,Male,1,Under18,10,K-12 student,80540
1983,Male,25,19-25,14,sales/marketing,92109
1984,Male,18,Under18,10,K-12 student,92130
1985,Male,45,36-45,12,programmer,92122
1986,Male,50,46-55,13,retired,91977
1987,Male,25,19-25,17,technician/engineer,62629
1988,Female,25,19-25,1,academic/educator,85224
1989,Male,50,46-55,6,doctor/health care,02090
1990,Male,25,19-25,7,executive/managerial,85257
1991,Male,25,19-25,20,writer,48309
1992,Male,18,Under18,4,college/grad student,85259
1993,Male,35,26-35,17,technician/engineer,99508
1994,Male,35,26-35,2,artist,89012
1995,Male,25,19-25,1,academic/educator,85364
1996,Male,35,26-35,0,other,85621
1997,Male,25,19-25,0,other,84108
1998,Female,50,46-55,9,homemaker,24018
1999,Female,35,26-35,3,clerical/admin,02113
2000,Male,18,Under18,4,college/grad student,44685
2001,Male,50,46-55,1,academic/educator,48197
2002,Female,56,56+,13,retired,02136-1522
2003,Male,1,Under18,10,K-12 student,80014
2004,Male,45,36-45,19,unemployed,53572
2005,Male,18,Under18,4,college/grad student,58601
2006,Male,35,26-35,0,other,66048
2007,Male,50,46-55,16,self-employed,80442
2008,Male,25,19-25,3,clerical/admin,48220
2009,Female,35,26-35,7,executive/managerial,60625
2010,Male,18,Under18,4,college/grad student,81520
2011,Female,35,26-35,3,clerical/admin,01545
2012,Male,25,19-25,4,college/grad student,49456
2013,Male,45,36-45,0,other,60543
2014,Male,18,Under18,4,college/grad student,53233
2015,Male,18,Under18,4,college/grad student,01003
2016,Female,56,56+,2,artist,20783
2017,Male,25,19-25,17,technician/engineer,35808
2018,Male,35,26-35,16,self-employed,46214
2019,Male,50,46-55,1,academic/educator,27705
2020,Male,25,19-25,7,executive/managerial,45011
2021,Male,25,19-25,0,other,61364
2022,Male,25,19-25,7,executive/managerial,60137
2023,Male,18,Under18,4,college/grad student,56001
2024,Male,1,Under18,19,unemployed,06614
2025,Male,56,56+,13,retired,03440
2026,Male,50,46-55,16,self-employed,49277
2027,Female,25,19-25,9,homemaker,48021
2028,Male,45,36-45,6,doctor/health care,44131
2029,Female,25,19-25,12,programmer,10011
2030,Male,25,19-25,4,college/grad student,77345
2031,Male,35,26-35,20,writer,60640
2032,Male,50,46-55,14,sales/marketing,44614
2033,Female,45,36-45,20,writer,91436
2034,Female,45,36-45,2,artist,01851
2035,Female,18,Under18,0,other,45212
2036,Female,25,19-25,14,sales/marketing,90046
2037,Male,56,56+,14,sales/marketing,02468
2038,Female,45,36-45,1,academic/educator,33301
2039,Male,50,46-55,16,self-employed,60060
2040,Female,25,19-25,7,executive/managerial,02494
2041,Female,25,19-25,20,writer,24015
2042,Male,1,Under18,10,K-12 student,79358
2043,Male,25,19-25,14,sales/marketing,37931
2044,Female,45,36-45,0,other,49408
2045,Female,1,Under18,0,other,24179
2046,Male,35,26-35,1,academic/educator,91711
2047,Male,1,Under18,10,K-12 student,06437
2048,Male,50,46-55,6,doctor/health care,49456
2049,Female,50,46-55,0,other,13210
2050,Female,35,26-35,3,clerical/admin,99504
2051,Male,35,26-35,7,executive/managerial,93906
2052,Male,1,Under18,10,K-12 student,46033
2053,Male,45,36-45,11,lawyer,06416
2054,Male,25,19-25,12,programmer,03110
2055,Male,50,46-55,11,lawyer,49008
2056,Male,25,19-25,4,college/grad student,56301
2057,Male,35,26-35,1,academic/educator,49417
2058,Female,56,56+,1,academic/educator,06437
2059,Male,35,26-35,0,other,44130
2060,Male,1,Under18,1,academic/educator,48304
2061,Male,56,56+,1,academic/educator,44107
2062,Male,18,Under18,4,college/grad student,44646
2063,Male,25,19-25,4,college/grad student,43138
2064,Male,35,26-35,1,academic/educator,01020
2065,Male,25,19-25,6,doctor/health care,46807
2066,Female,25,19-25,6,doctor/health care,53202
2067,Male,50,46-55,16,self-employed,06430
2068,Female,35,26-35,12,programmer,43528
2069,Male,56,56+,15,scientist,79068
2070,Female,35,26-35,6,doctor/health care,13210
2071,Male,45,36-45,7,executive/managerial,01605
2072,Female,50,46-55,12,programmer,21133
2073,Female,18,Under18,4,college/grad student,13148
2074,Male,18,Under18,4,college/grad student,48197
2075,Female,25,19-25,4,college/grad student,13210
2076,Male,18,Under18,4,college/grad student,13165
2077,Male,18,Under18,0,other,55112
2078,Male,18,Under18,4,college/grad student,13323
2079,Male,1,Under18,10,K-12 student,45241
2080,Male,25,19-25,11,lawyer,37931
2081,Male,18,Under18,17,technician/engineer,49445
2082,Male,1,Under18,19,unemployed,48323
2083,Male,18,Under18,4,college/grad student,64920
2084,Male,18,Under18,4,college/grad student,23186
2085,Male,18,Under18,0,other,06360
2086,Male,35,26-35,14,sales/marketing,48328
2087,Male,25,19-25,0,other,37923-3112
2088,Male,50,46-55,7,executive/managerial,60618
2089,Male,35,26-35,17,technician/engineer,17601
2090,Male,35,26-35,17,technician/engineer,48313
2091,Female,35,26-35,20,writer,48044
2092,Male,56,56+,1,academic/educator,49006
2093,Male,18,Under18,0,other,48322
2094,Male,35,26-35,2,artist,60061
2095,Male,56,56+,13,retired,58504
2096,Female,25,19-25,17,technician/engineer,33990
2097,Male,18,Under18,5,customer service,48504
2098,Male,35,26-35,20,writer,48067
2099,Female,18,Under18,0,other,48823
2100,Female,25,19-25,0,other,24017
2101,Male,25,19-25,16,self-employed,48309
2102,Male,25,19-25,11,lawyer,48825
2103,Male,35,26-35,12,programmer,03062
2104,Male,45,36-45,15,scientist,60035
2105,Male,25,19-25,1,academic/educator,24060
2106,Female,18,Under18,20,writer,495321
2107,Male,25,19-25,1,academic/educator,24060
2108,Male,1,Under18,10,K-12 student,60462
2109,Male,25,19-25,16,self-employed,13090
2110,Male,50,46-55,11,lawyer,46802
2111,Male,56,56+,13,retired,32806
2112,Female,45,36-45,12,programmer,23116
2113,Male,25,19-25,6,doctor/health care,04456
2114,Male,18,Under18,18,tradesman/craftsman,21740
2115,Male,35,26-35,17,technician/engineer,01519
2116,Male,18,Under18,4,college/grad student,49546
2117,Male,56,56+,13,retired,49307
2118,Male,25,19-25,14,sales/marketing,02148
2119,Male,35,26-35,4,college/grad student,10036
2120,Male,1,Under18,0,other,02780
2121,Male,56,56+,13,retired,02356
2122,Male,35,26-35,12,programmer,61614
2123,Female,35,26-35,0,other,13064
2124,Male,25,19-25,0,other,12306
2125,Male,35,26-35,3,clerical/admin,46033
2126,Male,56,56+,14,sales/marketing,02632
2127,Male,18,Under18,4,college/grad student,12309
2128,Female,45,36-45,1,academic/educator,46737
2129,Male,25,19-25,5,customer service,04103
2130,Male,45,36-45,0,other,03060
2131,Male,25,19-25,0,other,01701
2132,Male,56,56+,14,sales/marketing,02632
2133,Female,1,Under18,10,K-12 student,01607
2134,Male,18,Under18,10,K-12 student,02780
2135,Male,50,46-55,1,academic/educator,01778
2136,Male,35,26-35,18,tradesman/craftsman,13027
2137,Female,1,Under18,10,K-12 student,00681
2138,Female,18,Under18,4,college/grad student,88119
2139,Female,50,46-55,3,clerical/admin,33615
2140,Male,45,36-45,14,sales/marketing,46804
2141,Female,50,46-55,16,self-employed,48706
2142,Female,45,36-45,14,sales/marketing,46804
2143,Male,18,Under18,4,college/grad student,32607
2144,Male,18,Under18,0,other,46517
2145,Male,18,Under18,10,K-12 student,32750
2146,Male,18,Under18,2,artist,96002
2147,Female,18,Under18,0,other,60641
2148,Female,18,Under18,0,other,81301
2149,Male,25,19-25,0,other,60089
2150,Female,18,Under18,4,college/grad student,22904
2151,Male,56,56+,13,retired,33316
2152,Male,18,Under18,4,college/grad student,22807
2153,Male,18,Under18,16,self-employed,97405
2154,Male,25,19-25,12,programmer,68508
2155,Female,1,Under18,10,K-12 student,50246
2156,Male,18,Under18,19,unemployed,55912
2157,Female,18,Under18,3,clerical/admin,45244
2158,Male,25,19-25,12,programmer,60618
2159,Female,50,46-55,14,sales/marketing,60618
2160,Female,18,Under18,19,unemployed,46556
2161,Female,35,26-35,2,artist,95521
2162,Female,1,Under18,10,K-12 student,35810
2163,Male,18,Under18,0,other,87122
2164,Male,35,26-35,0,other,95826
2165,Male,25,19-25,7,executive/managerial,32836
2166,Male,1,Under18,10,K-12 student,99203
2167,Female,25,19-25,6,doctor/health care,95833
2168,Male,1,Under18,10,K-12 student,60202
2169,Male,1,Under18,0,other,95451
2170,Female,50,46-55,16,self-employed,99114
2171,Male,35,26-35,0,other,48103
2172,Male,18,Under18,20,writer,60641
2173,Male,50,46-55,13,retired,87502
2174,Male,50,46-55,12,programmer,87505
2175,Male,25,19-25,4,college/grad student,99217
2176,Male,1,Under18,19,unemployed,73505
2177,Female,35,26-35,20,writer,95451
2178,Male,45,36-45,14,sales/marketing,85251
2179,Female,25,19-25,0,other,28304
2180,Male,25,19-25,12,programmer,27713-9225
2181,Male,25,19-25,0,other,45245
2182,Female,25,19-25,4,college/grad student,60443
2183,Female,56,56+,1,academic/educator,11795
2184,Male,18,Under18,4,college/grad student,45403
2185,Male,45,36-45,17,technician/engineer,27502
2186,Male,18,Under18,5,customer service,41018
2187,Male,45,36-45,16,self-employed,60126
2188,Female,18,Under18,19,unemployed,60641
2189,Male,1,Under18,10,K-12 student,60148
2190,Female,25,19-25,15,scientist,27603
2191,Male,18,Under18,4,college/grad student,45231
2192,Female,25,19-25,0,other,27713
2193,Male,1,Under18,10,K-12 student,41011
2194,Male,25,19-25,17,technician/engineer,45233
2195,Male,1,Under18,10,K-12 student,60148
2196,Male,25,19-25,12,programmer,45140
2197,Female,25,19-25,1,academic/educator,27515
2198,Female,35,26-35,9,homemaker,46815
2199,Male,1,Under18,10,K-12 student,60613
2200,Male,35,26-35,1,academic/educator,60016
2201,Male,56,56+,20,writer,46804
2202,Female,1,Under18,10,K-12 student,11743
2203,Male,45,36-45,12,programmer,53718
2204,Male,56,56+,3,clerical/admin,94941
2205,Female,25,19-25,7,executive/managerial,10016
2206,Male,45,36-45,7,executive/managerial,11201
2207,Male,18,Under18,4,college/grad student,07508
2208,Male,25,19-25,0,other,10006
2209,Male,35,26-35,7,executive/managerial,10011
2210,Male,45,36-45,17,technician/engineer,88005-4313
2211,Male,45,36-45,6,doctor/health care,01950
2212,Male,18,Under18,4,college/grad student,80521
2213,Female,25,19-25,0,other,60622
2214,Female,25,19-25,1,academic/educator,46807
2215,Female,25,19-25,0,other,93940
2216,Female,25,19-25,20,writer,60612
2217,Male,1,Under18,10,K-12 student,44906
2218,Male,35,26-35,17,technician/engineer,64153
2219,Male,25,19-25,6,doctor/health care,60060
2220,Female,50,46-55,3,clerical/admin,95451-9554
2221,Male,56,56+,17,technician/engineer,94931
2222,Female,45,36-45,1,academic/educator,13088
2223,Male,25,19-25,2,artist,60123
2224,Male,25,19-25,12,programmer,60025
2225,Male,25,19-25,5,customer service,96815
2226,Female,25,19-25,7,executive/managerial,27514
2227,Male,50,46-55,14,sales/marketing,60016
2228,Male,25,19-25,12,programmer,60025
2229,Male,45,36-45,0,other,61821
2230,Female,45,36-45,1,academic/educator,60302
2231,Male,50,46-55,11,lawyer,85726
2232,Male,25,19-25,14,sales/marketing,60061
2233,Female,35,26-35,3,clerical/admin,60187
2234,Male,56,56+,1,academic/educator,85718
2235,Male,1,Under18,10,K-12 student,46324
2236,Male,1,Under18,10,K-12 student,96782
2237,Female,35,26-35,6,doctor/health care,14905
2238,Female,25,19-25,4,college/grad student,32607
2239,Male,18,Under18,10,K-12 student,60148
2240,Male,45,36-45,12,programmer,64117
2241,Male,45,36-45,5,customer service,60647
2242,Male,18,Under18,4,college/grad student,60115
2243,Male,45,36-45,2,artist,86701
2244,Male,1,Under18,10,K-12 student,60565
2245,Male,1,Under18,10,K-12 student,60007
2246,Male,25,19-25,0,other,60622
2247,Male,45,36-45,2,artist,60613
2248,Female,35,26-35,12,programmer,46755
2249,Male,25,19-25,5,customer service,60466
2250,Male,18,Under18,19,unemployed,60010
2251,Male,35,26-35,14,sales/marketing,60626
2252,Female,18,Under18,1,academic/educator,01562
2253,Female,50,46-55,0,other,46815
2254,Male,35,26-35,5,customer service,33317
2255,Female,35,26-35,6,doctor/health care,44303
2256,Female,45,36-45,15,scientist,59840
2257,Female,18,Under18,4,college/grad student,59715
2258,Female,18,Under18,4,college/grad student,10033
2259,Female,56,56+,16,self-employed,70503
2260,Female,25,19-25,20,writer,46835
2261,Male,25,19-25,5,customer service,33025
2262,Male,45,36-45,17,technician/engineer,48116
2263,Male,25,19-25,6,doctor/health care,70508
2264,Female,45,36-45,7,executive/managerial,37877
2265,Male,56,56+,13,retired,60506
2266,Female,50,46-55,2,artist,48118
2267,Female,56,56+,13,retired,37774
2268,Female,35,26-35,1,academic/educator,46774
2269,Female,45,36-45,0,other,11217
2270,Male,18,Under18,1,academic/educator,14620
2271,Male,50,46-55,14,sales/marketing,13210
2272,Male,25,19-25,0,other,71731
2273,Male,25,19-25,6,doctor/health care,23235
2274,Male,18,Under18,2,artist,31401
2275,Male,56,56+,7,executive/managerial,39211
2276,Male,56,56+,13,retired,44143
2277,Female,45,36-45,9,homemaker,13035
2278,Male,50,46-55,17,technician/engineer,01536
2279,Male,50,46-55,7,executive/managerial,08816
2280,Male,56,56+,6,doctor/health care,74105
2281,Male,45,36-45,11,lawyer,48104
2282,Male,50,46-55,2,artist,32117
2283,Male,35,26-35,18,tradesman/craftsman,44708
2284,Male,25,19-25,20,writer,90024
2285,Female,1,Under18,10,K-12 student,13090
2286,Male,35,26-35,17,technician/engineer,82604
2287,Male,56,56+,0,other,06082
2288,Male,1,Under18,10,K-12 student,13066
2289,Female,50,46-55,1,academic/educator,52002
2290,Male,25,19-25,0,other,61021
2291,Male,45,36-45,1,academic/educator,13214
2292,Male,50,46-55,15,scientist,13039
2293,Female,56,56+,3,clerical/admin,48130
2294,Male,56,56+,13,retired,48108
2295,Male,45,36-45,11,lawyer,72316
2296,Female,25,19-25,6,doctor/health care,22923
2297,Male,56,56+,13,retired,52003
2298,Male,35,26-35,17,technician/engineer,77584
2299,Female,18,Under18,10,K-12 student,13090
2300,Male,56,56+,13,retired,49423
2301,Female,25,19-25,12,programmer,02478
2302,Male,50,46-55,12,programmer,48104
2303,Male,50,46-55,17,technician/engineer,08055
2304,Male,45,36-45,12,programmer,94103
2305,Male,50,46-55,20,writer,48104
2306,Female,18,Under18,4,college/grad student,02138
2307,Male,25,19-25,17,technician/engineer,02140
2308,Female,45,36-45,16,self-employed,48103
2309,Female,45,36-45,0,other,08901
2310,Male,45,36-45,12,programmer,48130
2311,Female,25,19-25,4,college/grad student,22902
2312,Male,45,36-45,0,other,13131
2313,Female,50,46-55,6,doctor/health care,48103-4711
2314,Female,25,19-25,1,academic/educator,13210
2315,Male,56,56+,7,executive/managerial,48114
2316,Male,35,26-35,0,other,13207
2317,Female,45,36-45,9,homemaker,57108
2318,Male,56,56+,7,executive/managerial,48114
2319,Male,35,26-35,7,executive/managerial,48104
2320,Female,50,46-55,1,academic/educator,06043
2321,Male,25,19-25,7,executive/managerial,30115
2322,Female,56,56+,13,retired,48105
2323,Male,35,26-35,3,clerical/admin,13088
2324,Male,35,26-35,17,technician/engineer,50321
2325,Female,18,Under18,4,college/grad student,27708
2326,Male,18,Under18,4,college/grad student,01040
2327,Male,18,Under18,10,K-12 student,48169
2328,Male,56,56+,7,executive/managerial,13212
2329,Female,56,56+,15,scientist,97367
2330,Male,45,36-45,7,executive/managerial,48103
2331,Male,56,56+,1,academic/educator,48104
2332,Male,56,56+,14,sales/marketing,01545
2333,Male,50,46-55,6,doctor/health care,13035
2334,Female,56,56+,7,executive/managerial,01562
2335,Male,50,46-55,17,technician/engineer,48197
2336,Male,35,26-35,18,tradesman/craftsman,13146
2337,Male,35,26-35,17,technician/engineer,49424
2338,Male,45,36-45,17,technician/engineer,13152
2339,Female,56,56+,3,clerical/admin,52003
2340,Male,35,26-35,2,artist,48104
2341,Male,56,56+,1,academic/educator,13210
2342,Male,35,26-35,3,clerical/admin,48107
2343,Female,45,36-45,1,academic/educator,01604
2344,Male,25,19-25,12,programmer,02139
2345,Male,35,26-35,16,self-employed,98031
2346,Female,1,Under18,10,K-12 student,48105
2347,Male,35,26-35,1,academic/educator,48116
2348,Male,50,46-55,12,programmer,06082
2349,Male,25,19-25,8,farmer,50309
2350,Male,18,Under18,4,college/grad student,44312
2351,Female,25,19-25,0,other,11106
2352,Male,50,46-55,13,retired,41076
2353,Female,35,26-35,9,homemaker,61270
2354,Male,35,26-35,11,lawyer,94306
2355,Female,45,36-45,9,homemaker,13203
2356,Female,50,46-55,16,self-employed,13207
2357,Female,35,26-35,14,sales/marketing,13316
2358,Female,56,56+,6,doctor/health care,06074
2359,Male,56,56+,13,retired,13685
2360,Male,50,46-55,6,doctor/health care,13210
2361,Male,56,56+,7,executive/managerial,49423
2362,Male,25,19-25,14,sales/marketing,94110
2363,Male,50,46-55,14,sales/marketing,95823
2364,Female,56,56+,9,homemaker,13078
2365,Male,50,46-55,7,executive/managerial,13203
2366,Female,45,36-45,16,self-employed,01532
2367,Female,25,19-25,9,homemaker,49424
2368,Female,56,56+,13,retired,13057
2369,Male,35,26-35,14,sales/marketing,06040
2370,Male,50,46-55,1,academic/educator,13215
2371,Female,35,26-35,7,executive/managerial,06082
2372,Female,45,36-45,7,executive/managerial,01602
2373,Male,45,36-45,7,executive/managerial,94109
2374,Male,25,19-25,14,sales/marketing,94404
2375,Female,50,46-55,7,executive/managerial,13027
2376,Male,25,19-25,1,academic/educator,13210
2377,Male,35,26-35,0,other,06108
2378,Male,25,19-25,3,clerical/admin,75150
2379,Male,18,Under18,18,tradesman/craftsman,13045
2380,Male,25,19-25,4,college/grad student,22903
2381,Female,35,26-35,9,homemaker,13066
2382,Male,50,46-55,13,retired,59715
2383,Female,25,19-25,14,sales/marketing,95125
2384,Male,35,26-35,17,technician/engineer,62034
2385,Female,45,36-45,2,artist,01545
2386,Female,25,19-25,0,other,06040
2387,Male,25,19-25,17,technician/engineer,32224
2388,Male,56,56+,5,customer service,06082
2389,Male,25,19-25,16,self-employed,37922
2390,Female,25,19-25,6,doctor/health care,33076
2391,Male,50,46-55,18,tradesman/craftsman,13126
2392,Female,56,56+,3,clerical/admin,06040
2393,Male,56,56+,13,retired,13123
2394,Male,35,26-35,6,doctor/health care,37923
2395,Male,35,26-35,7,executive/managerial,08021
2396,Female,18,Under18,0,other,22102
2397,Female,35,26-35,11,lawyer,43201
2398,Male,25,19-25,0,other,98122
2399,Male,35,26-35,17,technician/engineer,11355
2400,Female,25,19-25,16,self-employed,95687
2401,Male,25,19-25,4,college/grad student,22901
2402,Male,45,36-45,17,technician/engineer,32024
2403,Male,18,Under18,4,college/grad student,37743
2404,Male,18,Under18,7,executive/managerial,64055
2405,Male,50,46-55,8,farmer,78065
2406,Female,56,56+,12,programmer,01520
2407,Male,35,26-35,16,self-employed,11358
2408,Female,45,36-45,1,academic/educator,01609
2409,Female,35,26-35,9,homemaker,06074
2410,Male,56,56+,7,executive/managerial,06071
2411,Female,35,26-35,14,sales/marketing,01536
2412,Male,56,56+,13,retired,01501
2413,Female,56,56+,7,executive/managerial,06118
2414,Male,25,19-25,1,academic/educator,49503
2415,Male,25,19-25,7,executive/managerial,22407
2416,Male,45,36-45,7,executive/managerial,01531
2417,Male,45,36-45,1,academic/educator,53045
2418,Female,1,Under18,10,K-12 student,06074
2419,Male,25,19-25,0,other,06096
2420,Male,50,46-55,7,executive/managerial,37938
2421,Male,35,26-35,7,executive/managerial,44306
2422,Female,50,46-55,9,homemaker,02865
2423,Female,45,36-45,9,homemaker,01520
2424,Male,25,19-25,17,technician/engineer,95035
2425,Female,35,26-35,14,sales/marketing,45243
2426,Male,56,56+,0,other,01606
2427,Female,25,19-25,14,sales/marketing,94010
2428,Male,45,36-45,17,technician/engineer,45255
2429,Male,25,19-25,2,artist,22903
2430,Male,25,19-25,4,college/grad student,22902
2431,Female,25,19-25,4,college/grad student,22903
2432,Male,25,19-25,4,college/grad student,22903
2433,Male,25,19-25,4,college/grad student,22903
2434,Male,25,19-25,4,college/grad student,22901
2435,Male,25,19-25,4,college/grad student,22903
2436,Male,25,19-25,7,executive/managerial,22902
2437,Male,25,19-25,4,college/grad student,22923
2438,Male,35,26-35,1,academic/educator,22903
2439,Male,45,36-45,17,technician/engineer,48105
2440,Male,50,46-55,17,technician/engineer,01430
2441,Female,45,36-45,6,doctor/health care,42406
2442,Male,35,26-35,17,technician/engineer,36830
2443,Female,35,26-35,0,other,49464
2444,Female,45,36-45,4,college/grad student,42420
2445,Male,25,19-25,0,other,48104
2446,Male,18,Under18,7,executive/managerial,10038
2447,Male,25,19-25,14,sales/marketing,03051
2448,Male,35,26-35,6,doctor/health care,37932
2449,Male,56,56+,13,retired,37922
2450,Male,45,36-45,16,self-employed,01612
2451,Male,45,36-45,12,programmer,37853
2452,Male,45,36-45,7,executive/managerial,01545
2453,Male,25,19-25,7,executive/managerial,55429
2454,Male,18,Under18,0,other,97005
2455,Male,35,26-35,7,executive/managerial,48197
2456,Male,25,19-25,5,customer service,48103
2457,Male,25,19-25,0,other,60656
2458,Male,25,19-25,7,executive/managerial,85040
2459,Male,50,46-55,7,executive/managerial,44313
2460,Female,50,46-55,1,academic/educator,36067
2461,Male,18,Under18,4,college/grad student,98117
2462,Male,35,26-35,1,academic/educator,44303
2463,Male,25,19-25,7,executive/managerial,33916
2464,Female,18,Under18,4,college/grad student,44106
2465,Male,50,46-55,6,doctor/health care,44333
2466,Male,25,19-25,15,scientist,94303
2467,Male,1,Under18,10,K-12 student,44224
2468,Male,50,46-55,1,academic/educator,44240
2469,Male,25,19-25,4,college/grad student,90048
2470,Male,35,26-35,18,tradesman/craftsman,52001
2471,Male,50,46-55,13,retired,98683
2472,Male,25,19-25,18,tradesman/craftsman,37922
2473,Male,25,19-25,12,programmer,98105
2474,Male,25,19-25,12,programmer,83815
2475,Female,25,19-25,18,tradesman/craftsman,98115
2476,Male,50,46-55,12,programmer,78703
2477,Male,45,36-45,0,other,42420
2478,Male,50,46-55,1,academic/educator,37922
2479,Female,25,19-25,1,academic/educator,23454
2480,Female,18,Under18,20,writer,94410
2481,Male,35,26-35,14,sales/marketing,03054
2482,Female,50,46-55,3,clerical/admin,37772
2483,Male,56,56+,13,retired,90503
2484,Male,45,36-45,5,customer service,31901
2485,Male,35,26-35,14,sales/marketing,95746
2486,Male,18,Under18,12,programmer,98105
2487,Male,45,36-45,7,executive/managerial,55438
2488,Female,45,36-45,2,artist,31804
2489,Female,35,26-35,9,homemaker,37843
2490,Male,25,19-25,12,programmer,94703
2491,Male,35,26-35,7,executive/managerial,22904
2492,Female,45,36-45,2,artist,37924
2493,Male,45,36-45,2,artist,90631
2494,Male,18,Under18,4,college/grad student,52003
2495,Female,18,Under18,4,college/grad student,56401
2496,Male,50,46-55,1,academic/educator,37932
2497,Female,50,46-55,14,sales/marketing,37922
2498,Male,56,56+,18,tradesman/craftsman,70817
2499,Male,50,46-55,0,other,36109
2500,Male,56,56+,1,academic/educator,29672
2501,Male,25,19-25,15,scientist,37923
2502,Male,56,56+,13,retired,49423
2503,Male,35,26-35,17,technician/engineer,19360
2504,Male,25,19-25,7,executive/managerial,98115
2505,Male,25,19-25,7,executive/managerial,55405
2506,Female,25,19-25,14,sales/marketing,98225
2507,Male,25,19-25,4,college/grad student,94107
2508,Female,35,26-35,3,clerical/admin,77429
2509,Male,25,19-25,5,customer service,36109
2510,Male,25,19-25,7,executive/managerial,37930
2511,Male,25,19-25,7,executive/managerial,15209
2512,Female,45,36-45,14,sales/marketing,36109
2513,Male,56,56+,1,academic/educator,37922
2514,Male,56,56+,14,sales/marketing,37922
2515,Male,45,36-45,12,programmer,37914
2516,Female,45,36-45,6,doctor/health care,37909
2517,Female,35,26-35,9,homemaker,53806
2518,Male,25,19-25,7,executive/managerial,11793
2519,Female,45,36-45,2,artist,14850
2520,Female,56,56+,2,artist,95448
2521,Male,35,26-35,17,technician/engineer,49424
2522,Male,18,Under18,11,lawyer,60614
2523,Male,25,19-25,17,technician/engineer,49423
2524,Female,56,56+,9,homemaker,38558
2525,Female,35,26-35,1,academic/educator,37922
2526,Male,56,56+,13,retired,37923
2527,Male,35,26-35,15,scientist,36109
2528,Male,56,56+,0,other,37922
2529,Female,35,26-35,9,homemaker,95903
2530,Male,18,Under18,0,other,42420
2531,Female,45,36-45,7,executive/managerial,52003
2532,Female,56,56+,13,retired,37917
2533,Female,25,19-25,3,clerical/admin,49423
2534,Female,50,46-55,6,doctor/health care,37922
2535,Female,56,56+,2,artist,03431
2536,Male,56,56+,13,retired,37830
2537,Male,35,26-35,11,lawyer,37620
2538,Male,56,56+,13,retired,37923
2539,Male,35,26-35,7,executive/managerial,32444
2540,Female,45,36-45,6,doctor/health care,42420
2541,Female,35,26-35,5,customer service,49424
2542,Female,45,36-45,13,retired,37922
2543,Female,35,26-35,0,other,42420
2544,Male,45,36-45,1,academic/educator,52001
2545,Male,56,56+,13,retired,37830
2546,Female,56,56+,13,retired,37931
2547,Female,35,26-35,0,other,37920
2548,Female,35,26-35,6,doctor/health care,37919
2549,Male,56,56+,13,retired,37938
2550,Male,50,46-55,7,executive/managerial,37931
2551,Male,25,19-25,12,programmer,98133
2552,Female,25,19-25,9,homemaker,29369
2553,Male,25,19-25,7,executive/managerial,29369
2554,Male,25,19-25,1,academic/educator,97405
2555,Male,56,56+,7,executive/managerial,10522
2556,Male,25,19-25,4,college/grad student,02430
2557,Female,18,Under18,19,unemployed,02452
2558,Male,56,56+,17,technician/engineer,53061
2559,Male,18,Under18,10,K-12 student,53207
2560,Female,45,36-45,6,doctor/health care,84318
2561,Male,25,19-25,15,scientist,06460
2562,Male,18,Under18,0,other,98021
2563,Male,45,36-45,13,retired,53132
2564,Female,35,26-35,20,writer,43230
2565,Male,35,26-35,5,customer service,34786
2566,Male,35,26-35,17,technician/engineer,94022
2567,Male,25,19-25,0,other,06451
2568,Male,25,19-25,17,technician/engineer,31311
2569,Male,45,36-45,0,other,45248
2570,Female,56,56+,14,sales/marketing,95005
2571,Male,35,26-35,17,technician/engineer,20151
2572,Male,35,26-35,14,sales/marketing,75005
2573,Male,45,36-45,16,self-employed,94536
2574,Male,50,46-55,6,doctor/health care,06511
2575,Male,35,26-35,7,executive/managerial,76248
2576,Male,18,Under18,17,technician/engineer,97030
2577,Male,25,19-25,7,executive/managerial,77099
2578,Male,50,46-55,7,executive/managerial,94107
2579,Male,35,26-35,15,scientist,91411
2580,Female,45,36-45,1,academic/educator,12538
2581,Male,25,19-25,11,lawyer,60611
2582,Female,25,19-25,1,academic/educator,97201
2583,Male,35,26-35,7,executive/managerial,19610
2584,Female,56,56+,1,academic/educator,94563
2585,Male,45,36-45,15,scientist,64081-8102
2586,Male,25,19-25,20,writer,46802
2587,Male,35,26-35,7,executive/managerial,55124
2588,Female,56,56+,13,retired,78737
2589,Male,25,19-25,0,other,19004
2590,Male,18,Under18,4,college/grad student,94044
2591,Male,18,Under18,1,academic/educator,50310
2592,Male,50,46-55,7,executive/managerial,80004-4448
2593,Male,56,56+,16,self-employed,95816
2594,Male,35,26-35,7,executive/managerial,31047
2595,Male,18,Under18,4,college/grad student,15213
2596,Male,50,46-55,7,executive/managerial,48152
2597,Female,50,46-55,0,other,95616
2598,Male,25,19-25,17,technician/engineer,20866
2599,Male,25,19-25,12,programmer,53154
2600,Male,25,19-25,14,sales/marketing,19312
2601,Male,35,26-35,16,self-employed,27613
2602,Male,45,36-45,12,programmer,92104
2603,Male,25,19-25,17,technician/engineer,19126
2604,Male,25,19-25,0,other,45459
2605,Male,35,26-35,7,executive/managerial,75013
2606,Male,50,46-55,7,executive/managerial,34285
2607,Female,56,56+,0,other,48178
2608,Female,25,19-25,1,academic/educator,10025
2609,Female,50,46-55,12,programmer,55391
2610,Male,45,36-45,7,executive/managerial,48322
2611,Male,25,19-25,3,clerical/admin,07719
2612,Female,45,36-45,3,clerical/admin,94560
2613,Male,35,26-35,1,academic/educator,92120
2614,Male,25,19-25,7,executive/managerial,15205
2615,Male,25,19-25,7,executive/managerial,21029
2616,Male,35,26-35,7,executive/managerial,02657
2617,Female,45,36-45,15,scientist,60081
2618,Female,18,Under18,4,college/grad student,53538
2619,Male,35,26-35,12,programmer,95677
2620,Male,18,Under18,4,college/grad student,47306
2621,Male,18,Under18,0,other,46304
2622,Female,35,26-35,6,doctor/health care,27516
2623,Male,56,56+,1,academic/educator,30345
2624,Female,35,26-35,0,other,44313
2625,Male,35,26-35,7,executive/managerial,61910
2626,Male,56,56+,1,academic/educator,04056
2627,Male,25,19-25,1,academic/educator,06877
2628,Female,25,19-25,2,artist,11217
2629,Male,25,19-25,11,lawyer,15237
2630,Female,18,Under18,5,customer service,78704
2631,Female,50,46-55,1,academic/educator,14850
2632,Male,56,56+,0,other,43528
2633,Female,35,26-35,9,homemaker,07728
2634,Male,56,56+,1,academic/educator,15701
2635,Male,35,26-35,0,other,06403
2636,Male,18,Under18,12,programmer,78750
2637,Female,35,26-35,20,writer,44303
2638,Male,25,19-25,14,sales/marketing,06405
2639,Female,25,19-25,6,doctor/health care,80236
2640,Male,35,26-35,12,programmer,78230
2641,Male,25,19-25,6,doctor/health care,19428
2642,Male,25,19-25,0,other,33073
2643,Male,45,36-45,17,technician/engineer,99005
2644,Male,18,Under18,15,scientist,45215
2645,Male,25,19-25,7,executive/managerial,60657
2646,Male,45,36-45,17,technician/engineer,18049
2647,Female,35,26-35,11,lawyer,15116
2648,Male,25,19-25,17,technician/engineer,27707
2649,Male,25,19-25,16,self-employed,80126
2650,Male,45,36-45,7,executive/managerial,75080
2651,Male,56,56+,14,sales/marketing,11779
2652,Male,35,26-35,20,writer,84010
2653,Male,25,19-25,7,executive/managerial,94109
2654,Female,35,26-35,9,homemaker,48336
2655,Male,35,26-35,7,executive/managerial,66224
2656,Male,56,56+,13,retired,32837
2657,Female,1,Under18,10,K-12 student,47403
2658,Male,25,19-25,7,executive/managerial,60115
2659,Male,35,26-35,14,sales/marketing,01060
2660,Male,56,56+,17,technician/engineer,28704
2661,Male,56,56+,13,retired,19312
2662,Male,25,19-25,17,technician/engineer,02021
2663,Female,25,19-25,4,college/grad student,02215
2664,Male,35,26-35,7,executive/managerial,52402
2665,Male,35,26-35,11,lawyer,98443
2666,Male,45,36-45,16,self-employed,63128
2667,Female,35,26-35,6,doctor/health care,08043
2668,Female,25,19-25,4,college/grad student,94110
2669,Male,45,36-45,0,other,24541
2670,Male,35,26-35,6,doctor/health care,94598
2671,Female,35,26-35,12,programmer,54220
2672,Male,35,26-35,7,executive/managerial,04096
2673,Male,35,26-35,7,executive/managerial,77040
2674,Male,25,19-25,4,college/grad student,94110
2675,Male,35,26-35,18,tradesman/craftsman,98664
2676,Male,56,56+,20,writer,78731
2677,Female,35,26-35,7,executive/managerial,66204
2678,Male,25,19-25,6,doctor/health care,49707
2679,Female,18,Under18,4,college/grad student,02143
2680,Male,25,19-25,12,programmer,01864
2681,Female,25,19-25,4,college/grad student,48823
2682,Male,18,Under18,4,college/grad student,43210
2683,Male,35,26-35,7,executive/managerial,60188
2684,Female,18,Under18,0,other,19143
2685,Male,45,36-45,7,executive/managerial,02116
2686,Male,25,19-25,0,other,85283
2687,Male,1,Under18,10,K-12 student,08805
2688,Male,25,19-25,17,technician/engineer,54915
2689,Male,25,19-25,12,programmer,27511
2690,Male,25,19-25,7,executive/managerial,24210
2691,Male,18,Under18,4,college/grad student,06459
2692,Female,18,Under18,4,college/grad student,14620
2693,Male,56,56+,13,retired,72949
2694,Male,18,Under18,4,college/grad student,90024
2695,Male,35,26-35,11,lawyer,46033
2696,Male,25,19-25,7,executive/managerial,24210
2697,Female,50,46-55,17,technician/engineer,87031
2698,Female,25,19-25,2,artist,10028
2699,Female,56,56+,13,retired,74128
2700,Male,25,19-25,7,executive/managerial,30117
2701,Male,45,36-45,1,academic/educator,60115
2702,Male,45,36-45,6,doctor/health care,65201
2703,Male,35,26-35,11,lawyer,52803
2704,Male,56,56+,13,retired,72764
2705,Male,25,19-25,1,academic/educator,27713
2706,Female,25,19-25,1,academic/educator,27713
2707,Male,56,56+,13,retired,24060
2708,Male,25,19-25,7,executive/managerial,44115
2709,Female,25,19-25,0,other,60660
2710,Male,35,26-35,17,technician/engineer,94303
2711,Female,25,19-25,4,college/grad student,01075
2712,Female,18,Under18,19,unemployed,33953
2713,Male,25,19-25,7,executive/managerial,96811
2714,Male,18,Under18,4,college/grad student,96815
2715,Female,50,46-55,4,college/grad student,96822
2716,Female,50,46-55,4,college/grad student,96825
2717,Male,25,19-25,4,college/grad student,96826
2718,Female,25,19-25,4,college/grad student,96817
2719,Male,25,19-25,12,programmer,98100
2720,Male,35,26-35,0,other,20795
2721,Male,45,36-45,14,sales/marketing,19382
2722,Male,35,26-35,7,executive/managerial,22043
2723,Female,25,19-25,9,homemaker,28147
2724,Female,45,36-45,2,artist,27514
2725,Male,35,26-35,7,executive/managerial,30071
2726,Male,45,36-45,11,lawyer,02155
2727,Male,25,19-25,11,lawyer,60603
2728,Male,35,26-35,12,programmer,27614
2729,Male,50,46-55,7,executive/managerial,17402
2730,Male,35,26-35,11,lawyer,48640
2731,Male,35,26-35,7,executive/managerial,11050
2732,Male,45,36-45,17,technician/engineer,92805
2733,Male,45,36-45,17,technician/engineer,94002
2734,Female,18,Under18,4,college/grad student,02912
2735,Male,25,19-25,7,executive/managerial,22903
2736,Male,45,36-45,12,programmer,80303
2737,Male,25,19-25,3,clerical/admin,50311
2738,Female,50,46-55,2,artist,22181
2739,Female,35,26-35,7,executive/managerial,92316
2740,Male,45,36-45,17,technician/engineer,22181
2741,Male,25,19-25,14,sales/marketing,60614
2742,Male,25,19-25,17,technician/engineer,36092
2743,Male,25,19-25,14,sales/marketing,72601
2744,Male,18,Under18,17,technician/engineer,53818
2745,Female,35,26-35,1,academic/educator,30345
2746,Male,50,46-55,14,sales/marketing,50265-2850
2747,Female,18,Under18,4,college/grad student,90025
2748,Male,25,19-25,4,college/grad student,85719
2749,Male,25,19-25,12,programmer,10025
2750,Female,25,19-25,15,scientist,91360
2751,Female,25,19-25,16,self-employed,28120
2752,Male,25,19-25,15,scientist,77006
2753,Female,50,46-55,20,writer,27516
2754,Male,50,46-55,12,programmer,60148
2755,Male,35,26-35,7,executive/managerial,29631
2756,Male,18,Under18,4,college/grad student,97331
2757,Male,25,19-25,2,artist,10023
2758,Male,56,56+,8,farmer,12436
2759,Male,25,19-25,7,executive/managerial,36102
2760,Male,56,56+,0,other,01886
2761,Male,35,26-35,6,doctor/health care,80917
2762,Male,50,46-55,16,self-employed,63131
2763,Female,18,Under18,4,college/grad student,48104
2764,Male,25,19-25,7,executive/managerial,91403
2765,Male,50,46-55,7,executive/managerial,02420
2766,Male,45,36-45,7,executive/managerial,55016
2767,Male,25,19-25,0,other,99163
2768,Male,25,19-25,17,technician/engineer,90210
2769,Male,25,19-25,7,executive/managerial,20170
2770,Male,35,26-35,1,academic/educator,14260
2771,Male,18,Under18,1,academic/educator,92037
2772,Male,35,26-35,17,technician/engineer,10025
2773,Male,35,26-35,2,artist,78766
2774,Male,25,19-25,1,academic/educator,92103
2775,Female,18,Under18,4,college/grad student,90038
2776,Male,25,19-25,14,sales/marketing,22205
2777,Male,18,Under18,4,college/grad student,95326
2778,Male,56,56+,13,retired,94025
2779,Male,35,26-35,7,executive/managerial,10040
2780,Male,25,19-25,17,technician/engineer,94133
2781,Male,35,26-35,4,college/grad student,45205
2782,Female,18,Under18,4,college/grad student,48858
2783,Male,45,36-45,17,technician/engineer,78750
2784,Male,50,46-55,20,writer,20007
2785,Male,56,56+,13,retired,29928
2786,Male,25,19-25,4,college/grad student,60201
2787,Male,25,19-25,4,college/grad student,60614
2788,Male,56,56+,1,academic/educator,90049
2789,Male,18,Under18,4,college/grad student,90025
2790,Male,25,19-25,20,writer,85013
2791,Male,56,56+,7,executive/managerial,10023
2792,Male,18,Under18,4,college/grad student,02452
2793,Male,35,26-35,7,executive/managerial,70116
2794,Male,25,19-25,2,artist,20036
2795,Male,50,46-55,13,retired,33710
2796,Male,25,19-25,14,sales/marketing,92104
2797,Female,25,19-25,7,executive/managerial,94043
2798,Male,35,26-35,20,writer,10038
2799,Male,18,Under18,0,other,55404
2800,Female,18,Under18,4,college/grad student,73070
2801,Female,25,19-25,3,clerical/admin,12866
2802,Male,35,26-35,20,writer,10036
2803,Male,25,19-25,7,executive/managerial,94022
2804,Female,35,26-35,0,other,46234
2805,Male,56,56+,19,unemployed,06040
2806,Male,1,Under18,10,K-12 student,15208
2807,Female,35,26-35,11,lawyer,22043
2808,Male,56,56+,16,self-employed,60610
2809,Male,25,19-25,7,executive/managerial,10016
2810,Female,1,Under18,10,K-12 student,64093
2811,Male,25,19-25,19,unemployed,94122
2812,Male,25,19-25,17,technician/engineer,60607
2813,Male,25,19-25,20,writer,55406
2814,Male,35,26-35,7,executive/managerial,02127
2815,Male,35,26-35,17,technician/engineer,60477
2816,Male,25,19-25,7,executive/managerial,60015
2817,Male,35,26-35,12,programmer,53130
2818,Male,25,19-25,12,programmer,55106
2819,Male,45,36-45,14,sales/marketing,44122
2820,Female,35,26-35,0,other,02138
2821,Male,18,Under18,20,writer,10036
2822,Male,50,46-55,7,executive/managerial,10003
2823,Male,25,19-25,4,college/grad student,02452
2824,Male,18,Under18,4,college/grad student,02111
2825,Female,25,19-25,20,writer,94014
2826,Male,35,26-35,12,programmer,10011
2827,Male,25,19-25,17,technician/engineer,94063
2828,Male,18,Under18,4,college/grad student,02454
2829,Male,45,36-45,20,writer,10013
2830,Male,35,26-35,7,executive/managerial,94506
2831,Male,25,19-25,0,other,32225
2832,Male,25,19-25,17,technician/engineer,20036
2833,Male,25,19-25,15,scientist,85003
2834,Male,35,26-35,1,academic/educator,33304
2835,Male,35,26-35,20,writer,60622
2836,Male,25,19-25,12,programmer,07974
2837,Male,18,Under18,0,other,49506
2838,Male,18,Under18,1,academic/educator,95864
2839,Male,25,19-25,17,technician/engineer,10003
2840,Male,25,19-25,0,other,60660
2841,Male,50,46-55,12,programmer,98056
2842,Male,35,26-35,17,technician/engineer,30145
2843,Female,25,19-25,4,college/grad student,78705
2844,Male,25,19-25,20,writer,87103
2845,Male,25,19-25,4,college/grad student,74074
2846,Female,18,Under18,4,college/grad student,91604
2847,Male,18,Under18,4,college/grad student,10027
2848,Male,25,19-25,0,other,47401
2849,Male,45,36-45,11,lawyer,94114
2850,Male,18,Under18,20,writer,94608
2851,Female,25,19-25,7,executive/managerial,94107
2852,Male,25,19-25,12,programmer,98037
2853,Male,1,Under18,1,academic/educator,444555
2854,Female,18,Under18,4,college/grad student,64151
2855,Male,25,19-25,4,college/grad student,94102
2856,Male,35,26-35,11,lawyer,22030
2857,Male,25,19-25,0,other,10469
2858,Female,1,Under18,10,K-12 student,72601
2859,Male,18,Under18,1,academic/educator,95814
2860,Male,35,26-35,17,technician/engineer,20009
2861,Male,25,19-25,15,scientist,06510
2862,Male,45,36-45,7,executive/managerial,55066
2863,Female,25,19-25,2,artist,27705
2864,Female,35,26-35,3,clerical/admin,11725
2865,Female,25,19-25,6,doctor/health care,21014
2866,Male,25,19-25,7,executive/managerial,53717
2867,Male,45,36-45,17,technician/engineer,15204
2868,Male,35,26-35,12,programmer,94025
2869,Male,50,46-55,17,technician/engineer,07650
2870,Male,50,46-55,18,tradesman/craftsman,95472
2871,Female,25,19-25,14,sales/marketing,98110
2872,Male,25,19-25,20,writer,94014
2873,Female,18,Under18,4,college/grad student,64093
2874,Female,35,26-35,20,writer,20036
2875,Male,25,19-25,2,artist,10013
2876,Male,25,19-25,17,technician/engineer,02149
2877,Male,35,26-35,1,academic/educator,80687
2878,Female,50,46-55,20,writer,88005
2879,Male,18,Under18,4,college/grad student,60062
2880,Male,18,Under18,12,programmer,55405
2881,Female,25,19-25,12,programmer,77019
2882,Male,18,Under18,20,writer,78759
2883,Male,18,Under18,20,writer,30101
2884,Female,50,46-55,3,clerical/admin,53222
2885,Female,18,Under18,1,academic/educator,80302
2886,Male,18,Under18,4,college/grad student,60073
2887,Male,25,19-25,3,clerical/admin,66205
2888,Male,25,19-25,14,sales/marketing,55438
2889,Male,35,26-35,3,clerical/admin,55104
2890,Male,35,26-35,7,executive/managerial,90069
2891,Female,18,Under18,4,college/grad student,66044
2892,Male,25,19-25,4,college/grad student,84064
2893,Male,25,19-25,1,academic/educator,94025
2894,Male,18,Under18,4,college/grad student,44130
2895,Male,25,19-25,11,lawyer,07039
2896,Male,18,Under18,14,sales/marketing,60073
2897,Male,25,19-25,5,customer service,97405
2898,Male,18,Under18,4,college/grad student,02453
2899,Male,35,26-35,14,sales/marketing,94133
2900,Male,18,Under18,12,programmer,95120
2901,Male,25,19-25,17,technician/engineer,78749
2902,Male,25,19-25,12,programmer,98007
2903,Male,25,19-25,16,self-employed,20850
2904,Male,25,19-25,4,college/grad student,16802
2905,Male,35,26-35,17,technician/engineer,55407
2906,Male,35,26-35,19,unemployed,55421
2907,Female,35,26-35,5,customer service,12345
2908,Male,18,Under18,2,artist,74403
2909,Male,25,19-25,7,executive/managerial,43228
2910,Male,1,Under18,19,unemployed,75602
2911,Female,25,19-25,4,college/grad student,55455
2912,Female,18,Under18,4,college/grad student,48104
2913,Female,35,26-35,20,writer,98119
2914,Male,25,19-25,4,college/grad student,92614
2915,Male,25,19-25,7,executive/managerial,23423
2916,Male,45,36-45,2,artist,98011
2917,Male,25,19-25,0,other,60201
2918,Male,25,19-25,12,programmer,98112
2919,Male,18,Under18,17,technician/engineer,88076
2920,Male,25,19-25,2,artist,55116
2921,Male,50,46-55,1,academic/educator,53221
2922,Male,25,19-25,17,technician/engineer,52402
2923,Male,35,26-35,12,programmer,44256
2924,Female,18,Under18,4,college/grad student,94121
2925,Female,25,19-25,4,college/grad student,23454
2926,Female,18,Under18,2,artist,55118
2927,Male,25,19-25,12,programmer,24060
2928,Male,25,19-25,2,artist,90068
2929,Male,18,Under18,2,artist,60614
2930,Male,50,46-55,17,technician/engineer,45420
2931,Male,18,Under18,4,college/grad student,16803
2932,Male,25,19-25,12,programmer,55346
2933,Male,35,26-35,11,lawyer,32082
2934,Female,35,26-35,20,writer,91324
2935,Male,25,19-25,0,other,55126
2936,Female,18,Under18,4,college/grad student,94122
2937,Female,18,Under18,4,college/grad student,48103
2938,Female,25,19-25,0,other,55345
2939,Female,25,19-25,15,scientist,94901
2940,Male,25,19-25,0,other,02143
2941,Male,35,26-35,12,programmer,98033
2942,Female,50,46-55,1,academic/educator,93103
2943,Male,35,26-35,12,programmer,95864
2944,Female,18,Under18,4,college/grad student,48104
2945,Female,35,26-35,17,technician/engineer,89507
2946,Male,35,26-35,16,self-employed,92630
2947,Female,25,19-25,0,other,02138
2948,Male,18,Under18,14,sales/marketing,48185
2949,Male,25,19-25,17,technician/engineer,98033
2950,Male,18,Under18,0,other,72761
2951,Female,35,26-35,14,sales/marketing,94303
2952,Male,25,19-25,4,college/grad student,06511
2953,Male,25,19-25,20,writer,23225
2954,Male,18,Under18,2,artist,11435
2955,Male,35,26-35,14,sales/marketing,92025
2956,Male,25,19-25,12,programmer,50265
2957,Male,18,Under18,4,college/grad student,48104
2958,Male,25,19-25,7,executive/managerial,91911
2959,Male,35,26-35,17,technician/engineer,06074
2960,Male,18,Under18,4,college/grad student,48104
2961,Male,50,46-55,17,technician/engineer,91977
2962,Male,35,26-35,3,clerical/admin,94109
2963,Female,18,Under18,4,college/grad student,48104
2964,Male,25,19-25,17,technician/engineer,07030
2965,Female,35,26-35,4,college/grad student,48103
2966,Female,25,19-25,4,college/grad student,48104
2967,Male,25,19-25,0,other,94110
2968,Female,18,Under18,0,other,48104
2969,Male,25,19-25,7,executive/managerial,06851
2970,Male,18,Under18,4,college/grad student,48104
2971,Male,25,19-25,4,college/grad student,48104
2972,Male,25,19-25,4,college/grad student,97330
2973,Female,18,Under18,4,college/grad student,48108
2974,Male,18,Under18,4,college/grad student,48105
2975,Male,35,26-35,11,lawyer,20879
2976,Male,18,Under18,20,writer,86001
2977,Female,18,Under18,4,college/grad student,48104
2978,Male,35,26-35,20,writer,45236
2979,Male,35,26-35,2,artist,45243
2980,Male,45,36-45,7,executive/managerial,91766
2981,Male,45,36-45,6,doctor/health care,52556
2982,Male,25,19-25,4,college/grad student,54902
2983,Male,18,Under18,4,college/grad student,97850
2984,Male,25,19-25,4,college/grad student,48105
2985,Male,18,Under18,4,college/grad student,97333
2986,Male,25,19-25,4,college/grad student,24060
2987,Male,18,Under18,4,college/grad student,15213
2988,Female,18,Under18,6,doctor/health care,92122
2989,Male,35,26-35,12,programmer,97330
2990,Male,35,26-35,12,programmer,45243
2991,Male,50,46-55,1,academic/educator,48105
2992,Male,18,Under18,4,college/grad student,14853
2993,Male,18,Under18,19,unemployed,12133
2994,Male,35,26-35,5,customer service,95008
2995,Male,25,19-25,15,scientist,97333
2996,Male,18,Under18,0,other,63011
2997,Female,35,26-35,16,self-employed,45238
2998,Female,25,19-25,1,academic/educator,45241
2999,Male,25,19-25,7,executive/managerial,33813
3000,Male,25,19-25,4,college/grad student,55408
3001,Male,18,Under18,4,college/grad student,94704
3002,Male,45,36-45,11,lawyer,90028
3003,Male,18,Under18,15,scientist,94606
3004,Female,18,Under18,4,college/grad student,02138
3005,Male,25,19-25,17,technician/engineer,94133
3006,Male,18,Under18,4,college/grad student,45750
3007,Male,35,26-35,0,other,33174
3008,Male,18,Under18,4,college/grad student,94403
3009,Female,35,26-35,3,clerical/admin,55112
3010,Male,25,19-25,12,programmer,78759
3011,Male,25,19-25,1,academic/educator,10003
3012,Male,25,19-25,12,programmer,78660
3013,Male,45,36-45,17,technician/engineer,97124
3014,Male,35,26-35,7,executive/managerial,06430
3015,Male,56,56+,6,doctor/health care,62707
3016,Male,18,Under18,12,programmer,78759
3017,Female,35,26-35,9,homemaker,85255
3018,Male,35,26-35,0,other,45242
3019,Male,50,46-55,12,programmer,97330
3020,Female,35,26-35,7,executive/managerial,60302
3021,Female,45,36-45,15,scientist,78750
3022,Male,25,19-25,17,technician/engineer,78730
3023,Female,25,19-25,7,executive/managerial,92108
3024,Male,35,26-35,17,technician/engineer,14302
3025,Female,35,26-35,0,other,90004
3026,Female,18,Under18,4,college/grad student,45750
3027,Male,18,Under18,4,college/grad student,85719
3028,Male,1,Under18,10,K-12 student,12701
3029,Male,18,Under18,4,college/grad student,92037
3030,Male,35,26-35,1,academic/educator,48103
3031,Male,18,Under18,4,college/grad student,48135
3032,Male,25,19-25,0,other,47303
3033,Male,18,Under18,4,college/grad student,02906
3034,Female,18,Under18,1,academic/educator,33143
3035,Female,25,19-25,7,executive/managerial,90230
3036,Male,56,56+,13,retired,14843
3037,Female,25,19-25,2,artist,97333
3038,Female,35,26-35,2,artist,97401
3039,Female,50,46-55,3,clerical/admin,33611
3040,Male,25,19-25,8,farmer,22046
3041,Male,25,19-25,4,college/grad student,97333
3042,Male,56,56+,1,academic/educator,49042
3043,Male,18,Under18,2,artist,90069
3044,Male,35,26-35,16,self-employed,77301
3045,Male,45,36-45,1,academic/educator,90631
3046,Male,1,Under18,4,college/grad student,46311
3047,Female,25,19-25,4,college/grad student,94117
3048,Male,18,Under18,2,artist,02066
3049,Female,50,46-55,0,other,02421
3050,Male,35,26-35,12,programmer,94025
3051,Male,18,Under18,17,technician/engineer,94063
3052,Male,35,26-35,12,programmer,10036
3053,Female,25,19-25,3,clerical/admin,55102
3054,Male,18,Under18,4,college/grad student,44056
3055,Female,25,19-25,3,clerical/admin,98501
3056,Male,25,19-25,18,tradesman/craftsman,10309
3057,Female,25,19-25,12,programmer,55438
3058,Male,18,Under18,12,programmer,55123
3059,Male,35,26-35,0,other,75023
3060,Female,35,26-35,1,academic/educator,92705
3061,Male,45,36-45,2,artist,29440
3062,Male,18,Under18,4,college/grad student,03106
3063,Male,18,Under18,4,college/grad student,03106
3064,Male,35,26-35,17,technician/engineer,90026
3065,Female,18,Under18,4,college/grad student,48135
3066,Male,18,Under18,4,college/grad student,61801
3067,Female,25,19-25,0,other,02148
3068,Female,35,26-35,9,homemaker,66204
3069,Male,18,Under18,4,college/grad student,97470
3070,Female,18,Under18,4,college/grad student,10708
3071,Male,25,19-25,1,academic/educator,02115
3072,Male,50,46-55,1,academic/educator,55126
3073,Male,25,19-25,0,other,90028
3074,Male,25,19-25,0,other,23451
3075,Female,25,19-25,11,lawyer,06107
3076,Male,35,26-35,17,technician/engineer,30024
3077,Male,18,Under18,4,college/grad student,43202
3078,Female,35,26-35,1,academic/educator,02155
3079,Female,25,19-25,1,academic/educator,55410
3080,Male,25,19-25,20,writer,55410
3081,Male,25,19-25,7,executive/managerial,77252
3082,Female,35,26-35,6,doctor/health care,45459
3083,Female,50,46-55,0,other,97403
3084,Male,25,19-25,16,self-employed,01581
3085,Male,25,19-25,4,college/grad student,78703
3086,Male,18,Under18,12,programmer,98105
3087,Female,1,Under18,1,academic/educator,90802
3088,Female,25,19-25,4,college/grad student,87110
3089,Male,45,36-45,16,self-employed,93448
3090,Male,25,19-25,2,artist,90004
3091,Female,25,19-25,0,other,19107
3092,Male,35,26-35,15,scientist,98108
3093,Female,45,36-45,20,writer,89134
3094,Male,35,26-35,0,other,30030
3095,Female,25,19-25,3,clerical/admin,06810
3096,Female,45,36-45,3,clerical/admin,38028
3097,Female,25,19-25,5,customer service,10021
3098,Male,25,19-25,4,college/grad student,55112
3099,Male,25,19-25,17,technician/engineer,20910
3100,Female,25,19-25,6,doctor/health care,91423
3101,Male,18,Under18,15,scientist,91101
3102,Male,25,19-25,12,programmer,34170
3103,Male,25,19-25,20,writer,64112
3104,Male,18,Under18,17,technician/engineer,02118
3105,Male,35,26-35,12,programmer,98166
3106,Male,25,19-25,0,other,33142
3107,Male,25,19-25,17,technician/engineer,92656
3108,Male,50,46-55,6,doctor/health care,22039
3109,Female,25,19-25,11,lawyer,43201
3110,Male,25,19-25,0,other,10002
3111,Male,18,Under18,4,college/grad student,56520
3112,Male,18,Under18,12,programmer,98133
3113,Male,25,19-25,10,K-12 student,55414
3114,Male,18,Under18,5,customer service,65211
3115,Male,35,26-35,17,technician/engineer,48323
3116,Male,25,19-25,12,programmer,98034
3117,Male,35,26-35,0,other,83704
3118,Male,25,19-25,0,other,77025
3119,Male,45,36-45,1,academic/educator,37027
3120,Male,18,Under18,4,college/grad student,55414
3121,Male,25,19-25,2,artist,32118
3122,Female,25,19-25,7,executive/managerial,22209
3123,Male,25,19-25,2,artist,90401
3124,Male,25,19-25,12,programmer,30337
3125,Male,25,19-25,7,executive/managerial,10025
3126,Male,25,19-25,2,artist,32118
3127,Female,25,19-25,0,other,10003
3128,Male,18,Under18,2,artist,10012
3129,Male,25,19-25,7,executive/managerial,21117
3130,Male,25,19-25,7,executive/managerial,32835
3131,Female,25,19-25,2,artist,90036
3132,Male,35,26-35,7,executive/managerial,98467
3133,Male,18,Under18,4,college/grad student,33720
3134,Male,18,Under18,4,college/grad student,55455
3135,Male,25,19-25,15,scientist,12345
3136,Female,25,19-25,4,college/grad student,72801
3137,Male,25,19-25,11,lawyer,11217
3138,Male,35,26-35,17,technician/engineer,46229
3139,Male,56,56+,13,retired,89128
3140,Female,25,19-25,4,college/grad student,78728
3141,Male,25,19-25,14,sales/marketing,81679
3142,Male,25,19-25,20,writer,85719
3143,Female,50,46-55,16,self-employed,90272
3144,Female,25,19-25,7,executive/managerial,85260
3145,Male,18,Under18,4,college/grad student,02138
3146,Male,25,19-25,0,other,31605
3147,Male,25,19-25,14,sales/marketing,49355
3148,Male,18,Under18,20,writer,72837
3149,Male,18,Under18,4,college/grad student,92602
3150,Female,25,19-25,3,clerical/admin,92831
3151,Female,25,19-25,0,other,92870
3152,Male,18,Under18,4,college/grad student,61801
3153,Female,25,19-25,4,college/grad student,73160
3154,Female,25,19-25,4,college/grad student,95616
3155,Male,25,19-25,7,executive/managerial,55112
3156,Male,35,26-35,7,executive/managerial,07663
3157,Male,25,19-25,12,programmer,92880
3158,Male,25,19-25,15,scientist,15217
3159,Female,25,19-25,15,scientist,15213
3160,Male,25,19-25,17,technician/engineer,77521
3161,Male,25,19-25,7,executive/managerial,55408
3162,Male,25,19-25,1,academic/educator,08854-3115
3163,Male,18,Under18,15,scientist,95616
3164,Male,18,Under18,12,programmer,55118
3165,Male,35,26-35,7,executive/managerial,60611
3166,Male,18,Under18,4,college/grad student,32607
3167,Male,25,19-25,2,artist,77056
3168,Female,35,26-35,5,customer service,94546
3169,Male,50,46-55,0,other,23518
3170,Male,25,19-25,0,other,08461
3171,Female,50,46-55,3,clerical/admin,10128
3172,Male,18,Under18,12,programmer,55408
3173,Male,25,19-25,12,programmer,55317
3174,Female,18,Under18,14,sales/marketing,10018
3175,Male,35,26-35,16,self-employed,10014
3176,Male,25,19-25,17,technician/engineer,95129
3177,Female,25,19-25,6,doctor/health care,94132
3178,Female,35,26-35,5,customer service,44313
3179,Female,18,Under18,20,writer,02125
3180,Male,25,19-25,14,sales/marketing,07430
3181,Male,25,19-25,12,programmer,07436
3182,Male,25,19-25,12,programmer,12866
3183,Male,50,46-55,7,executive/managerial,60510
3184,Female,25,19-25,18,tradesman/craftsman,21214
3185,Male,18,Under18,7,executive/managerial,55337
3186,Male,50,46-55,1,academic/educator,92122
3187,Male,35,26-35,12,programmer,32935
3188,Male,56,56+,13,retired,55344
3189,Male,25,19-25,16,self-employed,90292
3190,Male,1,Under18,17,technician/engineer,97062
3191,Male,25,19-25,12,programmer,27707
3192,Male,18,Under18,4,college/grad student,02912
3193,Male,25,19-25,0,other,92019
3194,Male,25,19-25,15,scientist,92648
3195,Male,18,Under18,4,college/grad student,80228
3196,Female,18,Under18,4,college/grad student,45219
3197,Female,18,Under18,14,sales/marketing,94110
3198,Male,25,19-25,12,programmer,94110
3199,Male,18,Under18,0,other,57106
3200,Female,25,19-25,1,academic/educator,98144
3201,Male,45,36-45,7,executive/managerial,35216
3202,Female,18,Under18,4,college/grad student,24060
3203,Male,35,26-35,0,other,90254
3204,Male,45,36-45,16,self-employed,80304
3205,Female,35,26-35,16,self-employed,80304
3206,Male,18,Under18,20,writer,44089
3207,Male,35,26-35,7,executive/managerial,60610
3208,Male,25,19-25,14,sales/marketing,30342
3209,Male,25,19-25,0,other,21555
3210,Female,45,36-45,0,other,02115
3211,Male,50,46-55,16,self-employed,20015
3212,Female,25,19-25,17,technician/engineer,11215
3213,Female,25,19-25,1,academic/educator,83705
3214,Female,56,56+,7,executive/managerial,10019
3215,Female,50,46-55,13,retired,55447
3216,Male,35,26-35,1,academic/educator,54481
3217,Female,35,26-35,0,other,92630
3218,Male,56,56+,6,doctor/health care,48070
3219,Female,18,Under18,4,college/grad student,54302
3220,Male,35,26-35,7,executive/managerial,54016
3221,Male,25,19-25,0,other,19106
3222,Male,35,26-35,7,executive/managerial,10583
3223,Male,25,19-25,20,writer,10014
3224,Female,25,19-25,14,sales/marketing,93428
3225,Male,18,Under18,0,other,15237
3226,Male,35,26-35,4,college/grad student,10027
3227,Female,25,19-25,14,sales/marketing,60657
3228,Male,25,19-25,14,sales/marketing,05448
3229,Female,56,56+,1,academic/educator,93105
3230,Male,35,26-35,16,self-employed,92630
3231,Male,25,19-25,7,executive/managerial,55112
3232,Male,35,26-35,12,programmer,92821
3233,Male,50,46-55,2,artist,60660
3234,Female,1,Under18,0,other,90012
3235,Male,18,Under18,4,college/grad student,87801
3236,Male,18,Under18,15,scientist,87111
3237,Male,35,26-35,7,executive/managerial,05401
3238,Male,35,26-35,7,executive/managerial,10069
3239,Female,25,19-25,12,programmer,07730
3240,Male,18,Under18,4,college/grad student,55403
3241,Female,50,46-55,0,other,20004
3242,Male,50,46-55,13,retired,94089
3243,Male,25,19-25,12,programmer,98117
3244,Female,18,Under18,4,college/grad student,92647
3245,Male,18,Under18,2,artist,08820
3246,Female,35,26-35,1,academic/educator,85258
3247,Male,35,26-35,15,scientist,92649
3248,Female,25,19-25,7,executive/managerial,94115
3249,Female,25,19-25,4,college/grad student,92648
3250,Male,25,19-25,4,college/grad student,90069
3251,Male,35,26-35,17,technician/engineer,15330
3252,Male,50,46-55,0,other,76067
3253,Female,35,26-35,4,college/grad student,26505
3254,Female,35,26-35,6,doctor/health care,95843
3255,Female,25,19-25,15,scientist,91902
3256,Male,25,19-25,15,scientist,92111
3257,Male,25,19-25,14,sales/marketing,94105
3258,Male,45,36-45,6,doctor/health care,02339
3259,Female,18,Under18,4,college/grad student,95616
3260,Male,25,19-25,4,college/grad student,44514
3261,Male,45,36-45,20,writer,87505
3262,Male,25,19-25,14,sales/marketing,55391
3263,Male,50,46-55,11,lawyer,66048
3264,Female,25,19-25,1,academic/educator,94536
3265,Male,25,19-25,15,scientist,53704
3266,Female,25,19-25,4,college/grad student,95616
3267,Male,25,19-25,4,college/grad student,78705
3268,Male,25,19-25,12,programmer,04106
3269,Female,18,Under18,20,writer,45220
3270,Male,18,Under18,11,lawyer,45220
3271,Female,35,26-35,0,other,92704
3272,Male,35,26-35,0,other,08330
3273,Male,35,26-35,7,executive/managerial,11201
3274,Male,25,19-25,20,writer,02062
3275,Male,35,26-35,7,executive/managerial,10028
3276,Male,25,19-25,20,writer,55391
3277,Male,25,19-25,17,technician/engineer,94107
3278,Male,35,26-35,7,executive/managerial,10014
3279,Male,45,36-45,15,scientist,92880
3280,Male,25,19-25,7,executive/managerial,33486
3281,Male,25,19-25,17,technician/engineer,79705
3282,Male,45,36-45,3,clerical/admin,20009
3283,Male,35,26-35,16,self-employed,66208
3284,Male,25,19-25,6,doctor/health care,48197
3285,Male,25,19-25,4,college/grad student,44706
3286,Female,35,26-35,7,executive/managerial,80013
3287,Male,56,56+,13,retired,27514-3540
3288,Male,25,19-25,14,sales/marketing,94133
3289,Male,45,36-45,6,doctor/health care,95695
3290,Male,25,19-25,14,sales/marketing,90292
3291,Female,25,19-25,7,executive/managerial,27516
3292,Female,50,46-55,6,doctor/health care,79410
3293,Male,45,36-45,14,sales/marketing,37343
3294,Male,18,Under18,4,college/grad student,78749
3295,Male,18,Under18,18,tradesman/craftsman,92123
3296,Male,18,Under18,14,sales/marketing,90292
3297,Male,18,Under18,4,college/grad student,91325
3298,Male,1,Under18,10,K-12 student,20876
3299,Female,25,19-25,4,college/grad student,19119
3300,Male,35,26-35,5,customer service,19119
3301,Female,25,19-25,2,artist,85719
3302,Male,25,19-25,17,technician/engineer,74074
3303,Male,56,56+,17,technician/engineer,06405
3304,Female,45,36-45,5,customer service,92649
3305,Male,56,56+,20,writer,94708
3306,Male,45,36-45,14,sales/marketing,60045
3307,Male,50,46-55,6,doctor/health care,90640
3308,Female,18,Under18,20,writer,15701-1348
3309,Male,25,19-25,17,technician/engineer,20707
3310,Male,45,36-45,14,sales/marketing,12561
3311,Male,25,19-25,4,college/grad student,90039
3312,Female,18,Under18,4,college/grad student,90039
3313,Male,35,26-35,20,writer,90292
3314,Male,25,19-25,7,executive/managerial,06516
3315,Male,25,19-25,12,programmer,78731
3316,Male,1,Under18,19,unemployed,92557
3317,Male,25,19-25,4,college/grad student,78705
3318,Male,56,56+,13,retired,30047
3319,Female,56,56+,13,retired,92308
3320,Male,25,19-25,1,academic/educator,56082
3321,Male,35,26-35,1,academic/educator,95380
3322,Female,18,Under18,4,college/grad student,68516
3323,Male,35,26-35,14,sales/marketing,11784
3324,Male,35,26-35,17,technician/engineer,48083
3325,Female,35,26-35,14,sales/marketing,39180
3326,Male,45,36-45,7,executive/managerial,64138
3327,Male,18,Under18,12,programmer,91423
3328,Male,56,56+,19,unemployed,91790-1161
3329,Male,50,46-55,18,tradesman/craftsman,72601
3330,Female,35,26-35,1,academic/educator,47933
3331,Female,25,19-25,7,executive/managerial,06854
3332,Male,25,19-25,7,executive/managerial,06854
3333,Male,18,Under18,16,self-employed,29404-2205
3334,Male,35,26-35,0,other,09142
3335,Male,25,19-25,0,other,10023
3336,Male,35,26-35,17,technician/engineer,93436
3337,Male,25,19-25,4,college/grad student,97214
3338,Male,45,36-45,16,self-employed,08053
3339,Male,25,19-25,17,technician/engineer,44118
3340,Male,45,36-45,16,self-employed,48097
3341,Male,25,19-25,20,writer,91730
3342,Female,25,19-25,5,customer service,92705
3343,Female,18,Under18,4,college/grad student,79912
3344,Male,35,26-35,0,other,08902
3345,Male,25,19-25,7,executive/managerial,18655
3346,Male,35,26-35,7,executive/managerial,54016
3347,Female,35,26-35,7,executive/managerial,91362
3348,Male,45,36-45,16,self-employed,94546
3349,Female,18,Under18,4,college/grad student,92054
3350,Female,18,Under18,0,other,20815
3351,Female,18,Under18,5,customer service,92870
3352,Male,35,26-35,0,other,30533
3353,Male,35,26-35,17,technician/engineer,92688
3354,Male,25,19-25,7,executive/managerial,18615
3355,Male,25,19-25,1,academic/educator,400060
3356,Male,35,26-35,7,executive/managerial,95031
3357,Male,25,19-25,18,tradesman/craftsman,64055
3358,Female,25,19-25,1,academic/educator,91790
3359,Male,25,19-25,20,writer,22936
3360,Female,25,19-25,0,other,92646
3361,Male,25,19-25,4,college/grad student,91790
3362,Female,25,19-25,0,other,90212
3363,Female,35,26-35,9,homemaker,04046
3364,Male,56,56+,13,retired,17033
3365,Male,50,46-55,17,technician/engineer,23059
3366,Male,35,26-35,14,sales/marketing,08750
3367,Male,50,46-55,16,self-employed,10025
3368,Male,25,19-25,14,sales/marketing,55435
3369,Male,45,36-45,18,tradesman/craftsman,14701
3370,Male,18,Under18,4,college/grad student,92833
3371,Male,25,19-25,2,artist,55405
3372,Male,56,56+,13,retired,55118
3373,Male,18,Under18,16,self-employed,94709
3374,Male,35,26-35,5,customer service,64801
3375,Male,25,19-25,4,college/grad student,89193
3376,Male,35,26-35,16,self-employed,10803
3377,Male,25,19-25,17,technician/engineer,03570
3378,Male,18,Under18,4,college/grad student,48135
3379,Male,35,26-35,1,academic/educator,20037
3380,Male,50,46-55,0,other,20815
3381,Male,25,19-25,0,other,96671
3382,Female,1,Under18,10,K-12 student,55305
3383,Male,56,56+,16,self-employed,03070
3384,Male,35,26-35,7,executive/managerial,91304
3385,Female,25,19-25,9,homemaker,32212
3386,Male,18,Under18,4,college/grad student,55414
3387,Male,18,Under18,1,academic/educator,94706
3388,Female,25,19-25,1,academic/educator,92646
3389,Male,18,Under18,0,other,13603
3390,Female,45,36-45,20,writer,02476
3391,Male,18,Under18,4,college/grad student,48135
3392,Male,50,46-55,6,doctor/health care,08108
3393,Male,35,26-35,12,programmer,60563
3394,Male,35,26-35,7,executive/managerial,90069
3395,Male,25,19-25,7,executive/managerial,02134
3396,Male,25,19-25,12,programmer,15217
3397,Male,25,19-25,5,customer service,55414
3398,Male,18,Under18,20,writer,30033
3399,Male,25,19-25,4,college/grad student,14623
3400,Male,25,19-25,14,sales/marketing,08742
3401,Male,35,26-35,7,executive/managerial,76109
3402,Male,35,26-35,20,writer,30306
3403,Male,35,26-35,5,customer service,48342
3404,Male,25,19-25,8,farmer,95380
3405,Male,35,26-35,14,sales/marketing,92084
3406,Female,25,19-25,7,executive/managerial,85214
3407,Female,45,36-45,5,customer service,60050
3408,Male,25,19-25,17,technician/engineer,14830
3409,Male,25,19-25,4,college/grad student,48127
3410,Male,35,26-35,1,academic/educator,20653
3411,Male,18,Under18,4,college/grad student,02139
3412,Male,25,19-25,18,tradesman/craftsman,85213
3413,Female,25,19-25,17,technician/engineer,92084
3414,Male,25,19-25,17,technician/engineer,75146
3415,Male,35,26-35,7,executive/managerial,80129
3416,Male,25,19-25,12,programmer,20850
3417,Female,18,Under18,2,artist,14616
3418,Female,18,Under18,3,clerical/admin,22305
3419,Male,45,36-45,1,academic/educator,16801
3420,Female,25,19-25,7,executive/managerial,48105
3421,Male,45,36-45,7,executive/managerial,94501
3422,Male,25,19-25,5,customer service,43221
3423,Male,25,19-25,7,executive/managerial,84088
3424,Male,25,19-25,6,doctor/health care,92111
3425,Male,18,Under18,20,writer,48135
3426,Male,25,19-25,20,writer,90046
3427,Male,25,19-25,14,sales/marketing,78267
3428,Male,45,36-45,1,academic/educator,47933
3429,Female,25,19-25,7,executive/managerial,94602
3430,Female,45,36-45,1,academic/educator,15208
3431,Female,45,36-45,6,doctor/health care,48867
3432,Male,25,19-25,12,programmer,27410
3433,Male,18,Under18,12,programmer,55113
3434,Male,18,Under18,4,college/grad student,48867
3435,Male,45,36-45,1,academic/educator,48867
3436,Male,35,26-35,0,other,98503
3437,Female,25,19-25,0,other,37203
3438,Female,25,19-25,0,other,78735
3439,Male,18,Under18,17,technician/engineer,76116
3440,Male,56,56+,17,technician/engineer,32822
3441,Female,25,19-25,14,sales/marketing,94109
3442,Male,18,Under18,12,programmer,20878
3443,Female,35,26-35,17,technician/engineer,48219
3444,Male,50,46-55,14,sales/marketing,33401
3445,Female,35,26-35,20,writer,92009
3446,Male,25,19-25,7,executive/managerial,30620
3447,Male,25,19-25,12,programmer,94131
3448,Female,18,Under18,3,clerical/admin,60640
3449,Male,25,19-25,14,sales/marketing,02142
3450,Male,25,19-25,5,customer service,78251
3451,Female,25,19-25,11,lawyer,94117
3452,Male,25,19-25,14,sales/marketing,07702
3453,Male,35,26-35,7,executive/managerial,07981
3454,Male,18,Under18,0,other,92122
3455,Female,25,19-25,0,other,07701
3456,Male,25,19-25,17,technician/engineer,54401
3457,Male,25,19-25,20,writer,19083
3458,Male,45,36-45,0,other,02131
3459,Male,18,Under18,4,college/grad student,76266
3460,Male,1,Under18,4,college/grad student,10012
3461,Male,35,26-35,0,other,95409
3462,Female,25,19-25,4,college/grad student,73160
3463,Male,25,19-25,15,scientist,80301
3464,Female,25,19-25,14,sales/marketing,78251
3465,Male,25,19-25,14,sales/marketing,45383
3466,Male,25,19-25,14,sales/marketing,94306
3467,Male,25,19-25,14,sales/marketing,55421
3468,Male,25,19-25,20,writer,94546
3469,Male,45,36-45,17,technician/engineer,02176
3470,Male,35,26-35,17,technician/engineer,49887
3471,Male,18,Under18,4,college/grad student,80302
3472,Male,25,19-25,6,doctor/health care,33156
3473,Female,35,26-35,16,self-employed,02472
3474,Male,35,26-35,11,lawyer,10538
3475,Male,25,19-25,14,sales/marketing,33133
3476,Male,50,46-55,0,other,44126
3477,Female,50,46-55,1,academic/educator,10024
3478,Male,25,19-25,7,executive/managerial,10019
3479,Male,18,Under18,4,college/grad student,78626
3480,Male,25,19-25,0,other,59405
3481,Male,18,Under18,4,college/grad student,94122
3482,Male,50,46-55,17,technician/engineer,08043
3483,Female,45,36-45,7,executive/managerial,30260
3484,Male,18,Under18,4,college/grad student,28403
3485,Male,25,19-25,0,other,94121
3486,Female,18,Under18,0,other,98225
3487,Male,18,Under18,4,college/grad student,60611
3488,Male,45,36-45,17,technician/engineer,80228
3489,Male,18,Under18,4,college/grad student,60201
3490,Male,25,19-25,0,other,74136
3491,Male,25,19-25,16,self-employed,28542
3492,Male,35,26-35,7,executive/managerial,77005
3493,Male,25,19-25,17,technician/engineer,61350
3494,Male,25,19-25,1,academic/educator,28607
3495,Male,18,Under18,4,college/grad student,94608
3496,Male,35,26-35,5,customer service,92867
3497,Female,35,26-35,2,artist,94109
3498,Male,25,19-25,17,technician/engineer,28052
3499,Male,25,19-25,3,clerical/admin,77006
3500,Male,35,26-35,7,executive/managerial,20650
3501,Female,35,26-35,7,executive/managerial,30309
3502,Female,18,Under18,7,executive/managerial,80503
3503,Male,18,Under18,4,college/grad student,59715
3504,Male,18,Under18,7,executive/managerial,02215
3505,Female,25,19-25,15,scientist,55455
3506,Male,18,Under18,12,programmer,80503
3507,Male,25,19-25,0,other,02472
3508,Male,18,Under18,4,college/grad student,02151
3509,Male,18,Under18,4,college/grad student,02115
3510,Female,18,Under18,4,college/grad student,02142
3511,Male,50,46-55,0,other,88004
3512,Male,18,Under18,17,technician/engineer,02140
3513,Male,25,19-25,16,self-employed,01890
3514,Male,18,Under18,12,programmer,30318
3515,Male,35,26-35,3,clerical/admin,55042
3516,Male,18,Under18,4,college/grad student,42101
3517,Male,18,Under18,12,programmer,53713
3518,Female,18,Under18,7,executive/managerial,11215
3519,Female,25,19-25,14,sales/marketing,11215
3520,Male,25,19-25,0,other,40515
3521,Male,25,19-25,0,other,53213
3522,Male,18,Under18,0,other,97469
3523,Male,35,26-35,7,executive/managerial,53404
3524,Female,25,19-25,0,other,83355
3525,Female,18,Under18,4,college/grad student,02142
3526,Male,35,26-35,2,artist,62263-3004
3527,Male,25,19-25,0,other,53213
3528,Male,35,26-35,5,customer service,41144
3529,Female,45,36-45,1,academic/educator,97361
3530,Male,25,19-25,0,other,77058
3531,Female,25,19-25,11,lawyer,55409
3532,Female,35,26-35,14,sales/marketing,10028
3533,Male,25,19-25,2,artist,55344
3534,Male,35,26-35,17,technician/engineer,68506
3535,Male,45,36-45,18,tradesman/craftsman,77630
3536,Male,18,Under18,4,college/grad student,57103
3537,Male,1,Under18,10,K-12 student,97402
3538,Male,35,26-35,0,other,40504
3539,Female,25,19-25,4,college/grad student,77006
3540,Male,18,Under18,17,technician/engineer,57106
3541,Male,25,19-25,3,clerical/admin,02494
3542,Male,25,19-25,15,scientist,14803
3543,Male,25,19-25,17,technician/engineer,60659
3544,Female,25,19-25,4,college/grad student,92507
3545,Male,35,26-35,12,programmer,92507
3546,Male,25,19-25,20,writer,41706
3547,Male,35,26-35,16,self-employed,94108
3548,Male,45,36-45,7,executive/managerial,92965
3549,Female,35,26-35,7,executive/managerial,60137
3550,Male,25,19-25,5,customer service,55447
3551,Female,56,56+,0,other,98374
3552,Female,35,26-35,2,artist,02879
3553,Male,35,26-35,16,self-employed,61600
3554,Male,25,19-25,15,scientist,15203
3555,Male,56,56+,7,executive/managerial,55430
3556,Male,25,19-25,17,technician/engineer,03038
3557,Male,18,Under18,5,customer service,48185
3558,Male,18,Under18,17,technician/engineer,66044
3559,Male,18,Under18,4,college/grad student,11364
3560,Female,25,19-25,6,doctor/health care,74105
3561,Male,35,26-35,14,sales/marketing,63304
3562,Female,25,19-25,6,doctor/health care,32812
3563,Male,25,19-25,2,artist,33133
3564,Male,25,19-25,11,lawyer,02169
3565,Male,25,19-25,18,tradesman/craftsman,53572
3566,Male,45,36-45,0,other,53818
3567,Male,25,19-25,14,sales/marketing,54915
3568,Male,25,19-25,0,other,98503
3569,Female,18,Under18,2,artist,48823
3570,Male,35,26-35,12,programmer,19050
3571,Male,18,Under18,4,college/grad student,10044
3572,Male,35,26-35,11,lawyer,04287
3573,Male,1,Under18,10,K-12 student,48867
3574,Female,35,26-35,6,doctor/health care,33314
3575,Male,25,19-25,18,tradesman/craftsman,54915
3576,Male,50,46-55,7,executive/managerial,68046
3577,Female,56,56+,0,other,00231
3578,Male,50,46-55,3,clerical/admin,96714
3579,Male,18,Under18,0,other,32219
3580,Female,18,Under18,3,clerical/admin,32219
3581,Male,18,Under18,1,academic/educator,57382
3582,Female,35,26-35,0,other,52405
3583,Female,25,19-25,9,homemaker,41075
3584,Male,18,Under18,0,other,76543
3585,Male,35,26-35,20,writer,60640
3586,Male,35,26-35,20,writer,60640
3587,Male,35,26-35,3,clerical/admin,93611
3588,Male,25,19-25,2,artist,90068
3589,Female,45,36-45,0,other,80010
3590,Female,18,Under18,15,scientist,02115
3591,Male,35,26-35,6,doctor/health care,96158
3592,Female,56,56+,2,artist,99701
3593,Female,25,19-25,9,homemaker,53719
3594,Male,1,Under18,0,other,02322
3595,Male,25,19-25,0,other,85024
3596,Female,35,26-35,4,college/grad student,19104
3597,Male,25,19-25,17,technician/engineer,55446
3598,Male,56,56+,1,academic/educator,90210
3599,Male,25,19-25,16,self-employed,97378
3600,Male,35,26-35,20,writer,94506
3601,Female,35,26-35,3,clerical/admin,95405
3602,Male,25,19-25,12,programmer,55443
3603,Female,35,26-35,7,executive/managerial,78704
3604,Female,1,Under18,10,K-12 student,02879
3605,Male,18,Under18,12,programmer,60640
3606,Female,25,19-25,15,scientist,02445
3607,Male,35,26-35,17,technician/engineer,32506
3608,Female,35,26-35,9,homemaker,02879
3609,Female,25,19-25,17,technician/engineer,48239
3610,Male,18,Under18,6,doctor/health care,30064
3611,Male,25,19-25,2,artist,84321
3612,Male,25,19-25,14,sales/marketing,29609
3613,Male,25,19-25,0,other,37205
3614,Male,25,19-25,0,other,45458
3615,Male,25,19-25,17,technician/engineer,76028
3616,Male,45,36-45,0,other,33759
3617,Male,35,26-35,7,executive/managerial,49034
3618,Male,56,56+,17,technician/engineer,22657
3619,Male,50,46-55,16,self-employed,97116
3620,Male,25,19-25,7,executive/managerial,94117
3621,Male,18,Under18,4,college/grad student,33023
3622,Male,18,Under18,1,academic/educator,02446
3623,Male,35,26-35,11,lawyer,43209
3624,Male,25,19-25,12,programmer,60068
3625,Male,18,Under18,10,K-12 student,48439
3626,Male,25,19-25,17,technician/engineer,75075
3627,Female,35,26-35,1,academic/educator,85287
3628,Male,25,19-25,7,executive/managerial,78731
3629,Female,50,46-55,7,executive/managerial,10022
3630,Male,18,Under18,4,college/grad student,77005
3631,Male,18,Under18,4,college/grad student,77005
3632,Male,50,46-55,11,lawyer,33881
3633,Male,35,26-35,18,tradesman/craftsman,60441
3634,Male,50,46-55,1,academic/educator,88001
3635,Male,50,46-55,1,academic/educator,60062
3636,Male,25,19-25,0,other,06708
3637,Male,25,19-25,6,doctor/health care,94127
3638,Male,25,19-25,2,artist,90038
3639,Male,18,Under18,4,college/grad student,78250
3640,Male,35,26-35,7,executive/managerial,02370
3641,Male,25,19-25,0,other,92008
3642,Female,25,19-25,7,executive/managerial,98188
3643,Male,25,19-25,17,technician/engineer,22302
3644,Female,25,19-25,11,lawyer,53711
3645,Male,35,26-35,17,technician/engineer,97232
3646,Male,35,26-35,20,writer,98106
3647,Male,25,19-25,7,executive/managerial,80202
3648,Male,18,Under18,4,college/grad student,85210
3649,Female,25,19-25,0,other,94115
3650,Male,25,19-25,0,other,60611
3651,Male,25,19-25,14,sales/marketing,98103
3652,Male,25,19-25,12,programmer,94608
3653,Male,18,Under18,15,scientist,96661
3654,Male,25,19-25,17,technician/engineer,94901
3655,Female,25,19-25,7,executive/managerial,94121
3656,Female,45,36-45,5,customer service,34610
3657,Male,18,Under18,17,technician/engineer,95121
3658,Female,25,19-25,7,executive/managerial,07090
3659,Male,18,Under18,4,college/grad student,29649
3660,Male,35,26-35,7,executive/managerial,15137
3661,Male,35,26-35,12,programmer,08852
3662,Male,35,26-35,16,self-employed,08753
3663,Female,35,26-35,9,homemaker,17055
3664,Female,35,26-35,1,academic/educator,94043
3665,Male,25,19-25,0,other,95903
3666,Male,45,36-45,0,other,68144
3667,Female,1,Under18,10,K-12 student,10706
3668,Female,45,36-45,7,executive/managerial,33324
3669,Male,25,19-25,14,sales/marketing,60148
3670,Male,45,36-45,14,sales/marketing,55123
3671,Male,25,19-25,4,college/grad student,98102
3672,Male,35,26-35,5,customer service,08406
3673,Male,25,19-25,2,artist,10003
3674,Male,25,19-25,20,writer,29205
3675,Male,35,26-35,7,executive/managerial,06680
3676,Female,35,26-35,12,programmer,48109
3677,Female,25,19-25,12,programmer,06906
3678,Male,25,19-25,0,other,06880
3679,Male,25,19-25,4,college/grad student,68108
3680,Female,25,19-25,1,academic/educator,94939
3681,Male,25,19-25,7,executive/managerial,29662
3682,Female,50,46-55,1,academic/educator,10706
3683,Male,25,19-25,2,artist,30606
3684,Male,25,19-25,17,technician/engineer,83713
3685,Male,25,19-25,5,customer service,55100
3686,Male,25,19-25,7,executive/managerial,48070
3687,Female,50,46-55,1,academic/educator,62221
3688,Male,18,Under18,6,doctor/health care,21202
3689,Male,25,19-25,0,other,80906
3690,Male,18,Under18,0,other,63116
3691,Male,25,19-25,7,executive/managerial,21030
3692,Male,35,26-35,17,technician/engineer,89147
3693,Male,25,19-25,15,scientist,94062
3694,Male,25,19-25,12,programmer,28227
3695,Male,25,19-25,2,artist,98502
3696,Male,35,26-35,7,executive/managerial,19149
3697,Male,25,19-25,15,scientist,68516
3698,Male,25,19-25,7,executive/managerial,53202
3699,Female,56,56+,3,clerical/admin,30127
3700,Male,25,19-25,14,sales/marketing,10021
3701,Male,35,26-35,1,academic/educator,92614
3702,Male,35,26-35,15,scientist,53095
3703,Male,18,Under18,12,programmer,97402
3704,Female,35,26-35,0,other,04255
3705,Male,45,36-45,7,executive/managerial,30076
3706,Male,25,19-25,12,programmer,46725
3707,Female,18,Under18,0,other,34744
3708,Male,56,56+,7,executive/managerial,30097
3709,Male,25,19-25,12,programmer,89502
3710,Male,1,Under18,10,K-12 student,02818
3711,Male,35,26-35,0,other,32506
3712,Male,25,19-25,17,technician/engineer,60042
3713,Female,25,19-25,7,executive/managerial,22201
3714,Male,25,19-25,17,technician/engineer,92111
3715,Male,18,Under18,5,customer service,55428
3716,Male,18,Under18,12,programmer,36115
3717,Male,35,26-35,17,technician/engineer,94533
3718,Male,50,46-55,17,technician/engineer,07728
3719,Male,25,19-25,1,academic/educator,39759
3720,Male,45,36-45,7,executive/managerial,43065
3721,Male,25,19-25,15,scientist,94065
3722,Male,25,19-25,18,tradesman/craftsman,80538
3723,Male,25,19-25,14,sales/marketing,53048
3724,Male,35,26-35,6,doctor/health care,77083
3725,Male,18,Under18,4,college/grad student,32608
3726,Male,25,19-25,17,technician/engineer,92882
3727,Male,35,26-35,7,executive/managerial,74401
3728,Male,18,Under18,4,college/grad student,07030
3729,Male,18,Under18,4,college/grad student,20037
3730,Male,25,19-25,1,academic/educator,48911
3731,Male,25,19-25,17,technician/engineer,67443
3732,Male,25,19-25,17,technician/engineer,60153
3733,Male,18,Under18,4,college/grad student,02777
3734,Male,18,Under18,4,college/grad student,77840
3735,Male,25,19-25,0,other,10009
3736,Male,35,26-35,1,academic/educator,44242
3737,Male,25,19-25,14,sales/marketing,37127
3738,Male,45,36-45,7,executive/managerial,01904-1355
3739,Male,56,56+,11,lawyer,48070
3740,Male,18,Under18,5,customer service,55116
3741,Male,25,19-25,0,other,96818
3742,Male,25,19-25,0,other,90266
3743,Female,35,26-35,7,executive/managerial,89128
3744,Male,25,19-25,0,other,60645
3745,Female,25,19-25,9,homemaker,49442
3746,Male,25,19-25,5,customer service,54703
3747,Male,45,36-45,13,retired,89109
3748,Male,18,Under18,4,college/grad student,02026
3749,Female,25,19-25,0,other,60664
3750,Female,18,Under18,4,college/grad student,94116
3751,Female,35,26-35,12,programmer,55555
3752,Female,18,Under18,1,academic/educator,86314
3753,Male,25,19-25,7,executive/managerial,42518
3754,Male,56,56+,7,executive/managerial,94612
3755,Female,50,46-55,14,sales/marketing,08810
3756,Male,18,Under18,12,programmer,53188
3757,Male,25,19-25,7,executive/managerial,92612
3758,Female,35,26-35,5,customer service,02021
3759,Male,35,26-35,6,doctor/health care,54751
3760,Male,50,46-55,0,other,55128
3761,Male,25,19-25,17,technician/engineer,27613
3762,Male,50,46-55,6,doctor/health care,11746
3763,Male,25,19-25,2,artist,98502
3764,Male,25,19-25,1,academic/educator,06111
3765,Female,50,46-55,3,clerical/admin,34744
3766,Female,18,Under18,1,academic/educator,45458
3767,Male,25,19-25,0,other,94305
3768,Male,25,19-25,4,college/grad student,86314
3769,Male,25,19-25,15,scientist,02446
3770,Female,35,26-35,3,clerical/admin,50322
3771,Male,25,19-25,1,academic/educator,14982
3772,Male,35,26-35,17,technician/engineer,06074
3773,Male,35,26-35,6,doctor/health care,50265
3774,Male,25,19-25,0,other,52556
3775,Male,35,26-35,12,programmer,14619
3776,Female,25,19-25,4,college/grad student,50265
3777,Male,18,Under18,4,college/grad student,23112
3778,Male,25,19-25,0,other,61832
3779,Female,45,36-45,2,artist,98383
3780,Male,1,Under18,0,other,46979
3781,Female,56,56+,11,lawyer,54401
3782,Female,25,19-25,0,other,94602
3783,Male,25,19-25,7,executive/managerial,97267
3784,Female,25,19-25,1,academic/educator,98027
3785,Female,25,19-25,20,writer,93401
3786,Female,25,19-25,0,other,94115
3787,Female,25,19-25,0,other,94703
3788,Female,18,Under18,0,other,94587
3789,Female,25,19-25,0,other,94110
3790,Female,25,19-25,17,technician/engineer,94618
3791,Male,50,46-55,18,tradesman/craftsman,60516
3792,Male,25,19-25,6,doctor/health care,68108
3793,Male,18,Under18,4,college/grad student,21093
3794,Female,18,Under18,4,college/grad student,53211
3795,Female,18,Under18,4,college/grad student,91405
3796,Male,45,36-45,14,sales/marketing,02021
3797,Male,25,19-25,7,executive/managerial,02420
3798,Male,25,19-25,7,executive/managerial,48326
3799,Male,18,Under18,0,other,17844
3800,Male,18,Under18,1,academic/educator,45458
3801,Male,18,Under18,12,programmer,36115
3802,Male,18,Under18,0,other,94520
3803,Female,35,26-35,9,homemaker,19006
3804,Male,25,19-25,6,doctor/health care,06511
3805,Female,35,26-35,1,academic/educator,89031
3806,Male,18,Under18,4,college/grad student,55104
3807,Female,35,26-35,19,unemployed,32095
3808,Male,25,19-25,7,executive/managerial,60010
3809,Male,35,26-35,6,doctor/health care,20650
3810,Male,50,46-55,7,executive/managerial,20016
3811,Male,25,19-25,15,scientist,98103
3812,Male,35,26-35,17,technician/engineer,78749
3813,Male,35,26-35,7,executive/managerial,80910
3814,Male,25,19-25,15,scientist,98102
3815,Male,25,19-25,17,technician/engineer,53406
3816,Female,25,19-25,3,clerical/admin,90020
3817,Male,35,26-35,3,clerical/admin,20122
3818,Male,45,36-45,17,technician/engineer,32837
3819,Male,25,19-25,12,programmer,36115
3820,Male,25,19-25,17,technician/engineer,90804
3821,Male,25,19-25,20,writer,44313
3822,Male,45,36-45,20,writer,98027
3823,Male,56,56+,7,executive/managerial,93711
3824,Male,25,19-25,17,technician/engineer,32308
3825,Male,18,Under18,1,academic/educator,06279
3826,Male,25,19-25,1,academic/educator,48105
3827,Male,50,46-55,2,artist,87020
3828,Male,25,19-25,20,writer,92101
3829,Female,25,19-25,1,academic/educator,22307
3830,Male,18,Under18,4,college/grad student,60630
3831,Female,18,Under18,6,doctor/health care,84780
3832,Female,25,19-25,7,executive/managerial,43214
3833,Male,25,19-25,1,academic/educator,68516
3834,Male,18,Under18,2,artist,02322
3835,Male,25,19-25,7,executive/managerial,40515
3836,Female,50,46-55,8,farmer,84770
3837,Male,25,19-25,17,technician/engineer,28804
3838,Female,25,19-25,14,sales/marketing,10033
3839,Male,50,46-55,14,sales/marketing,02651
3840,Female,25,19-25,0,other,02176
3841,Male,45,36-45,18,tradesman/craftsman,26101
3842,Female,35,26-35,16,self-employed,92054
3843,Female,1,Under18,10,K-12 student,32043
3844,Male,18,Under18,4,college/grad student,73071
3845,Male,25,19-25,12,programmer,94065
3846,Male,35,26-35,0,other,33884
3847,Male,25,19-25,7,executive/managerial,12801
3848,Male,25,19-25,15,scientist,70809-2612
3849,Male,35,26-35,0,other,14086
3850,Male,18,Under18,3,clerical/admin,92278
3851,Male,25,19-25,12,programmer,60657
3852,Male,50,46-55,16,self-employed,60302
3853,Male,25,19-25,14,sales/marketing,92614
3854,Male,25,19-25,14,sales/marketing,30340
3855,Male,25,19-25,17,technician/engineer,20886
3856,Female,35,26-35,20,writer,93449
3857,Male,18,Under18,14,sales/marketing,08822
3858,Female,45,36-45,9,homemaker,63119
3859,Male,25,19-25,0,other,89145
3860,Male,45,36-45,17,technician/engineer,44129
3861,Male,18,Under18,4,college/grad student,12604
3862,Male,25,19-25,17,technician/engineer,10025
3863,Male,25,19-25,0,other,94558
3864,Male,50,46-55,20,writer,29630
3865,Female,1,Under18,10,K-12 student,95864
3866,Male,45,36-45,14,sales/marketing,63130
3867,Male,35,26-35,3,clerical/admin,45215
3868,Male,18,Under18,12,programmer,73112
3869,Male,18,Under18,17,technician/engineer,63544
3870,Male,25,19-25,17,technician/engineer,95050
3871,Male,18,Under18,4,college/grad student,64468
3872,Male,25,19-25,1,academic/educator,14613
3873,Female,45,36-45,2,artist,94558
3874,Male,25,19-25,7,executive/managerial,92103
3875,Male,25,19-25,0,other,66605
3876,Male,25,19-25,0,other,11235
3877,Male,45,36-45,1,academic/educator,33705
3878,Male,35,26-35,16,self-employed,22124
3879,Male,25,19-25,3,clerical/admin,83687
3880,Male,25,19-25,7,executive/managerial,54942
3881,Male,18,Under18,2,artist,44515
3882,Male,56,56+,14,sales/marketing,55337
3883,Male,50,46-55,16,self-employed,78411
3884,Male,18,Under18,4,college/grad student,78759
3885,Male,25,19-25,12,programmer,92728
3886,Male,35,26-35,7,executive/managerial,95008
3887,Male,18,Under18,4,college/grad student,80513
3888,Male,45,36-45,17,technician/engineer,02067
3889,Male,45,36-45,6,doctor/health care,66203
3890,Male,18,Under18,4,college/grad student,33143
3891,Female,56,56+,16,self-employed,90039
3892,Male,25,19-25,20,writer,91505
3893,Male,25,19-25,6,doctor/health care,79401
3894,Male,35,26-35,16,self-employed,02139
3895,Female,35,26-35,0,other,20723
3896,Male,35,26-35,0,other,60914
3897,Male,56,56+,17,technician/engineer,92069
3898,Male,45,36-45,11,lawyer,01772
3899,Male,25,19-25,17,technician/engineer,02135
3900,Female,25,19-25,14,sales/marketing,55343
3901,Male,18,Under18,14,sales/marketing,85282
3902,Male,25,19-25,5,customer service,46239
3903,Male,25,19-25,0,other,02542
3904,Male,1,Under18,10,K-12 student,48445
3905,Male,25,19-25,17,technician/engineer,361069
3906,Male,50,46-55,17,technician/engineer,54409
3907,Female,18,Under18,14,sales/marketing,22201
3908,Male,25,19-25,0,other,10021
3909,Male,18,Under18,17,technician/engineer,19104
3910,Male,25,19-25,20,writer,91505
3911,Male,18,Under18,0,other,92037
3912,Male,25,19-25,4,college/grad student,19104
3913,Male,18,Under18,17,technician/engineer,40207
3914,Male,35,26-35,4,college/grad student,84123
3915,Female,35,26-35,3,clerical/admin,71111
3916,Male,25,19-25,4,college/grad student,02134
3917,Female,35,26-35,9,homemaker,60618
3918,Male,25,19-25,18,tradesman/craftsman,30189
3919,Male,45,36-45,0,other,73702
3920,Male,35,26-35,17,technician/engineer,63126
3921,Male,25,19-25,14,sales/marketing,95820
3922,Male,18,Under18,4,college/grad student,53211
3923,Male,35,26-35,2,artist,92115
3924,Male,50,46-55,12,programmer,90254
3925,Male,25,19-25,12,programmer,77042
3926,Male,25,19-25,2,artist,94404
3927,Female,25,19-25,16,self-employed,67846
3928,Male,25,19-25,0,other,55812
3929,Male,25,19-25,5,customer service,80227
3930,Male,56,56+,3,clerical/admin,52240
3931,Male,25,19-25,5,customer service,92117
3932,Male,25,19-25,7,executive/managerial,49221
3933,Female,35,26-35,6,doctor/health care,48073
3934,Male,25,19-25,0,other,44512
3935,Male,35,26-35,18,tradesman/craftsman,72118
3936,Female,35,26-35,12,programmer,01464
3937,Male,56,56+,2,artist,92020
3938,Male,25,19-25,2,artist,92711-0571
3939,Male,45,36-45,7,executive/managerial,91405
3940,Male,35,26-35,20,writer,32708
3941,Male,45,36-45,17,technician/engineer,40031
3942,Male,18,Under18,4,college/grad student,49855
3943,Female,35,26-35,7,executive/managerial,98074
3944,Female,35,26-35,16,self-employed,80401
3945,Female,45,36-45,1,academic/educator,96778
3946,Female,25,19-25,12,programmer,22207
3947,Male,25,19-25,0,other,90019
3948,Female,45,36-45,12,programmer,61554
3949,Male,45,36-45,0,other,44266
3950,Male,25,19-25,4,college/grad student,60056
3951,Female,18,Under18,4,college/grad student,60014
3952,Female,45,36-45,1,academic/educator,12449
3953,Male,25,19-25,12,programmer,55117
3954,Male,18,Under18,4,college/grad student,32601
3955,Male,35,26-35,0,other,12831
3956,Male,25,19-25,0,other,94930-2010
3957,Male,35,26-35,11,lawyer,40242
3958,Male,45,36-45,7,executive/managerial,46112
3959,Female,45,36-45,1,academic/educator,03768
3960,Female,35,26-35,14,sales/marketing,55014
3961,Male,25,19-25,1,academic/educator,45230
3962,Female,56,56+,0,other,98115
3963,Male,50,46-55,20,writer,30030
3964,Male,56,56+,16,self-employed,66502
3965,Male,18,Under18,11,lawyer,65202
3966,Male,25,19-25,0,other,30096
3967,Female,18,Under18,2,artist,13603
3968,Male,25,19-25,2,artist,02903
3969,Male,56,56+,7,executive/managerial,12345
3970,Female,25,19-25,2,artist,02903
3971,Female,18,Under18,4,college/grad student,80228
3972,Female,25,19-25,6,doctor/health care,23229
3973,Male,25,19-25,7,executive/managerial,60614
3974,Male,35,26-35,0,other,30741
3975,Female,25,19-25,5,customer service,43229
3976,Female,25,19-25,0,other,44107
3977,Male,35,26-35,14,sales/marketing,22180
3978,Male,35,26-35,13,retired,78252
3979,Female,50,46-55,9,homemaker,59072
3980,Male,25,19-25,4,college/grad student,66762
3981,Female,45,36-45,0,other,97701
3982,Male,56,56+,13,retired,95929
3983,Male,25,19-25,0,other,30606
3984,Male,25,19-25,7,executive/managerial,75089
3985,Male,45,36-45,16,self-employed,01880
3986,Male,25,19-25,7,executive/managerial,33324
3987,Female,18,Under18,4,college/grad student,01742
3988,Female,25,19-25,14,sales/marketing,60647
3989,Male,50,46-55,12,programmer,30030
3990,Male,25,19-25,16,self-employed,17350
3991,Male,25,19-25,7,executive/managerial,33309
3992,Male,25,19-25,4,college/grad student,32653
3993,Male,25,19-25,0,other,22015
3994,Male,50,46-55,7,executive/managerial,43081
3995,Male,35,26-35,17,technician/engineer,22810
3996,Male,18,Under18,14,sales/marketing,32825
3997,Male,35,26-35,17,technician/engineer,45255
3998,Male,45,36-45,0,other,74354
3999,Male,35,26-35,17,technician/engineer,30701
4000,Male,35,26-35,7,executive/managerial,08876
4001,Female,25,19-25,1,academic/educator,01860
4002,Male,45,36-45,16,self-employed,20880
4003,Male,56,56+,13,retired,46143
4004,Male,50,46-55,0,other,21050
4005,Male,35,26-35,7,executive/managerial,12110
4006,Male,1,Under18,7,executive/managerial,48038
4007,Male,35,26-35,12,programmer,88005
4008,Male,18,Under18,1,academic/educator,92802
4009,Male,18,Under18,7,executive/managerial,44039
4010,Male,25,19-25,14,sales/marketing,94533
4011,Male,25,19-25,17,technician/engineer,85210
4012,Male,18,Under18,4,college/grad student,49503-1313
4013,Male,25,19-25,1,academic/educator,77803
4014,Male,25,19-25,0,other,48316-5601
4015,Female,45,36-45,3,clerical/admin,75605
4016,Male,50,46-55,0,other,33901
4017,Male,25,19-25,14,sales/marketing,17972
4018,Female,45,36-45,20,writer,75214
4019,Male,35,26-35,17,technician/engineer,54601
4020,Male,25,19-25,6,doctor/health care,77034
4021,Male,50,46-55,20,writer,95236
4022,Male,35,26-35,14,sales/marketing,53403
4023,Female,35,26-35,9,homemaker,32404
4024,Male,25,19-25,5,customer service,45011
4025,Female,56,56+,6,doctor/health care,77018
4026,Male,25,19-25,7,executive/managerial,68164
4027,Female,25,19-25,7,executive/managerial,12533
4028,Male,25,19-25,4,college/grad student,02140
4029,Female,56,56+,3,clerical/admin,21114
4030,Male,35,26-35,7,executive/managerial,89128
4031,Male,25,19-25,0,other,42445
4032,Male,25,19-25,12,programmer,56301
4033,Male,25,19-25,6,doctor/health care,43551
4034,Male,25,19-25,0,other,21113
4035,Male,18,Under18,4,college/grad student,45251
4036,Male,25,19-25,1,academic/educator,46530
4037,Male,50,46-55,16,self-employed,80206
4038,Male,50,46-55,6,doctor/health care,11510-2001
4039,Male,25,19-25,16,self-employed,97401
4040,Male,25,19-25,20,writer,75006
4041,Male,18,Under18,3,clerical/admin,48005
4042,Male,35,26-35,15,scientist,94002
4043,Female,25,19-25,15,scientist,94002
4044,Female,35,26-35,3,clerical/admin,95826
4045,Male,56,56+,13,retired,40511
4046,Male,45,36-45,17,technician/engineer,53545
4047,Male,18,Under18,4,college/grad student,30606
4048,Female,35,26-35,1,academic/educator,89431
4049,Male,45,36-45,11,lawyer,33133
4050,Male,35,26-35,6,doctor/health care,60061
4051,Male,18,Under18,14,sales/marketing,01604
4052,Male,25,19-25,2,artist,43551
4053,Male,25,19-25,18,tradesman/craftsman,36264
4054,Male,35,26-35,3,clerical/admin,68122
4055,Male,50,46-55,0,other,98826
4056,Male,1,Under18,10,K-12 student,28270
4057,Male,35,26-35,6,doctor/health care,18249
4058,Male,25,19-25,6,doctor/health care,73118
4059,Male,25,19-25,14,sales/marketing,80232
4060,Male,25,19-25,18,tradesman/craftsman,55412
4061,Male,50,46-55,6,doctor/health care,32726
4062,Male,25,19-25,7,executive/managerial,60559
4063,Female,35,26-35,1,academic/educator,29070
4064,Male,45,36-45,0,other,20851
4065,Female,45,36-45,5,customer service,48341
4066,Male,25,19-25,0,other,19010
4067,Male,45,36-45,20,writer,91607
4068,Male,56,56+,3,clerical/admin,89185
4069,Male,35,26-35,15,scientist,19406
4070,Male,25,19-25,15,scientist,93107
4071,Male,25,19-25,17,technician/engineer,33823
4072,Male,50,46-55,6,doctor/health care,93111
4073,Male,25,19-25,6,doctor/health care,70003
4074,Male,35,26-35,6,doctor/health care,78746
4075,Male,25,19-25,16,self-employed,47901
4076,Male,25,19-25,17,technician/engineer,55344
4077,Female,35,26-35,2,artist,22030
4078,Male,25,19-25,15,scientist,28226
4079,Male,35,26-35,17,technician/engineer,26505
4080,Male,35,26-35,1,academic/educator,48912
4081,Male,18,Under18,12,programmer,19403
4082,Male,25,19-25,20,writer,79912
4083,Male,56,56+,14,sales/marketing,92630
4084,Male,56,56+,13,retired,14215
4085,Female,25,19-25,6,doctor/health care,79416
4086,Female,1,Under18,10,K-12 student,55391
4087,Male,1,Under18,4,college/grad student,63376
4088,Male,25,19-25,3,clerical/admin,77057
4089,Male,25,19-25,7,executive/managerial,79416
4090,Male,56,56+,6,doctor/health care,77379
4091,Male,25,19-25,17,technician/engineer,55410
4092,Female,25,19-25,0,other,19063
4093,Male,25,19-25,4,college/grad student,70806
4094,Male,25,19-25,17,technician/engineer,49017
4095,Male,25,19-25,0,other,10013
4096,Male,25,19-25,15,scientist,60004
4097,Male,25,19-25,7,executive/managerial,63366
4098,Male,35,26-35,7,executive/managerial,53150
4099,Male,35,26-35,17,technician/engineer,94954
4100,Male,56,56+,6,doctor/health care,77096
4101,Male,18,Under18,4,college/grad student,23233
4102,Male,1,Under18,10,K-12 student,48655
4103,Male,18,Under18,16,self-employed,11211
4104,Male,18,Under18,16,self-employed,42141
4105,Male,50,46-55,7,executive/managerial,34243
4106,Male,25,19-25,16,self-employed,95437
4107,Female,25,19-25,0,other,23221
4108,Male,35,26-35,17,technician/engineer,77536
4109,Male,35,26-35,3,clerical/admin,97202
4110,Female,45,36-45,7,executive/managerial,41722
4111,Male,25,19-25,15,scientist,32603
4112,Male,45,36-45,18,tradesman/craftsman,47129
4113,Male,35,26-35,17,technician/engineer,58503
4114,Male,35,26-35,14,sales/marketing,48187
4115,Male,25,19-25,15,scientist,99353
4116,Male,35,26-35,7,executive/managerial,07040
4117,Male,18,Under18,4,college/grad student,43551
4118,Male,25,19-25,3,clerical/admin,91221
4119,Male,50,46-55,1,academic/educator,39401
4120,Male,25,19-25,16,self-employed,71118
4121,Male,45,36-45,7,executive/managerial,08876
4122,Male,18,Under18,19,unemployed,82070
4123,Female,25,19-25,4,college/grad student,46807
4124,Male,25,19-25,18,tradesman/craftsman,62330-1408
4125,Male,35,26-35,2,artist,13676
4126,Male,25,19-25,17,technician/engineer,53188
4127,Male,50,46-55,17,technician/engineer,16803
4128,Male,35,26-35,6,doctor/health care,60025
4129,Male,56,56+,11,lawyer,12144
4130,Male,35,26-35,6,doctor/health care,48439
4131,Male,45,36-45,7,executive/managerial,97720
4132,Male,25,19-25,17,technician/engineer,80112
4133,Male,45,36-45,4,college/grad student,77009
4134,Female,45,36-45,12,programmer,85283
4135,Male,1,Under18,10,K-12 student,46321
4136,Male,50,46-55,16,self-employed,60056
4137,Male,25,19-25,7,executive/managerial,91941
4138,Male,25,19-25,7,executive/managerial,91423
4139,Male,56,56+,14,sales/marketing,40207
4140,Male,25,19-25,0,other,32112
4141,Male,35,26-35,17,technician/engineer,95014
4142,Male,56,56+,7,executive/managerial,01040
4143,Female,25,19-25,5,customer service,60441
4144,Male,18,Under18,4,college/grad student,02451
4145,Female,50,46-55,1,academic/educator,78681
4146,Male,35,26-35,17,technician/engineer,44301
4147,Female,50,46-55,7,executive/managerial,02889
4148,Female,35,26-35,7,executive/managerial,55021
4149,Male,35,26-35,1,academic/educator,32792
4150,Male,25,19-25,0,other,29672
4151,Male,45,36-45,20,writer,43201
4152,Male,25,19-25,14,sales/marketing,74114
4153,Male,50,46-55,17,technician/engineer,16801
4154,Male,25,19-25,1,academic/educator,29440
4155,Male,50,46-55,17,technician/engineer,85712
4156,Male,56,56+,20,writer,95123
4157,Male,50,46-55,18,tradesman/craftsman,97321
4158,Female,1,Under18,10,K-12 student,90039
4159,Female,50,46-55,9,homemaker,01450
4160,Male,35,26-35,20,writer,10027
4161,Male,45,36-45,0,other,90404
4162,Female,25,19-25,14,sales/marketing,23221
4163,Male,56,56+,7,executive/managerial,08901
4164,Male,35,26-35,1,academic/educator,50677
4165,Female,25,19-25,14,sales/marketing,94114
4166,Female,25,19-25,7,executive/managerial,75240
4167,Male,25,19-25,20,writer,22032
4168,Female,45,36-45,6,doctor/health care,37766
4169,Male,50,46-55,0,other,66048
4170,Male,45,36-45,7,executive/managerial,53713
4171,Male,56,56+,16,self-employed,79705
4172,Male,35,26-35,7,executive/managerial,19901
4173,Female,18,Under18,11,lawyer,29063
4174,Female,35,26-35,3,clerical/admin,20110
4175,Male,35,26-35,0,other,66204
4176,Male,45,36-45,7,executive/managerial,19008
4177,Male,35,26-35,17,technician/engineer,90680
4178,Female,50,46-55,16,self-employed,08033
4179,Female,35,26-35,20,writer,94949
4180,Male,56,56+,13,retired,13502
4181,Female,25,19-25,7,executive/managerial,33177
4182,Male,25,19-25,18,tradesman/craftsman,80903
4183,Male,25,19-25,1,academic/educator,91730
4184,Male,50,46-55,7,executive/managerial,32114
4185,Male,25,19-25,14,sales/marketing,90274
4186,Male,25,19-25,7,executive/managerial,33308
4187,Female,56,56+,20,writer,63026
4188,Male,50,46-55,7,executive/managerial,74137
4189,Male,35,26-35,14,sales/marketing,91364
4190,Male,45,36-45,17,technician/engineer,89108
4191,Female,45,36-45,15,scientist,55446
4192,Male,35,26-35,17,technician/engineer,77521
4193,Male,56,56+,13,retired,93907
4194,Male,18,Under18,4,college/grad student,60637
4195,Female,56,56+,13,retired,95050
4196,Male,35,26-35,14,sales/marketing,14221
4197,Female,45,36-45,1,academic/educator,18042
4198,Male,18,Under18,4,college/grad student,80631
4199,Female,25,19-25,9,homemaker,32712
4200,Male,45,36-45,7,executive/managerial,10543
4201,Female,25,19-25,0,other,65550
4202,Male,25,19-25,7,executive/managerial,21234
4203,Male,25,19-25,18,tradesman/craftsman,58270
4204,Male,35,26-35,7,executive/managerial,06905
4205,Female,25,19-25,15,scientist,87801
4206,Female,35,26-35,1,academic/educator,22947
4207,Male,35,26-35,1,academic/educator,90731
4208,Female,35,26-35,0,other,90403
4209,Male,56,56+,0,other,37363
4210,Male,25,19-25,17,technician/engineer,85710
4211,Male,45,36-45,5,customer service,77662
4212,Male,56,56+,18,tradesman/craftsman,56716
4213,Male,35,26-35,7,executive/managerial,63125
4214,Female,25,19-25,0,other,20121
4215,Male,25,19-25,7,executive/managerial,77006
4216,Male,25,19-25,17,technician/engineer,01752
4217,Male,18,Under18,4,college/grad student,18042
4218,Male,50,46-55,17,technician/engineer,23233
4219,Male,35,26-35,17,technician/engineer,95125
4220,Male,35,26-35,0,other,97225
4221,Male,35,26-35,4,college/grad student,53818
4222,Female,45,36-45,17,technician/engineer,55976
4223,Female,35,26-35,17,technician/engineer,60148
4224,Female,45,36-45,1,academic/educator,48198
4225,Female,25,19-25,3,clerical/admin,48197
4226,Female,35,26-35,6,doctor/health care,76021
4227,Male,25,19-25,19,unemployed,11414-2520
4228,Male,50,46-55,18,tradesman/craftsman,20706
4229,Male,35,26-35,17,technician/engineer,94010
4230,Male,56,56+,13,retired,34235
4231,Female,50,46-55,18,tradesman/craftsman,20706
4232,Female,35,26-35,20,writer,75287
4233,Male,35,26-35,4,college/grad student,37917
4234,Female,45,36-45,3,clerical/admin,48130
4235,Male,50,46-55,2,artist,90029
4236,Female,25,19-25,3,clerical/admin,07960
4237,Male,25,19-25,14,sales/marketing,77450
4238,Male,35,26-35,16,self-employed,44691
4239,Male,50,46-55,7,executive/managerial,52402
4240,Male,35,26-35,17,technician/engineer,55330
4241,Male,35,26-35,7,executive/managerial,11767
4242,Male,50,46-55,7,executive/managerial,78704
4243,Male,56,56+,7,executive/managerial,32137
4244,Male,35,26-35,17,technician/engineer,48146
4245,Male,50,46-55,12,programmer,44286
4246,Female,35,26-35,7,executive/managerial,48034
4247,Male,25,19-25,4,college/grad student,82601
4248,Male,25,19-25,4,college/grad student,26508
4249,Female,18,Under18,17,technician/engineer,65203
4250,Female,50,46-55,0,other,33313
4251,Male,45,36-45,7,executive/managerial,60139
4252,Female,35,26-35,3,clerical/admin,28262
4253,Male,45,36-45,11,lawyer,03301
4254,Male,25,19-25,17,technician/engineer,38654
4255,Male,50,46-55,12,programmer,13041
4256,Female,1,Under18,2,artist,78945
4257,Male,50,46-55,16,self-employed,38122
4258,Male,25,19-25,17,technician/engineer,19711
4259,Male,35,26-35,17,technician/engineer,45380
4260,Male,25,19-25,16,self-employed,59079
4261,Female,35,26-35,6,doctor/health care,07950
4262,Female,35,26-35,6,doctor/health care,06512
4263,Male,25,19-25,7,executive/managerial,40205
4264,Male,45,36-45,1,academic/educator,60102
4265,Male,25,19-25,12,programmer,03060
4266,Male,56,56+,13,retired,78681
4267,Male,35,26-35,7,executive/managerial,02171
4268,Female,45,36-45,20,writer,04046
4269,Male,35,26-35,18,tradesman/craftsman,27603
4270,Male,45,36-45,7,executive/managerial,13211
4271,Male,35,26-35,7,executive/managerial,83405
4272,Male,45,36-45,17,technician/engineer,37923
4273,Male,45,36-45,13,retired,30030
4274,Female,45,36-45,1,academic/educator,04258
4275,Female,45,36-45,16,self-employed,14468
4276,Female,45,36-45,0,other,96821
4277,Male,35,26-35,16,self-employed,98133
4278,Female,45,36-45,7,executive/managerial,09094
4279,Male,25,19-25,16,self-employed,43215
4280,Male,35,26-35,17,technician/engineer,27587
4281,Male,56,56+,13,retired,92120
4282,Male,35,26-35,0,other,15801
4283,Female,25,19-25,9,homemaker,98632
4284,Male,50,46-55,7,executive/managerial,40601
4285,Male,35,26-35,0,other,62704
4286,Male,35,26-35,17,technician/engineer,11554
4287,Male,25,19-25,7,executive/managerial,35244
4288,Female,25,19-25,9,homemaker,46580
4289,Male,35,26-35,14,sales/marketing,32068
4290,Male,25,19-25,17,technician/engineer,98661
4291,Male,35,26-35,14,sales/marketing,98125
4292,Male,25,19-25,0,other,98178
4293,Female,45,36-45,9,homemaker,55391
4294,Male,1,Under18,10,K-12 student,75633
4295,Male,18,Under18,18,tradesman/craftsman,90605
4296,Male,56,56+,6,doctor/health care,33030
4297,Male,45,36-45,15,scientist,55391
4298,Female,18,Under18,14,sales/marketing,85705
4299,Female,25,19-25,2,artist,43617
4300,Female,18,Under18,4,college/grad student,98125
4301,Male,35,26-35,11,lawyer,38135
4302,Male,50,46-55,1,academic/educator,45385
4303,Male,25,19-25,2,artist,91910
4304,Male,18,Under18,0,other,46250
4305,Female,45,36-45,17,technician/engineer,27616
4306,Male,45,36-45,7,executive/managerial,67301
4307,Male,25,19-25,0,other,94122
4308,Male,25,19-25,0,other,33702
4309,Male,25,19-25,0,other,36301
4310,Male,25,19-25,4,college/grad student,57006
4311,Male,50,46-55,13,retired,68502
4312,Male,25,19-25,18,tradesman/craftsman,78757
4313,Female,25,19-25,7,executive/managerial,07067
4314,Male,25,19-25,17,technician/engineer,79925
4315,Male,18,Under18,4,college/grad student,44266
4316,Male,25,19-25,6,doctor/health care,75080
4317,Female,35,26-35,14,sales/marketing,60202
4318,Male,25,19-25,5,customer service,02891
4319,Male,35,26-35,7,executive/managerial,44125
4320,Male,25,19-25,5,customer service,89114
4321,Male,45,36-45,7,executive/managerial,80525
4322,Female,50,46-55,6,doctor/health care,75605
4323,Male,18,Under18,4,college/grad student,82072
4324,Male,25,19-25,5,customer service,60010
4325,Male,25,19-25,0,other,30082
4326,Female,45,36-45,13,retired,94931
4327,Male,35,26-35,17,technician/engineer,37221
4328,Male,50,46-55,3,clerical/admin,75650
4329,Female,25,19-25,14,sales/marketing,78232
4330,Female,45,36-45,6,doctor/health care,85719
4331,Male,35,26-35,6,doctor/health care,45011
4332,Female,25,19-25,3,clerical/admin,60606
4333,Male,50,46-55,2,artist,33134
4334,Male,25,19-25,1,academic/educator,70458
4335,Male,35,26-35,0,other,74011
4336,Female,25,19-25,0,other,40241
4337,Male,18,Under18,20,writer,76135
4338,Female,18,Under18,5,customer service,46222
4339,Male,25,19-25,2,artist,78748
4340,Female,25,19-25,17,technician/engineer,76021
4341,Male,35,26-35,17,technician/engineer,33433
4342,Male,25,19-25,0,other,66614
4343,Male,25,19-25,12,programmer,75007
4344,Male,25,19-25,1,academic/educator,44240
4345,Female,25,19-25,14,sales/marketing,44304
4346,Male,18,Under18,17,technician/engineer,45701
4347,Female,18,Under18,20,writer,77304
4348,Male,45,36-45,0,other,30189
4349,Male,18,Under18,2,artist,95843
4350,Male,18,Under18,2,artist,29118
4351,Male,25,19-25,12,programmer,37919
4352,Male,18,Under18,4,college/grad student,11010
4353,Male,25,19-25,7,executive/managerial,11215
4354,Male,35,26-35,14,sales/marketing,78611
4355,Male,50,46-55,14,sales/marketing,08028
4356,Male,35,26-35,16,self-employed,85730
4357,Female,35,26-35,9,homemaker,83616
4358,Male,35,26-35,17,technician/engineer,04457
4359,Male,18,Under18,4,college/grad student,33168
4360,Female,25,19-25,9,homemaker,98001
4361,Male,35,26-35,15,scientist,83616
4362,Male,25,19-25,17,technician/engineer,85016
4363,Male,35,26-35,14,sales/marketing,91602
4364,Male,25,19-25,18,tradesman/craftsman,98001
4365,Female,50,46-55,16,self-employed,46350
4366,Male,18,Under18,15,scientist,02215
4367,Male,35,26-35,0,other,52057
4368,Male,18,Under18,17,technician/engineer,22043
4369,Male,50,46-55,7,executive/managerial,30306
4370,Male,25,19-25,16,self-employed,07701
4371,Female,18,Under18,4,college/grad student,63109
4372,Male,35,26-35,17,technician/engineer,75010
4373,Male,50,46-55,12,programmer,32920
4374,Male,18,Under18,4,college/grad student,43201
4375,Female,25,19-25,5,customer service,40241
4376,Female,25,19-25,5,customer service,27203
4377,Male,25,19-25,0,other,32444
4378,Male,18,Under18,17,technician/engineer,06040
4379,Male,25,19-25,4,college/grad student,27278
4380,Female,25,19-25,1,academic/educator,37153
4381,Male,25,19-25,4,college/grad student,65804
4382,Male,25,19-25,18,tradesman/craftsman,14620
4383,Female,18,Under18,4,college/grad student,93940
4384,Male,25,19-25,0,other,43623
4385,Male,25,19-25,4,college/grad student,93940
4386,Male,25,19-25,5,customer service,74055
4387,Female,18,Under18,4,college/grad student,63109
4388,Male,45,36-45,3,clerical/admin,75074
4389,Male,25,19-25,4,college/grad student,48072
4390,Male,25,19-25,0,other,11201
4391,Female,18,Under18,4,college/grad student,43402
4392,Male,18,Under18,4,college/grad student,43402
4393,Male,18,Under18,4,college/grad student,43402
4394,Male,25,19-25,4,college/grad student,43402
4395,Male,50,46-55,6,doctor/health care,43402
4396,Male,18,Under18,1,academic/educator,44221
4397,Male,18,Under18,4,college/grad student,43402
4398,Female,18,Under18,4,college/grad student,43612
4399,Female,18,Under18,4,college/grad student,43403
4400,Female,18,Under18,4,college/grad student,43402
4401,Male,18,Under18,4,college/grad student,10027
4402,Female,18,Under18,14,sales/marketing,43614
4403,Male,25,19-25,15,scientist,90066
4404,Male,25,19-25,1,academic/educator,57106
4405,Male,25,19-25,14,sales/marketing,98103
4406,Male,25,19-25,16,self-employed,80013
4407,Male,18,Under18,4,college/grad student,02143
4408,Female,45,36-45,2,artist,19033
4409,Male,25,19-25,14,sales/marketing,65023
4410,Male,18,Under18,19,unemployed,40475
4411,Male,18,Under18,4,college/grad student,92122
4412,Male,18,Under18,4,college/grad student,16802
4413,Male,1,Under18,13,retired,37130
4414,Male,25,19-25,4,college/grad student,40504
4415,Male,18,Under18,0,other,02215
4416,Male,18,Under18,4,college/grad student,02134
4417,Male,25,19-25,15,scientist,02135
4418,Female,50,46-55,0,other,02139
4419,Female,45,36-45,12,programmer,15801
4420,Male,25,19-25,15,scientist,92557
4421,Male,45,36-45,0,other,90024
4422,Male,25,19-25,5,customer service,10463
4423,Male,18,Under18,4,college/grad student,52241
4424,Male,25,19-25,7,executive/managerial,94109
4425,Male,35,26-35,7,executive/managerial,98607
4426,Male,45,36-45,17,technician/engineer,93401
4427,Male,18,Under18,0,other,51104
4428,Male,25,19-25,14,sales/marketing,46940
4429,Male,25,19-25,5,customer service,85705
4430,Female,25,19-25,0,other,94403
4431,Male,1,Under18,14,sales/marketing,80401
4432,Male,25,19-25,12,programmer,21045
4433,Male,25,19-25,0,other,43081
4434,Female,35,26-35,7,executive/managerial,60201
4435,Male,25,19-25,7,executive/managerial,76904
4436,Male,25,19-25,12,programmer,19067
4437,Female,35,26-35,5,customer service,47129
4438,Male,50,46-55,0,other,11947
4439,Male,35,26-35,6,doctor/health care,37664
4440,Male,35,26-35,1,academic/educator,81005
4441,Male,18,Under18,4,college/grad student,98105
4442,Male,50,46-55,15,scientist,94303
4443,Male,56,56+,2,artist,91321
4444,Female,25,19-25,12,programmer,80126
4445,Male,25,19-25,3,clerical/admin,19806
4446,Male,18,Under18,18,tradesman/craftsman,60435
4447,Male,45,36-45,5,customer service,32953
4448,Male,25,19-25,14,sales/marketing,06880
4449,Male,25,19-25,12,programmer,27513
4450,Male,25,19-25,15,scientist,60611
4451,Male,25,19-25,14,sales/marketing,30101
4452,Female,25,19-25,7,executive/managerial,78666
4453,Male,35,26-35,0,other,95667
4454,Male,25,19-25,20,writer,111225
4455,Male,35,26-35,7,executive/managerial,27511
4456,Female,35,26-35,2,artist,49770
4457,Male,35,26-35,14,sales/marketing,95492
4458,Female,25,19-25,4,college/grad student,15701-2017
4459,Male,25,19-25,1,academic/educator,28027
4460,Male,25,19-25,14,sales/marketing,70005
4461,Male,25,19-25,20,writer,81101
4462,Female,25,19-25,0,other,60156
4463,Male,50,46-55,7,executive/managerial,07405
4464,Female,50,46-55,1,academic/educator,62052
4465,Male,18,Under18,4,college/grad student,02148
4466,Male,35,26-35,11,lawyer,10022
4467,Female,50,46-55,6,doctor/health care,15333
4468,Female,35,26-35,7,executive/managerial,75601
4469,Female,45,36-45,12,programmer,92037
4470,Male,35,26-35,12,programmer,15089
4471,Male,25,19-25,6,doctor/health care,94108
4472,Female,45,36-45,16,self-employed,14424
4473,Male,35,26-35,1,academic/educator,94121
4474,Male,35,26-35,7,executive/managerial,28805
4475,Male,18,Under18,4,college/grad student,10020
4476,Male,45,36-45,1,academic/educator,50588
4477,Male,25,19-25,7,executive/managerial,98908
4478,Male,1,Under18,12,programmer,02138
4479,Male,50,46-55,13,retired,33015
4480,Male,25,19-25,0,other,94403
4481,Male,25,19-25,18,tradesman/craftsman,26104
4482,Female,35,26-35,1,academic/educator,94044
4483,Female,25,19-25,6,doctor/health care,72703
4484,Female,25,19-25,17,technician/engineer,94613
4485,Male,25,19-25,4,college/grad student,64112
4486,Male,35,26-35,8,farmer,98674
4487,Male,25,19-25,7,executive/managerial,01850
4488,Male,35,26-35,7,executive/managerial,72703
4489,Male,18,Under18,4,college/grad student,78613
4490,Male,35,26-35,5,customer service,70123
4491,Male,18,Under18,4,college/grad student,52405
4492,Male,56,56+,13,retired,45322-3132
4493,Female,1,Under18,10,K-12 student,10025
4494,Male,45,36-45,0,other,33460
4495,Male,18,Under18,4,college/grad student,22906
4496,Male,45,36-45,2,artist,06513
4497,Male,50,46-55,0,other,29678
4498,Male,50,46-55,7,executive/managerial,76054
4499,Male,25,19-25,6,doctor/health care,62702
4500,Male,50,46-55,7,executive/managerial,76054
4501,Male,25,19-25,17,technician/engineer,94118
4502,Male,50,46-55,0,other,01379
4503,Male,56,56+,1,academic/educator,85374
4504,Female,25,19-25,0,other,65775
4505,Male,50,46-55,7,executive/managerial,39648
4506,Male,50,46-55,16,self-employed,29464
4507,Male,18,Under18,4,college/grad student,61820
4508,Male,25,19-25,20,writer,15701
4509,Male,25,19-25,7,executive/managerial,38261
4510,Male,45,36-45,7,executive/managerial,92503
4511,Male,35,26-35,7,executive/managerial,62234
4512,Male,25,19-25,1,academic/educator,16508
4513,Male,56,56+,0,other,61704
4514,Male,18,Under18,3,clerical/admin,48604
4515,Male,56,56+,13,retired,29449
4516,Male,18,Under18,4,college/grad student,53142
4517,Female,18,Under18,1,academic/educator,48067
4518,Male,25,19-25,0,other,80903
4519,Male,50,46-55,7,executive/managerial,38135
4520,Male,25,19-25,4,college/grad student,45810
4521,Male,35,26-35,12,programmer,15202
4522,Male,45,36-45,1,academic/educator,81004
4523,Male,18,Under18,2,artist,55304
4524,Male,25,19-25,2,artist,55113
4525,Male,25,19-25,14,sales/marketing,10021
4526,Male,25,19-25,20,writer,10012
4527,Male,18,Under18,0,other,38111
4528,Male,25,19-25,14,sales/marketing,27605
4529,Male,35,26-35,6,doctor/health care,84102
4530,Female,35,26-35,1,academic/educator,92103
4531,Male,18,Under18,4,college/grad student,85701
4532,Male,25,19-25,7,executive/managerial,10025
4533,Male,25,19-25,12,programmer,53045
4534,Male,18,Under18,4,college/grad student,72202
4535,Male,18,Under18,19,unemployed,17517
4536,Male,18,Under18,12,programmer,53715
4537,Female,45,36-45,1,academic/educator,01379
4538,Male,25,19-25,12,programmer,0956456
4539,Male,35,26-35,19,unemployed,01054
4540,Female,25,19-25,14,sales/marketing,94301
4541,Male,1,Under18,10,K-12 student,55427
4542,Male,35,26-35,0,other,94610
4543,Male,25,19-25,2,artist,11105
4544,Male,56,56+,1,academic/educator,53705
4545,Male,25,19-25,16,self-employed,47274
4546,Male,25,19-25,7,executive/managerial,49686
4547,Male,18,Under18,12,programmer,02115
4548,Male,18,Under18,2,artist,27514
4549,Female,1,Under18,10,K-12 student,99016
4550,Male,18,Under18,16,self-employed,24541
4551,Male,18,Under18,12,programmer,60622
4552,Male,25,19-25,0,other,22306
4553,Female,35,26-35,16,self-employed,48237
4554,Female,25,19-25,9,homemaker,48306
4555,Female,18,Under18,9,homemaker,73008
4556,Male,45,36-45,16,self-employed,55011
4557,Male,25,19-25,14,sales/marketing,02134
4558,Male,35,26-35,14,sales/marketing,48217
4559,Male,25,19-25,7,executive/managerial,05346
4560,Male,25,19-25,0,other,69301
4561,Female,25,19-25,9,homemaker,84037
4562,Male,35,26-35,10,K-12 student,94133
4563,Female,25,19-25,6,doctor/health care,22903
4564,Male,35,26-35,12,programmer,19107
4565,Male,35,26-35,14,sales/marketing,94085
4566,Male,35,26-35,17,technician/engineer,19473
4567,Male,18,Under18,4,college/grad student,98105
4568,Female,25,19-25,4,college/grad student,90034
4569,Male,25,19-25,0,other,21532
4570,Male,45,36-45,17,technician/engineer,60185
4571,Male,35,26-35,7,executive/managerial,21013
4572,Female,1,Under18,10,K-12 student,17036
4573,Male,50,46-55,16,self-employed,11963
4574,Male,25,19-25,4,college/grad student,60614
4575,Female,1,Under18,10,K-12 student,03608
4576,Female,25,19-25,7,executive/managerial,48237
4577,Male,35,26-35,7,executive/managerial,48306
4578,Male,25,19-25,0,other,02134
4579,Female,18,Under18,4,college/grad student,63332
4580,Female,56,56+,13,retired,97113
4581,Male,25,19-25,1,academic/educator,19103
4582,Female,25,19-25,0,other,55408
4583,Male,50,46-55,1,academic/educator,48371
4584,Female,45,36-45,0,other,11372
4585,Male,35,26-35,7,executive/managerial,30324
4586,Male,25,19-25,4,college/grad student,01604
4587,Male,35,26-35,14,sales/marketing,07920
4588,Female,25,19-25,4,college/grad student,48042
4589,Male,25,19-25,17,technician/engineer,02139
4590,Female,18,Under18,20,writer,55104
4591,Male,25,19-25,15,scientist,02143
4592,Male,18,Under18,4,college/grad student,66044
4593,Female,45,36-45,1,academic/educator,43202
4594,Male,35,26-35,16,self-employed,55303
4595,Male,25,19-25,18,tradesman/craftsman,97034
4596,Female,18,Under18,4,college/grad student,94611
4597,Female,25,19-25,4,college/grad student,22207
4598,Female,35,26-35,3,clerical/admin,48237
4599,Female,35,26-35,0,other,04287
4600,Male,25,19-25,0,other,46240
4601,Male,35,26-35,14,sales/marketing,55415
4602,Male,35,26-35,7,executive/managerial,10021
4603,Female,35,26-35,2,artist,33619
4604,Male,25,19-25,15,scientist,10461
4605,Male,25,19-25,15,scientist,92656
4606,Female,1,Under18,10,K-12 student,90291
4607,Male,25,19-25,0,other,27403
4608,Female,25,19-25,0,other,02144
4609,Female,25,19-25,4,college/grad student,53951
4610,Female,25,19-25,4,college/grad student,53951
4611,Female,18,Under18,4,college/grad student,78705
4612,Female,18,Under18,4,college/grad student,94702
4613,Male,25,19-25,12,programmer,41042
4614,Female,45,36-45,1,academic/educator,10469
4615,Male,25,19-25,17,technician/engineer,61615
4616,Male,25,19-25,20,writer,11717
4617,Female,25,19-25,6,doctor/health care,55433
4618,Male,25,19-25,14,sales/marketing,97202
4619,Female,25,19-25,1,academic/educator,97225
4620,Female,18,Under18,17,technician/engineer,94606
4621,Male,25,19-25,4,college/grad student,94305
4622,Male,25,19-25,12,programmer,55433
4623,Male,25,19-25,16,self-employed,22207
4624,Male,25,19-25,12,programmer,84062
4625,Male,25,19-25,7,executive/managerial,92691
4626,Male,25,19-25,14,sales/marketing,97219
4627,Male,56,56+,1,academic/educator,45224
4628,Female,56,56+,6,doctor/health care,23225
4629,Female,18,Under18,4,college/grad student,94309
4630,Female,25,19-25,4,college/grad student,94610
4631,Male,18,Under18,4,college/grad student,94111
4632,Male,25,19-25,0,other,98040
4633,Male,1,Under18,0,other,48302
4634,Male,50,46-55,20,writer,98119
4635,Male,18,Under18,4,college/grad student,94703
4636,Male,18,Under18,2,artist,10010
4637,Female,35,26-35,9,homemaker,48302
4638,Male,25,19-25,4,college/grad student,55417
4639,Male,35,26-35,11,lawyer,20895
4640,Male,25,19-25,4,college/grad student,55417
4641,Male,25,19-25,7,executive/managerial,20016
4642,Male,25,19-25,0,other,44691
4643,Male,25,19-25,0,other,98115
4644,Male,50,46-55,1,academic/educator,19481
4645,Female,50,46-55,6,doctor/health care,48094
4646,Female,25,19-25,6,doctor/health care,90405
4647,Male,35,26-35,20,writer,80222
4648,Male,18,Under18,4,college/grad student,73071
4649,Male,56,56+,13,retired,10025
4650,Male,25,19-25,7,executive/managerial,30041
4651,Female,45,36-45,0,other,10036
4652,Female,25,19-25,7,executive/managerial,94115
4653,Male,35,26-35,12,programmer,95051
4654,Male,35,26-35,20,writer,94574
4655,Female,25,19-25,1,academic/educator,92037
4656,Male,25,19-25,17,technician/engineer,94041
4657,Male,45,36-45,14,sales/marketing,55416
4658,Male,25,19-25,4,college/grad student,99163
4659,Female,25,19-25,14,sales/marketing,37076
4660,Female,18,Under18,4,college/grad student,06074
4661,Male,45,36-45,15,scientist,85255
4662,Female,18,Under18,4,college/grad student,84109
4663,Male,25,19-25,4,college/grad student,92037
4664,Female,45,36-45,7,executive/managerial,77006
4665,Male,35,26-35,2,artist,03431
4666,Male,35,26-35,1,academic/educator,53704
4667,Male,25,19-25,14,sales/marketing,94117
4668,Male,35,26-35,14,sales/marketing,74012
4669,Male,35,26-35,7,executive/managerial,19004
4670,Male,35,26-35,5,customer service,91343
4671,Male,25,19-25,12,programmer,94043
4672,Male,56,56+,13,retired,94306
4673,Male,35,26-35,16,self-employed,94705
4674,Female,35,26-35,7,executive/managerial,08318
4675,Female,18,Under18,4,college/grad student,27514
4676,Male,45,36-45,14,sales/marketing,46038
4677,Male,50,46-55,6,doctor/health care,05055
4678,Male,35,26-35,2,artist,90292
4679,Male,56,56+,13,retired,76051
4680,Male,35,26-35,0,other,04473
4681,Female,35,26-35,15,scientist,06119
4682,Male,25,19-25,7,executive/managerial,05346
4683,Male,25,19-25,0,other,22101
4684,Female,25,19-25,0,other,04473
4685,Male,35,26-35,1,academic/educator,55454
4686,Male,18,Under18,1,academic/educator,50201
4687,Male,35,26-35,14,sales/marketing,01746
4688,Male,25,19-25,9,homemaker,44310
4689,Male,18,Under18,12,programmer,02215
4690,Female,1,Under18,10,K-12 student,79605
4691,Female,45,36-45,17,technician/engineer,55419
4692,Female,25,19-25,7,executive/managerial,78703
4693,Male,18,Under18,1,academic/educator,60626
4694,Male,56,56+,7,executive/managerial,40505
4695,Male,18,Under18,18,tradesman/craftsman,56002
4696,Male,18,Under18,12,programmer,10027
4697,Male,18,Under18,10,K-12 student,79605
4698,Female,25,19-25,6,doctor/health care,55417
4699,Female,18,Under18,0,other,91765
4700,Female,18,Under18,4,college/grad student,48109
4701,Male,45,36-45,17,technician/engineer,18036
4702,Male,25,19-25,11,lawyer,13031
4703,Male,25,19-25,7,executive/managerial,02035
4704,Male,18,Under18,20,writer,02601
4705,Female,18,Under18,0,other,75115
4706,Male,25,19-25,14,sales/marketing,68502
4707,Male,1,Under18,0,other,92804
4708,Male,25,19-25,0,other,60647
4709,Male,45,36-45,0,other,06804
4710,Female,35,26-35,16,self-employed,24450
4711,Male,25,19-25,17,technician/engineer,32250
4712,Male,35,26-35,17,technician/engineer,03824
4713,Male,25,19-25,17,technician/engineer,90245
4714,Male,50,46-55,1,academic/educator,55405
4715,Male,25,19-25,2,artist,97205
4716,Female,25,19-25,16,self-employed,02465
4717,Male,45,36-45,17,technician/engineer,48310
4718,Male,35,26-35,7,executive/managerial,03885
4719,Female,35,26-35,9,homemaker,02816
4720,Male,25,19-25,2,artist,90035
4721,Male,35,26-35,11,lawyer,95405
4722,Male,35,26-35,12,programmer,55122
4723,Male,35,26-35,7,executive/managerial,90014-1718
4724,Female,56,56+,6,doctor/health care,01852
4725,Male,35,26-35,5,customer service,96707-1321
4726,Female,35,26-35,16,self-employed,95828
4727,Female,56,56+,0,other,98801
4728,Male,25,19-25,19,unemployed,31401
4729,Male,50,46-55,16,self-employed,55347
4730,Male,50,46-55,11,lawyer,04102
4731,Male,25,19-25,17,technician/engineer,98033
4732,Male,25,19-25,14,sales/marketing,24450
4733,Male,18,Under18,18,tradesman/craftsman,52301
4734,Male,50,46-55,1,academic/educator,93105
4735,Male,45,36-45,3,clerical/admin,50312
4736,Male,18,Under18,20,writer,91505
4737,Male,35,26-35,16,self-employed,19003
4738,Male,56,56+,1,academic/educator,23608
4739,Male,25,19-25,3,clerical/admin,32580
4740,Female,25,19-25,3,clerical/admin,38134
4741,Male,35,26-35,7,executive/managerial,15203
4742,Male,25,19-25,3,clerical/admin,94118
4743,Male,56,56+,13,retired,63122
4744,Male,50,46-55,15,scientist,12740
4745,Female,18,Under18,4,college/grad student,06268
4746,Male,50,46-55,1,academic/educator,19087-3622
4747,Male,18,Under18,4,college/grad student,26201
4748,Male,45,36-45,16,self-employed,60302
4749,Male,45,36-45,0,other,23462
4750,Female,25,19-25,0,other,91107
4751,Male,50,46-55,15,scientist,02474
4752,Female,18,Under18,4,college/grad student,94121
4753,Male,56,56+,1,academic/educator,03825
4754,Female,18,Under18,0,other,91107
4755,Female,56,56+,7,executive/managerial,93060
4756,Male,56,56+,16,self-employed,55901
4757,Male,35,26-35,17,technician/engineer,23451
4758,Female,56,56+,13,retired,03261
4759,Female,50,46-55,0,other,04259
4760,Male,35,26-35,17,technician/engineer,06110
4761,Male,18,Under18,15,scientist,21042
4762,Female,25,19-25,14,sales/marketing,94110
4763,Male,56,56+,11,lawyer,04259
4764,Male,1,Under18,10,K-12 student,03608
4765,Female,35,26-35,16,self-employed,03301
4766,Male,35,26-35,16,self-employed,10014
4767,Female,35,26-35,9,homemaker,03769
4768,Male,25,19-25,4,college/grad student,22030
4769,Male,25,19-25,1,academic/educator,02571
4770,Female,35,26-35,7,executive/managerial,10012
4771,Female,25,19-25,4,college/grad student,04101
4772,Male,56,56+,17,technician/engineer,03801
4773,Male,45,36-45,1,academic/educator,22314
4774,Male,45,36-45,14,sales/marketing,07458
4775,Male,25,19-25,17,technician/engineer,23462
4776,Female,25,19-25,3,clerical/admin,46227
4777,Male,25,19-25,2,artist,46142
4778,Male,25,19-25,0,other,46227
4779,Male,45,36-45,3,clerical/admin,04011
4780,Male,25,19-25,12,programmer,94114
4781,Female,50,46-55,6,doctor/health care,04086
4782,Male,45,36-45,1,academic/educator,78212
4783,Male,25,19-25,0,other,60618
4784,Female,35,26-35,6,doctor/health care,48105
4785,Female,25,19-25,14,sales/marketing,55104
4786,Male,45,36-45,6,doctor/health care,22630
4787,Male,1,Under18,11,lawyer,94610
4788,Male,35,26-35,7,executive/managerial,85331
4789,Male,35,26-35,2,artist,55104
4790,Female,25,19-25,2,artist,94133
4791,Male,18,Under18,4,college/grad student,55116
4792,Female,50,46-55,7,executive/managerial,94123
4793,Female,25,19-25,6,doctor/health care,48108
4794,Female,35,26-35,0,other,46142
4795,Male,45,36-45,16,self-employed,10962
4796,Male,35,26-35,7,executive/managerial,98103
4797,Female,35,26-35,17,technician/engineer,84067
4798,Male,25,19-25,1,academic/educator,19335
4799,Female,18,Under18,4,college/grad student,02809
4800,Male,18,Under18,4,college/grad student,80521
4801,Male,25,19-25,4,college/grad student,30349
4802,Male,56,56+,1,academic/educator,40601
4803,Female,25,19-25,16,self-employed,45750
4804,Female,35,26-35,1,academic/educator,44107
4805,Male,35,26-35,1,academic/educator,45750
4806,Male,25,19-25,17,technician/engineer,90031
4807,Male,1,Under18,2,artist,04101
4808,Male,35,26-35,0,other,96707-1321
4809,Female,50,46-55,4,college/grad student,20902
4810,Male,18,Under18,12,programmer,80526
4811,Male,35,26-35,1,academic/educator,01773
4812,Male,18,Under18,14,sales/marketing,25301
4813,Female,35,26-35,9,homemaker,46077
4814,Male,18,Under18,14,sales/marketing,80526
4815,Female,50,46-55,18,tradesman/craftsman,04849
4816,Female,45,36-45,6,doctor/health care,04240
4817,Male,25,19-25,1,academic/educator,20912
4818,Female,25,19-25,17,technician/engineer,91007
4819,Male,35,26-35,18,tradesman/craftsman,17350
4820,Male,50,46-55,11,lawyer,04210
4821,Male,18,Under18,19,unemployed,75080
4822,Female,35,26-35,0,other,01545
4823,Male,18,Under18,4,college/grad student,46219
4824,Male,25,19-25,7,executive/managerial,55411
4825,Male,25,19-25,17,technician/engineer,94602
4826,Male,45,36-45,12,programmer,55436
4827,Male,35,26-35,0,other,13045
4828,Female,18,Under18,20,writer,60194
4829,Male,25,19-25,0,other,20008
4830,Male,1,Under18,10,K-12 student,55317
4831,Female,25,19-25,1,academic/educator,04210
4832,Male,25,19-25,14,sales/marketing,17857
4833,Male,35,26-35,16,self-employed,81321
4834,Female,45,36-45,9,homemaker,03862
4835,Male,25,19-25,20,writer,14450
4836,Female,45,36-45,16,self-employed,04074
4837,Male,25,19-25,5,customer service,46254
4838,Male,45,36-45,1,academic/educator,48309
4839,Female,50,46-55,6,doctor/health care,95014
4840,Female,45,36-45,6,doctor/health care,63135
4841,Male,25,19-25,12,programmer,94114
4842,Female,35,26-35,1,academic/educator,23062
4843,Male,56,56+,1,academic/educator,04032
4844,Male,45,36-45,7,executive/managerial,03840
4845,Female,25,19-25,1,academic/educator,55413
4846,Female,25,19-25,2,artist,90066
4847,Male,25,19-25,12,programmer,94131
4848,Female,35,26-35,6,doctor/health care,54971
4849,Female,18,Under18,4,college/grad student,44515
4850,Female,45,36-45,3,clerical/admin,44555
4851,Male,18,Under18,17,technician/engineer,44406
4852,Male,35,26-35,0,other,42025
4853,Male,25,19-25,7,executive/managerial,55346
4854,Female,50,46-55,13,retired,03851
4855,Male,25,19-25,12,programmer,90034
4856,Male,25,19-25,7,executive/managerial,94110
4857,Male,25,19-25,14,sales/marketing,23434
4858,Male,25,19-25,1,academic/educator,04086
4859,Female,18,Under18,14,sales/marketing,50401
4860,Male,25,19-25,2,artist,60640
4861,Male,25,19-25,4,college/grad student,04309
4862,Male,25,19-25,0,other,94086
4863,Female,25,19-25,9,homemaker,84037
4864,Male,18,Under18,20,writer,63132
4865,Female,35,26-35,14,sales/marketing,02130
4866,Male,56,56+,12,programmer,04085
4867,Male,25,19-25,16,self-employed,04101
4868,Male,35,26-35,17,technician/engineer,03820
4869,Female,45,36-45,6,doctor/health care,04578
4870,Female,35,26-35,3,clerical/admin,04108
4871,Male,18,Under18,12,programmer,04096
4872,Male,45,36-45,1,academic/educator,03909
4873,Male,56,56+,11,lawyer,13760
4874,Female,25,19-25,4,college/grad student,70808
4875,Male,35,26-35,0,other,97403
4876,Female,35,26-35,17,technician/engineer,98201
4877,Male,25,19-25,4,college/grad student,94703
4878,Male,50,46-55,4,college/grad student,94070
4879,Male,25,19-25,3,clerical/admin,60626
4880,Female,45,36-45,9,homemaker,95030
4881,Male,45,36-45,16,self-employed,55406
4882,Male,45,36-45,11,lawyer,03301
4883,Female,1,Under18,10,K-12 student,02906
4884,Male,35,26-35,14,sales/marketing,90266
4885,Male,56,56+,1,academic/educator,23513
4886,Female,35,26-35,17,technician/engineer,92509
4887,Male,18,Under18,2,artist,19072
4888,Female,56,56+,0,other,08055
4889,Male,18,Under18,4,college/grad student,63108
4890,Female,25,19-25,1,academic/educator,79928
4891,Male,35,26-35,17,technician/engineer,94132
4892,Male,25,19-25,12,programmer,55405
4893,Male,25,19-25,17,technician/engineer,48092
4894,Male,35,26-35,7,executive/managerial,14607
4895,Female,25,19-25,3,clerical/admin,52001
4896,Male,35,26-35,6,doctor/health care,84103
4897,Male,35,26-35,16,self-employed,16844
4898,Male,25,19-25,1,academic/educator,27713
4899,Male,25,19-25,12,programmer,94402
4900,Male,25,19-25,20,writer,33626
4901,Male,25,19-25,7,executive/managerial,11228
4902,Male,35,26-35,14,sales/marketing,84057
4903,Male,35,26-35,12,programmer,95952
4904,Male,50,46-55,15,scientist,63121
4905,Female,45,36-45,1,academic/educator,60417
4906,Male,50,46-55,17,technician/engineer,49506
4907,Female,50,46-55,7,executive/managerial,55082
4908,Male,35,26-35,15,scientist,85282
4909,Female,35,26-35,12,programmer,94014
4910,Male,18,Under18,12,programmer,84041
4911,Female,25,19-25,0,other,55421
4912,Female,50,46-55,20,writer,98115
4913,Female,25,19-25,1,academic/educator,970025
4914,Female,25,19-25,1,academic/educator,02453
4915,Male,25,19-25,12,programmer,91423
4916,Male,18,Under18,20,writer,85054
4917,Male,45,36-45,0,other,27312
4918,Female,18,Under18,12,programmer,84107
4919,Male,18,Under18,0,other,84058
4920,Male,35,26-35,1,academic/educator,02144
4921,Female,25,19-25,15,scientist,92507
4922,Male,18,Under18,17,technician/engineer,98121
4923,Male,45,36-45,18,tradesman/craftsman,99826
4924,Female,35,26-35,0,other,99801
4925,Female,35,26-35,6,doctor/health care,55401
4926,Male,1,Under18,10,K-12 student,55616
4927,Male,45,36-45,0,other,97520
4928,Female,25,19-25,3,clerical/admin,92103
4929,Male,45,36-45,1,academic/educator,63105
4930,Male,50,46-55,17,technician/engineer,63033
4931,Male,50,46-55,17,technician/engineer,90031
4932,Male,25,19-25,7,executive/managerial,63303
4933,Male,25,19-25,15,scientist,94040
4934,Female,25,19-25,0,other,55108
4935,Male,35,26-35,17,technician/engineer,62958
4936,Female,18,Under18,4,college/grad student,63144
4937,Male,35,26-35,0,other,02108
4938,Female,18,Under18,4,college/grad student,55406
4939,Male,25,19-25,7,executive/managerial,63105
4940,Female,50,46-55,11,lawyer,94102
4941,Male,56,56+,20,writer,44281
4942,Male,45,36-45,12,programmer,40515
4943,Female,50,46-55,0,other,55401
4944,Male,50,46-55,17,technician/engineer,14568
4945,Male,50,46-55,0,other,62234
4946,Female,35,26-35,1,academic/educator,91106
4947,Male,35,26-35,17,technician/engineer,90035
4948,Male,45,36-45,2,artist,94618
4949,Male,18,Under18,4,college/grad student,55104
4950,Male,25,19-25,16,self-employed,55421
4951,Female,35,26-35,17,technician/engineer,90291
4952,Female,25,19-25,14,sales/marketing,48067
4953,Male,35,26-35,12,programmer,55082
4954,Male,45,36-45,0,other,92679
4955,Male,56,56+,13,retired,55804
4956,Male,35,26-35,15,scientist,77007
4957,Male,25,19-25,2,artist,48197
4958,Male,18,Under18,7,executive/managerial,55403
4959,Male,25,19-25,17,technician/engineer,23454
4960,Male,56,56+,1,academic/educator,55116
4961,Male,25,19-25,7,executive/managerial,46220
4962,Male,25,19-25,6,doctor/health care,55439
4963,Male,45,36-45,17,technician/engineer,94931
4964,Male,35,26-35,0,other,94110
4965,Male,1,Under18,10,K-12 student,63123-1507
4966,Male,50,46-55,14,sales/marketing,55407
4967,Male,18,Under18,4,college/grad student,94708
4968,Female,50,46-55,20,writer,95404
4969,Male,18,Under18,19,unemployed,94111
4970,Female,25,19-25,12,programmer,94526
4971,Male,35,26-35,7,executive/managerial,94086
4972,Male,35,26-35,0,other,95118
4973,Female,56,56+,2,artist,949702
4974,Male,35,26-35,20,writer,94131
4975,Male,35,26-35,0,other,90065
4976,Male,25,19-25,11,lawyer,65775
4977,Male,25,19-25,4,college/grad student,92507
4978,Male,35,26-35,14,sales/marketing,68108
4979,Male,35,26-35,2,artist,55423
4980,Male,25,19-25,1,academic/educator,55403
4981,Male,50,46-55,1,academic/educator,55406
4982,Male,25,19-25,12,programmer,63043
4983,Female,45,36-45,16,self-employed,55116
4984,Male,35,26-35,0,other,55405
4985,Male,35,26-35,0,other,29063
4986,Male,18,Under18,12,programmer,55401
4987,Female,56,56+,8,farmer,90210
4988,Male,25,19-25,17,technician/engineer,55105
4989,Male,25,19-25,0,other,55121
4990,Female,25,19-25,4,college/grad student,55407
4991,Female,56,56+,14,sales/marketing,91791
4992,Female,25,19-25,2,artist,55106
4993,Male,45,36-45,17,technician/engineer,54022
4994,Male,45,36-45,17,technician/engineer,56001
4995,Male,50,46-55,20,writer,55419
4996,Male,35,26-35,7,executive/managerial,94550
4997,Male,1,Under18,10,K-12 student,90210
4998,Female,18,Under18,4,college/grad student,48433
4999,Female,56,56+,13,retired,92407
5000,Male,25,19-25,4,college/grad student,46254
5001,Female,25,19-25,2,artist,63119
5002,Male,25,19-25,17,technician/engineer,90505
5003,Male,35,26-35,12,programmer,49508
5004,Female,56,56+,1,academic/educator,90402
5005,Male,45,36-45,16,self-employed,92807
5006,Male,35,26-35,3,clerical/admin,48827
5007,Female,18,Under18,4,college/grad student,91030
5008,Male,25,19-25,20,writer,60615
5009,Female,45,36-45,16,self-employed,65441
5010,Male,45,36-45,15,scientist,63119
5011,Male,18,Under18,4,college/grad student,64154
5012,Male,50,46-55,15,scientist,48103
5013,Male,18,Under18,4,college/grad student,26241
5014,Male,45,36-45,0,other,92626
5015,Male,35,26-35,6,doctor/health care,92672
5016,Female,35,26-35,1,academic/educator,89447
5017,Male,35,26-35,12,programmer,91104
5018,Female,56,56+,12,programmer,90290
5019,Male,25,19-25,7,executive/managerial,10025
5020,Female,56,56+,13,retired,90241
5021,Male,50,46-55,6,doctor/health care,90504
5022,Male,35,26-35,7,executive/managerial,91001
5023,Male,35,26-35,20,writer,91505
5024,Female,45,36-45,1,academic/educator,14618
5025,Male,25,19-25,20,writer,60615
5026,Male,25,19-25,17,technician/engineer,92584
5027,Female,25,19-25,14,sales/marketing,05345
5028,Male,25,19-25,12,programmer,92404
5029,Male,25,19-25,4,college/grad student,70115
5030,Male,18,Under18,1,academic/educator,70006
5031,Female,25,19-25,4,college/grad student,89431
5032,Male,18,Under18,17,technician/engineer,02139
5033,Female,56,56+,13,retired,60506
5034,Female,25,19-25,15,scientist,62901
5035,Female,25,19-25,17,technician/engineer,19810
5036,Male,35,26-35,7,executive/managerial,14850
5037,Male,35,26-35,12,programmer,11375
5038,Male,25,19-25,20,writer,10010
5039,Female,35,26-35,4,college/grad student,97068
5040,Male,45,36-45,12,programmer,44312
5041,Female,45,36-45,6,doctor/health care,60031
5042,Female,18,Under18,2,artist,55408
5043,Female,18,Under18,6,doctor/health care,92145
5044,Female,35,26-35,6,doctor/health care,23507
5045,Male,35,26-35,0,other,43081
5046,Male,25,19-25,16,self-employed,60614
5047,Male,45,36-45,6,doctor/health care,23452
5048,Female,35,26-35,7,executive/managerial,30350
5049,Male,25,19-25,12,programmer,60613
5050,Female,18,Under18,4,college/grad student,11024
5051,Female,50,46-55,7,executive/managerial,11771
5052,Male,35,26-35,16,self-employed,02536
5053,Male,25,19-25,4,college/grad student,84111
5054,Male,35,26-35,2,artist,20818
5055,Female,35,26-35,16,self-employed,97330
5056,Male,45,36-45,1,academic/educator,16673
5057,Male,50,46-55,7,executive/managerial,84093
5058,Male,56,56+,17,technician/engineer,84121
5059,Male,45,36-45,16,self-employed,22652
5060,Male,45,36-45,17,technician/engineer,84109-2001
5061,Female,18,Under18,19,unemployed,05070
5062,Male,50,46-55,16,self-employed,65401
5063,Female,1,Under18,10,K-12 student,22801
5064,Male,18,Under18,4,college/grad student,43215
5065,Male,25,19-25,14,sales/marketing,28715
5066,Female,25,19-25,1,academic/educator,23603
5067,Male,56,56+,13,retired,97520
5068,Male,35,26-35,7,executive/managerial,19004
5069,Female,56,56+,0,other,95062
5070,Male,25,19-25,2,artist,55344
5071,Female,25,19-25,7,executive/managerial,75093
5072,Male,45,36-45,17,technician/engineer,97330
5073,Male,56,56+,2,artist,93950
5074,Male,1,Under18,0,other,20132
5075,Male,50,46-55,6,doctor/health care,97470
5076,Male,25,19-25,3,clerical/admin,19147
5077,Male,25,19-25,2,artist,20037
5078,Male,45,36-45,7,executive/managerial,19067
5079,Male,25,19-25,4,college/grad student,70003
5080,Female,50,46-55,12,programmer,95472
5081,Female,18,Under18,4,college/grad student,19102
5082,Male,35,26-35,1,academic/educator,23185
5083,Male,25,19-25,4,college/grad student,16803
5084,Male,18,Under18,4,college/grad student,10013
5085,Male,56,56+,17,technician/engineer,75225
5086,Male,25,19-25,1,academic/educator,23462
5087,Female,25,19-25,6,doctor/health care,19102
5088,Male,25,19-25,17,technician/engineer,38111
5089,Female,35,26-35,16,self-employed,77027
5090,Female,35,26-35,19,unemployed,75069
5091,Male,25,19-25,17,technician/engineer,19810
5092,Male,56,56+,14,sales/marketing,18954
5093,Male,50,46-55,7,executive/managerial,19047
5094,Male,18,Under18,10,K-12 student,67206
5095,Female,35,26-35,1,academic/educator,23508
5096,Male,25,19-25,11,lawyer,75206
5097,Male,56,56+,16,self-employed,19131
5098,Male,50,46-55,7,executive/managerial,19380
5099,Male,18,Under18,0,other,02780
5100,Male,50,46-55,6,doctor/health care,193122042
5101,Male,25,19-25,0,other,90069
5102,Male,25,19-25,12,programmer,90240
5103,Female,35,26-35,16,self-employed,78222
5104,Male,35,26-35,20,writer,19108
5105,Male,50,46-55,7,executive/managerial,18977
5106,Female,35,26-35,1,academic/educator,19348
5107,Female,45,36-45,0,other,08081
5108,Female,25,19-25,9,homemaker,93940
5109,Female,45,36-45,6,doctor/health care,19802
5110,Male,35,26-35,15,scientist,78250
5111,Male,35,26-35,2,artist,78006
5112,Male,35,26-35,13,retired,89128
5113,Male,25,19-25,0,other,55408
5114,Female,1,Under18,10,K-12 student,22932
5115,Male,56,56+,12,programmer,02143
5116,Male,35,26-35,6,doctor/health care,95521
5117,Female,25,19-25,0,other,70118
5118,Male,1,Under18,10,K-12 student,95123
5119,Female,25,19-25,0,other,10011
5120,Male,50,46-55,7,executive/managerial,80302
5121,Male,25,19-25,7,executive/managerial,91608
5122,Male,25,19-25,0,other,20009
5123,Male,50,46-55,12,programmer,34761
5124,Male,35,26-35,2,artist,20818
5125,Male,45,36-45,0,other,10016
5126,Male,25,19-25,11,lawyer,02453
5127,Male,45,36-45,5,customer service,98502
5128,Male,50,46-55,7,executive/managerial,94709
5129,Male,45,36-45,17,technician/engineer,40515
5130,Female,50,46-55,1,academic/educator,33149
5131,Female,25,19-25,1,academic/educator,77707
5132,Male,35,26-35,7,executive/managerial,77565
5133,Male,18,Under18,11,lawyer,10028
5134,Male,25,19-25,17,technician/engineer,95014
5135,Male,35,26-35,7,executive/managerial,64055
5136,Male,25,19-25,12,programmer,91106
5137,Male,18,Under18,18,tradesman/craftsman,65265
5138,Male,25,19-25,17,technician/engineer,35205
5139,Male,50,46-55,16,self-employed,12866
5140,Male,25,19-25,6,doctor/health care,35205
5141,Male,18,Under18,17,technician/engineer,55423
5142,Male,25,19-25,1,academic/educator,92101
5143,Male,18,Under18,4,college/grad student,44502
5144,Female,50,46-55,0,other,66762
5145,Male,35,26-35,7,executive/managerial,77565-2332
5146,Male,56,56+,1,academic/educator,04240
5147,Male,18,Under18,0,other,48314
5148,Male,25,19-25,20,writer,98101
5149,Male,35,26-35,1,academic/educator,10012
5150,Male,25,19-25,3,clerical/admin,98034
5151,Male,18,Under18,19,unemployed,30662
5152,Female,25,19-25,4,college/grad student,44406
5153,Male,25,19-25,7,executive/managerial,60046
5154,Male,25,19-25,16,self-employed,20007
5155,Male,25,19-25,16,self-employed,33301
5156,Male,18,Under18,14,sales/marketing,10024
5157,Male,35,26-35,1,academic/educator,74012
5158,Female,18,Under18,4,college/grad student,44509
5159,Male,35,26-35,7,executive/managerial,37027
5160,Female,18,Under18,4,college/grad student,90066
5161,Male,25,19-25,4,college/grad student,30052
5162,Male,25,19-25,17,technician/engineer,94043
5163,Male,45,36-45,6,doctor/health care,53216
5164,Female,35,26-35,17,technician/engineer,91107
5165,Male,35,26-35,6,doctor/health care,91103
5166,Male,50,46-55,6,doctor/health care,42420
5167,Male,18,Under18,15,scientist,06114
5168,Male,35,26-35,7,executive/managerial,01720
5169,Female,50,46-55,4,college/grad student,53562
5170,Male,18,Under18,4,college/grad student,63141
5171,Male,56,56+,17,technician/engineer,92009
5172,Female,35,26-35,11,lawyer,05602
5173,Male,1,Under18,10,K-12 student,60423
5174,Male,45,36-45,1,academic/educator,45208
5175,Female,35,26-35,9,homemaker,33445
5176,Male,1,Under18,10,K-12 student,60423
5177,Male,45,36-45,14,sales/marketing,30005
5178,Male,50,46-55,0,other,45420
5179,Male,25,19-25,12,programmer,94110
5180,Male,35,26-35,11,lawyer,85044
5181,Male,25,19-25,7,executive/managerial,19003
5182,Female,35,26-35,7,executive/managerial,55441
5183,Female,18,Under18,20,writer,45202
5184,Male,18,Under18,20,writer,67212
5185,Female,35,26-35,4,college/grad student,44485
5186,Male,35,26-35,12,programmer,96555
5187,Male,18,Under18,16,self-employed,06510
5188,Female,35,26-35,9,homemaker,44406
5189,Female,45,36-45,7,executive/managerial,80304
5190,Female,35,26-35,0,other,85024
5191,Female,25,19-25,4,college/grad student,55455
5192,Male,25,19-25,7,executive/managerial,80303
5193,Male,35,26-35,12,programmer,14619
5194,Male,25,19-25,7,executive/managerial,55409
5195,Male,35,26-35,7,executive/managerial,80304
5196,Male,56,56+,7,executive/managerial,20814
5197,Female,56,56+,3,clerical/admin,75001
5198,Female,18,Under18,4,college/grad student,55118
5199,Female,25,19-25,1,academic/educator,35243
5200,Female,35,26-35,15,scientist,43065
5201,Male,50,46-55,7,executive/managerial,95376
5202,Male,18,Under18,4,college/grad student,02871
5203,Female,45,36-45,6,doctor/health care,01545
5204,Male,50,46-55,13,retired,56342
5205,Male,25,19-25,1,academic/educator,02908
5206,Male,35,26-35,7,executive/managerial,91302
5207,Male,25,19-25,0,other,98102
5208,Male,25,19-25,4,college/grad student,55455
5209,Male,50,46-55,1,academic/educator,46077
5210,Female,35,26-35,17,technician/engineer,60618
5211,Male,25,19-25,1,academic/educator,40214
5212,Male,18,Under18,2,artist,90025
5213,Male,18,Under18,0,other,31211
5214,Female,35,26-35,9,homemaker,07452
5215,Female,56,56+,6,doctor/health care,91941
5216,Male,18,Under18,2,artist,81291
5217,Male,25,19-25,17,technician/engineer,01060
5218,Male,18,Under18,0,other,89129
5219,Male,18,Under18,4,college/grad student,94706
5220,Male,25,19-25,7,executive/managerial,91436
5221,Female,56,56+,1,academic/educator,96734
5222,Male,25,19-25,12,programmer,94501
5223,Male,56,56+,10,K-12 student,11361
5224,Male,35,26-35,1,academic/educator,10016
5225,Male,18,Under18,4,college/grad student,55120
5226,Male,35,26-35,0,other,98122
5227,Male,18,Under18,10,K-12 student,64050
5228,Male,1,Under18,0,other,75070
5229,Male,25,19-25,0,other,60173
5230,Male,25,19-25,12,programmer,91104
5231,Male,35,26-35,7,executive/managerial,92506
5232,Male,25,19-25,4,college/grad student,14607
5233,Male,25,19-25,5,customer service,97213
5234,Female,25,19-25,0,other,60657
5235,Male,25,19-25,4,college/grad student,14607
5236,Male,25,19-25,14,sales/marketing,46268
5237,Male,25,19-25,7,executive/managerial,55441
5238,Female,50,46-55,16,self-employed,07462
5239,Male,35,26-35,7,executive/managerial,07043
5240,Female,25,19-25,0,other,94104
5241,Female,25,19-25,4,college/grad student,02138
5242,Male,25,19-25,1,academic/educator,14608
5243,Male,1,Under18,10,K-12 student,54220
5244,Male,18,Under18,4,college/grad student,01095
5245,Female,45,36-45,1,academic/educator,27615
5246,Female,18,Under18,0,other,64030
5247,Female,1,Under18,10,K-12 student,01915
5248,Female,45,36-45,14,sales/marketing,22206
5249,Female,45,36-45,14,sales/marketing,75006
5250,Male,50,46-55,6,doctor/health care,01545
5251,Female,25,19-25,17,technician/engineer,97330
5252,Male,25,19-25,20,writer,60622
5253,Female,56,56+,13,retired,02838
5254,Male,18,Under18,4,college/grad student,32606
5255,Male,1,Under18,10,K-12 student,55305
5256,Male,25,19-25,16,self-employed,30269
5257,Female,25,19-25,2,artist,10019
5258,Male,35,26-35,4,college/grad student,58369
5259,Male,25,19-25,6,doctor/health care,94404
5260,Male,35,26-35,7,executive/managerial,78705
5261,Male,35,26-35,12,programmer,10025
5262,Female,25,19-25,14,sales/marketing,46220
5263,Male,35,26-35,7,executive/managerial,40601
5264,Male,18,Under18,4,college/grad student,15217
5265,Male,45,36-45,1,academic/educator,97405
5266,Male,35,26-35,1,academic/educator,42718
5267,Male,35,26-35,7,executive/managerial,20191
5268,Female,25,19-25,2,artist,68502
5269,Male,18,Under18,0,other,37211
5270,Male,25,19-25,12,programmer,87571
5271,Female,25,19-25,0,other,94110
5272,Male,25,19-25,7,executive/managerial,90210
5273,Male,56,56+,20,writer,91030
5274,Male,25,19-25,0,other,60611
5275,Male,25,19-25,17,technician/engineer,60611
5276,Female,25,19-25,4,college/grad student,91740
5277,Male,25,19-25,20,writer,91740
5278,Female,25,19-25,7,executive/managerial,55122
5279,Female,25,19-25,14,sales/marketing,55418
5280,Male,18,Under18,4,college/grad student,12604
5281,Male,25,19-25,2,artist,90210
5282,Female,18,Under18,4,college/grad student,63146
5283,Male,18,Under18,2,artist,63138
5284,Male,25,19-25,16,self-employed,55426
5285,Male,18,Under18,4,college/grad student,55410
5286,Male,45,36-45,16,self-employed,97068
5287,Male,25,19-25,8,farmer,85203
5288,Male,56,56+,13,retired,94114
5289,Male,45,36-45,2,artist,94102
5290,Female,18,Under18,4,college/grad student,60613
5291,Male,45,36-45,1,academic/educator,44406
5292,Male,25,19-25,0,other,97401
5293,Male,25,19-25,12,programmer,95030
5294,Male,25,19-25,2,artist,60626
5295,Male,35,26-35,7,executive/managerial,55124
5296,Female,1,Under18,0,other,27245
5297,Male,25,19-25,12,programmer,19067
5298,Male,35,26-35,17,technician/engineer,55126
5299,Male,25,19-25,2,artist,43202
5300,Male,25,19-25,20,writer,94111
5301,Male,25,19-25,17,technician/engineer,00693
5302,Female,1,Under18,10,K-12 student,02332
5303,Female,56,56+,6,doctor/health care,45504
5304,Female,35,26-35,9,homemaker,55410
5305,Female,18,Under18,4,college/grad student,95602
5306,Female,25,19-25,17,technician/engineer,92121
5307,Male,25,19-25,5,customer service,85281
5308,Male,56,56+,7,executive/managerial,27410
5309,Male,25,19-25,0,other,02478
5310,Female,56,56+,1,academic/educator,60605
5311,Male,50,46-55,0,other,62025-8000
5312,Male,25,19-25,1,academic/educator,10463
5313,Male,56,56+,0,other,55406
5314,Female,25,19-25,0,other,94107
5315,Male,25,19-25,12,programmer,22903
5316,Male,18,Under18,4,college/grad student,55104
5317,Female,25,19-25,0,other,02138
5318,Male,18,Under18,17,technician/engineer,98122
5319,Male,18,Under18,17,technician/engineer,94941
5320,Female,18,Under18,5,customer service,43201
5321,Male,25,19-25,4,college/grad student,02457
5322,Male,35,26-35,17,technician/engineer,97330
5323,Male,25,19-25,20,writer,94122
5324,Male,25,19-25,7,executive/managerial,02150
5325,Female,50,46-55,7,executive/managerial,86001
5326,Male,25,19-25,2,artist,55408
5327,Male,25,19-25,7,executive/managerial,55408
5328,Female,25,19-25,4,college/grad student,91740
5329,Female,25,19-25,5,customer service,91773
5330,Female,25,19-25,0,other,19143
5331,Male,35,26-35,14,sales/marketing,06880
5332,Male,18,Under18,4,college/grad student,30332
5333,Female,25,19-25,7,executive/managerial,02332
5334,Female,56,56+,13,retired,46140
5335,Male,25,19-25,14,sales/marketing,75093
5336,Male,56,56+,7,executive/managerial,75041
5337,Female,35,26-35,3,clerical/admin,02725-1010
5338,Male,25,19-25,17,technician/engineer,27609
5339,Male,18,Under18,17,technician/engineer,60193
5340,Female,50,46-55,3,clerical/admin,95032
5341,Female,25,19-25,3,clerical/admin,85018
5342,Female,35,26-35,7,executive/managerial,22039
5343,Female,25,19-25,9,homemaker,60201
5344,Female,50,46-55,1,academic/educator,98177
5345,Female,25,19-25,17,technician/engineer,80003
5346,Female,25,19-25,3,clerical/admin,97330
5347,Male,25,19-25,6,doctor/health care,53705
5348,Male,18,Under18,5,customer service,55414
5349,Female,50,46-55,2,artist,97424
5350,Male,18,Under18,5,customer service,55344
5351,Female,45,36-45,1,academic/educator,85259
5352,Female,35,26-35,5,customer service,55306
5353,Male,25,19-25,6,doctor/health care,77030
5354,Female,45,36-45,3,clerical/admin,78759
5355,Male,56,56+,0,other,78232
5356,Male,45,36-45,0,other,78703
5357,Female,18,Under18,20,writer,60123
5358,Male,35,26-35,7,executive/managerial,10625
5359,Male,18,Under18,16,self-employed,27705
5360,Male,18,Under18,12,programmer,43650
5361,Female,50,46-55,16,self-employed,92026
5362,Male,35,26-35,13,retired,63130
5363,Male,56,56+,13,retired,30673
5364,Female,25,19-25,3,clerical/admin,55408
5365,Male,18,Under18,12,programmer,90250
5366,Male,18,Under18,12,programmer,90045
5367,Male,18,Under18,4,college/grad student,55344
5368,Female,25,19-25,17,technician/engineer,20120
5369,Male,25,19-25,15,scientist,02139
5370,Male,25,19-25,12,programmer,98074
5371,Male,25,19-25,11,lawyer,55408
5372,Male,25,19-25,4,college/grad student,10549
5373,Male,18,Under18,12,programmer,55112
5374,Male,35,26-35,7,executive/managerial,38018
5375,Male,25,19-25,0,other,02131
5376,Male,25,19-25,17,technician/engineer,94538
5377,Female,18,Under18,3,clerical/admin,10017
5378,Male,35,26-35,18,tradesman/craftsman,10463
5379,Male,25,19-25,7,executive/managerial,84095
5380,Male,18,Under18,4,college/grad student,01125
5381,Male,25,19-25,14,sales/marketing,10009
5382,Male,18,Under18,4,college/grad student,07461
5383,Male,35,26-35,1,academic/educator,55430
5384,Female,25,19-25,3,clerical/admin,94117
5385,Male,25,19-25,12,programmer,85226
5386,Male,25,19-25,14,sales/marketing,60045
5387,Female,25,19-25,1,academic/educator,45056
5388,Female,18,Under18,4,college/grad student,10580
5389,Male,45,36-45,7,executive/managerial,01905
5390,Male,1,Under18,0,other,78130
5391,Male,25,19-25,7,executive/managerial,10016
5392,Male,50,46-55,1,academic/educator,98112
5393,Male,35,26-35,7,executive/managerial,10471
5394,Male,18,Under18,0,other,60618
5395,Male,50,46-55,1,academic/educator,13224
5396,Male,25,19-25,6,doctor/health care,89118
5397,Male,18,Under18,0,other,60451
5398,Male,56,56+,17,technician/engineer,71301
5399,Male,25,19-25,1,academic/educator,12553
5400,Female,18,Under18,4,college/grad student,30010
5401,Female,18,Under18,1,academic/educator,20003
5402,Female,25,19-25,0,other,30102
5403,Male,1,Under18,10,K-12 student,59801
5404,Male,25,19-25,0,other,30068
5405,Female,50,46-55,7,executive/managerial,12866
5406,Female,35,26-35,0,other,49504
5407,Female,35,26-35,17,technician/engineer,30096
5408,Male,25,19-25,20,writer,11230-1710
5409,Male,45,36-45,1,academic/educator,60091
5410,Female,45,36-45,2,artist,21212
5411,Female,1,Under18,19,unemployed,14850
5412,Male,25,19-25,12,programmer,97330
5413,Male,35,26-35,1,academic/educator,59801
5414,Male,1,Under18,10,K-12 student,07652
5415,Female,25,19-25,7,executive/managerial,03862
5416,Female,25,19-25,5,customer service,01801
5417,Male,18,Under18,17,technician/engineer,19030
5418,Female,25,19-25,0,other,53589
5419,Female,18,Under18,12,programmer,05055
5420,Female,1,Under18,19,unemployed,14850
5421,Male,35,26-35,17,technician/engineer,22030
5422,Male,50,46-55,7,executive/managerial,94114
5423,Female,50,46-55,5,customer service,60714
5424,Female,35,26-35,2,artist,80012
5425,Male,18,Under18,4,college/grad student,53211
5426,Male,25,19-25,14,sales/marketing,95821
5427,Male,35,26-35,19,unemployed,11201
5428,Female,25,19-25,6,doctor/health care,28412
5429,Female,25,19-25,1,academic/educator,02460
5430,Female,45,36-45,1,academic/educator,26505
5431,Male,56,56+,1,academic/educator,19026
5432,Male,56,56+,13,retired,01742
5433,Female,35,26-35,17,technician/engineer,45014
5434,Female,25,19-25,7,executive/managerial,60618
5435,Male,45,36-45,18,tradesman/craftsman,02557
5436,Male,18,Under18,4,college/grad student,90024
5437,Male,25,19-25,11,lawyer,55426
5438,Male,25,19-25,14,sales/marketing,60048
5439,Male,56,56+,13,retired,19119
5440,Female,45,36-45,2,artist,37923
5441,Male,50,46-55,7,executive/managerial,95762
5442,Male,25,19-25,7,executive/managerial,63110
5443,Male,25,19-25,12,programmer,01915
5444,Female,18,Under18,4,college/grad student,55449
5445,Male,25,19-25,0,other,43223
5446,Female,50,46-55,1,academic/educator,65203
5447,Male,45,36-45,2,artist,60626
5448,Male,45,36-45,19,unemployed,60626
5449,Male,18,Under18,12,programmer,01702
5450,Male,18,Under18,12,programmer,02143
5451,Female,25,19-25,1,academic/educator,98115
5452,Male,35,26-35,6,doctor/health care,10011
5453,Male,18,Under18,4,college/grad student,30305
5454,Male,35,26-35,7,executive/managerial,10001
5455,Female,18,Under18,17,technician/engineer,55449
5456,Male,35,26-35,1,academic/educator,32312
5457,Male,18,Under18,12,programmer,55405
5458,Female,18,Under18,2,artist,98102
5459,Female,1,Under18,10,K-12 student,99016
5460,Male,18,Under18,4,college/grad student,02143
5461,Male,50,46-55,0,other,94025
5462,Male,25,19-25,17,technician/engineer,89103
5463,Male,35,26-35,0,other,53202
5464,Male,35,26-35,7,executive/managerial,77079
5465,Female,25,19-25,0,other,10019
5466,Male,25,19-25,12,programmer,98033
5467,Male,35,26-35,0,other,63366
5468,Male,25,19-25,12,programmer,94618
5469,Male,35,26-35,12,programmer,20171
5470,Male,56,56+,7,executive/managerial,20003-2712
5471,Male,18,Under18,7,executive/managerial,10016
5472,Male,35,26-35,1,academic/educator,27909
5473,Male,25,19-25,1,academic/educator,20120-6354
5474,Male,25,19-25,12,programmer,20009
5475,Male,25,19-25,4,college/grad student,94110
5476,Female,35,26-35,0,other,20037
5477,Male,35,26-35,1,academic/educator,55343
5478,Male,35,26-35,7,executive/managerial,02766
5479,Male,35,26-35,1,academic/educator,50014
5480,Female,25,19-25,14,sales/marketing,07030
5481,Male,45,36-45,12,programmer,55449
5482,Male,18,Under18,7,executive/managerial,10014
5483,Female,25,19-25,6,doctor/health care,15202
5484,Male,45,36-45,17,technician/engineer,21742
5485,Male,25,19-25,4,college/grad student,08544
5486,Male,25,19-25,0,other,17821
5487,Male,25,19-25,17,technician/engineer,95136
5488,Male,25,19-25,15,scientist,91125
5489,Male,18,Under18,7,executive/managerial,94104
5490,Male,45,36-45,17,technician/engineer,80907
5491,Male,18,Under18,7,executive/managerial,10016
5492,Male,18,Under18,4,college/grad student,55104
5493,Male,35,26-35,12,programmer,96797
5494,Female,35,26-35,17,technician/engineer,94306
5495,Female,18,Under18,4,college/grad student,95076
5496,Male,25,19-25,7,executive/managerial,90069
5497,Male,25,19-25,4,college/grad student,60201
5498,Female,50,46-55,1,academic/educator,62901
5499,Female,25,19-25,19,unemployed,60201
5500,Female,35,26-35,20,writer,14850
5501,Male,25,19-25,2,artist,33334
5502,Male,25,19-25,2,artist,66044
5503,Female,25,19-25,9,homemaker,55409
5504,Male,45,36-45,7,executive/managerial,85287-2702
5505,Female,25,19-25,4,college/grad student,02141
5506,Female,18,Under18,14,sales/marketing,60610
5507,Male,45,36-45,7,executive/managerial,44325
5508,Male,25,19-25,20,writer,94519
5509,Male,25,19-25,0,other,11215
5510,Male,18,Under18,4,college/grad student,191004
5511,Male,45,36-45,1,academic/educator,92407
5512,Female,25,19-25,17,technician/engineer,01701
5513,Male,35,26-35,1,academic/educator,91768
5514,Female,1,Under18,10,K-12 student,76501
5515,Male,18,Under18,4,college/grad student,16101
5516,Female,50,46-55,16,self-employed,98257
5517,Male,56,56+,0,other,80210
5518,Male,50,46-55,17,technician/engineer,78666
5519,Male,35,26-35,15,scientist,33167
5520,Male,45,36-45,1,academic/educator,18901
5521,Female,25,19-25,6,doctor/health care,02118
5522,Male,25,19-25,14,sales/marketing,02460
5523,Male,35,26-35,0,other,60187
5524,Female,1,Under18,10,K-12 student,26505
5525,Female,1,Under18,10,K-12 student,55311
5526,Female,35,26-35,2,artist,27514
5527,Male,25,19-25,1,academic/educator,70803
5528,Male,50,46-55,1,academic/educator,45840
5529,Male,18,Under18,6,doctor/health care,05273
5530,Female,18,Under18,4,college/grad student,63141
5531,Male,50,46-55,17,technician/engineer,09056
5532,Male,25,19-25,17,technician/engineer,27408
5533,Female,50,46-55,2,artist,10025
5534,Male,45,36-45,16,self-employed,30102
5535,Male,25,19-25,15,scientist,94538
5536,Male,25,19-25,16,self-employed,67204
5537,Female,56,56+,1,academic/educator,10543
5538,Male,45,36-45,12,programmer,55102
5539,Female,25,19-25,20,writer,91403
5540,Male,35,26-35,1,academic/educator,19149
5541,Male,56,56+,7,executive/managerial,93924
5542,Male,45,36-45,7,executive/managerial,11576
5543,Male,25,19-25,17,technician/engineer,97401
5544,Male,25,19-25,15,scientist,08876
5545,Female,35,26-35,16,self-employed,98072
5546,Male,18,Under18,14,sales/marketing,26301
5547,Female,18,Under18,4,college/grad student,10025
5548,Female,18,Under18,4,college/grad student,02138
5549,Female,50,46-55,9,homemaker,76034
5550,Male,35,26-35,15,scientist,48187
5551,Female,35,26-35,20,writer,98103
5552,Male,50,46-55,7,executive/managerial,23233
5553,Male,35,26-35,3,clerical/admin,29425
5554,Male,25,19-25,1,academic/educator,92116
5555,Male,1,Under18,10,K-12 student,37830
5556,Male,45,36-45,6,doctor/health care,92103
5557,Male,35,26-35,14,sales/marketing,33701
5558,Male,1,Under18,10,K-12 student,02446
5559,Male,50,46-55,1,academic/educator,77706
5560,Female,35,26-35,17,technician/engineer,98036
5561,Female,25,19-25,3,clerical/admin,74075
5562,Female,35,26-35,1,academic/educator,54650
5563,Female,25,19-25,7,executive/managerial,11753
5564,Male,45,36-45,20,writer,02446
5565,Male,18,Under18,17,technician/engineer,02114
5566,Male,35,26-35,7,executive/managerial,20901
5567,Male,50,46-55,3,clerical/admin,78704
5568,Male,18,Under18,4,college/grad student,49841
5569,Female,18,Under18,1,academic/educator,07666
5570,Male,25,19-25,1,academic/educator,07666
5571,Female,25,19-25,9,homemaker,07307
5572,Female,25,19-25,4,college/grad student,63119
5573,Female,35,26-35,1,academic/educator,14619
5574,Male,25,19-25,0,other,20878
5575,Male,35,26-35,7,executive/managerial,19808
5576,Male,25,19-25,4,college/grad student,55369
5577,Male,50,46-55,1,academic/educator,12970
5578,Female,18,Under18,1,academic/educator,02109
5579,Female,35,26-35,7,executive/managerial,07039
5580,Male,45,36-45,7,executive/managerial,01581
5581,Male,25,19-25,0,other,10016
5582,Male,45,36-45,1,academic/educator,50011
5583,Male,56,56+,15,scientist,37830
5584,Female,50,46-55,0,other,10016
5585,Male,25,19-25,4,college/grad student,10016
5586,Male,35,26-35,20,writer,94107
5587,Male,25,19-25,17,technician/engineer,22041
5588,Female,25,19-25,20,writer,60640
5589,Female,25,19-25,0,other,04101
5590,Female,45,36-45,12,programmer,94117
5591,Male,18,Under18,0,other,10009
5592,Male,25,19-25,1,academic/educator,53706
5593,Male,50,46-55,16,self-employed,90210
5594,Female,45,36-45,0,other,55419
5595,Male,25,19-25,20,writer,90027
5596,Male,35,26-35,12,programmer,22201
5597,Female,18,Under18,4,college/grad student,95008
5598,Male,18,Under18,4,college/grad student,27607
5599,Male,35,26-35,7,executive/managerial,90020
5600,Female,45,36-45,0,other,12833-2000
5601,Male,35,26-35,1,academic/educator,98225
5602,Male,35,26-35,0,other,97212
5603,Male,50,46-55,7,executive/managerial,02461
5604,Male,35,26-35,15,scientist,63117
5605,Female,18,Under18,2,artist,95008
5606,Female,25,19-25,14,sales/marketing,21046
5607,Male,18,Under18,4,college/grad student,11209
5608,Male,18,Under18,3,clerical/admin,78722
5609,Female,50,46-55,1,academic/educator,30602
5610,Female,25,19-25,1,academic/educator,54880
5611,Female,35,26-35,7,executive/managerial,04015
5612,Female,25,19-25,1,academic/educator,02148
5613,Female,35,26-35,0,other,98622
5614,Male,25,19-25,0,other,12833
5615,Male,35,26-35,7,executive/managerial,07028
5616,Male,45,36-45,1,academic/educator,08840
5617,Male,25,19-25,14,sales/marketing,48336
5618,Female,18,Under18,4,college/grad student,92612
5619,Female,18,Under18,4,college/grad student,22310
5620,Male,35,26-35,14,sales/marketing,55330
5621,Male,25,19-25,7,executive/managerial,02135
5622,Male,35,26-35,15,scientist,01775
5623,Male,25,19-25,11,lawyer,84109
5624,Male,25,19-25,7,executive/managerial,19380
5625,Male,25,19-25,1,academic/educator,01760
5626,Male,56,56+,16,self-employed,32043
5627,Male,25,19-25,0,other,07040
5628,Male,18,Under18,4,college/grad student,90024
5629,Male,25,19-25,14,sales/marketing,02465
5630,Male,35,26-35,17,technician/engineer,06854
5631,Male,35,26-35,12,programmer,01944
5632,Female,18,Under18,4,college/grad student,78628
5633,Male,50,46-55,1,academic/educator,98262
5634,Male,25,19-25,14,sales/marketing,55406
5635,Female,35,26-35,9,homemaker,06854
5636,Male,25,19-25,7,executive/managerial,98102
5637,Male,1,Under18,10,K-12 student,11102
5638,Male,18,Under18,1,academic/educator,32601
5639,Female,18,Under18,4,college/grad student,62025
5640,Male,35,26-35,17,technician/engineer,78765
5641,Female,25,19-25,17,technician/engineer,48473
5642,Male,1,Under18,10,K-12 student,73013
5643,Female,35,26-35,1,academic/educator,84108
5644,Female,18,Under18,4,college/grad student,92833
5645,Male,25,19-25,2,artist,87123
5646,Male,18,Under18,4,college/grad student,96744
5647,Male,18,Under18,1,academic/educator,62522
5648,Male,25,19-25,17,technician/engineer,48473
5649,Female,18,Under18,4,college/grad student,90025
5650,Female,35,26-35,12,programmer,91104
5651,Female,25,19-25,6,doctor/health care,74105
5652,Male,18,Under18,0,other,47901
5653,Male,50,46-55,1,academic/educator,74105
5654,Male,25,19-25,4,college/grad student,95616
5655,Female,25,19-25,6,doctor/health care,77054
5656,Male,25,19-25,15,scientist,03755
5657,Male,50,46-55,14,sales/marketing,92026
5658,Male,56,56+,0,other,32043
5659,Male,25,19-25,0,other,20874
5660,Male,25,19-25,2,artist,78722
5661,Female,25,19-25,15,scientist,03255
5662,Male,1,Under18,10,K-12 student,07960
5663,Female,35,26-35,20,writer,75093
5664,Male,18,Under18,4,college/grad student,48363
5665,Male,18,Under18,4,college/grad student,10461-1301
5666,Male,18,Under18,16,self-employed,11209
5667,Male,35,26-35,7,executive/managerial,10009
5668,Female,25,19-25,3,clerical/admin,41030
5669,Male,56,56+,1,academic/educator,90024
5670,Male,18,Under18,4,college/grad student,48109
5671,Male,25,19-25,1,academic/educator,02146
5672,Female,25,19-25,4,college/grad student,43212
5673,Female,35,26-35,1,academic/educator,55417
5674,Male,35,26-35,7,executive/managerial,94306
5675,Male,35,26-35,14,sales/marketing,30030
5676,Male,25,19-25,20,writer,78746
5677,Male,25,19-25,1,academic/educator,13210
5678,Male,35,26-35,17,technician/engineer,98103
5679,Male,35,26-35,2,artist,33020
5680,Male,50,46-55,20,writer,94117
5681,Female,25,19-25,7,executive/managerial,92122
5682,Male,18,Under18,0,other,23455-4959
5683,Female,18,Under18,9,homemaker,94538
5684,Male,18,Under18,16,self-employed,94110
5685,Male,25,19-25,17,technician/engineer,94117
5686,Male,56,56+,16,self-employed,60610
5687,Female,1,Under18,0,other,55403
5688,Female,18,Under18,4,college/grad student,78666
5689,Male,25,19-25,0,other,84119
5690,Male,18,Under18,4,college/grad student,78666
5691,Male,35,26-35,14,sales/marketing,66013
5692,Female,25,19-25,7,executive/managerial,29615
5693,Female,25,19-25,4,college/grad student,90034
5694,Female,25,19-25,12,programmer,90640
5695,Female,35,26-35,3,clerical/admin,21221
5696,Female,25,19-25,14,sales/marketing,97367
5697,Male,25,19-25,0,other,95826
5698,Male,35,26-35,14,sales/marketing,55418
5699,Male,35,26-35,15,scientist,94706
5700,Female,18,Under18,14,sales/marketing,55426
5701,Male,25,19-25,7,executive/managerial,55311
5702,Male,18,Under18,0,other,90034
5703,Male,56,56+,1,academic/educator,14068
5704,Female,18,Under18,4,college/grad student,90024
5705,Female,18,Under18,4,college/grad student,90024
5706,Male,18,Under18,17,technician/engineer,08550
5707,Male,25,19-25,12,programmer,01060
5708,Male,35,26-35,1,academic/educator,90034
5709,Male,18,Under18,4,college/grad student,90024
5710,Male,25,19-25,15,scientist,90034
5711,Male,25,19-25,7,executive/managerial,47714
5712,Male,35,26-35,1,academic/educator,90024
5713,Female,50,46-55,7,executive/managerial,91362
5714,Male,35,26-35,2,artist,96753
5715,Male,18,Under18,4,college/grad student,90024
5716,Male,1,Under18,10,K-12 student,03756
5717,Male,25,19-25,0,other,03766
5718,Female,35,26-35,14,sales/marketing,38018
5719,Male,56,56+,7,executive/managerial,21773
5720,Male,25,19-25,0,other,60610
5721,Male,45,36-45,11,lawyer,90046
5722,Male,25,19-25,20,writer,48103
5723,Male,18,Under18,12,programmer,55057
5724,Male,25,19-25,15,scientist,94102
5725,Male,18,Under18,2,artist,10018
5726,Male,25,19-25,1,academic/educator,77845
5727,Male,25,19-25,4,college/grad student,92843
5728,Female,35,26-35,20,writer,09824
5729,Male,18,Under18,10,K-12 student,99016
5730,Male,18,Under18,0,other,94111
5731,Female,25,19-25,11,lawyer,10022
5732,Female,25,19-25,11,lawyer,02111
5733,Male,25,19-25,4,college/grad student,48109
5734,Female,25,19-25,14,sales/marketing,10022
5735,Male,25,19-25,6,doctor/health care,19342
5736,Male,25,19-25,1,academic/educator,08904
5737,Male,45,36-45,15,scientist,93555
5738,Male,25,19-25,12,programmer,55406
5739,Male,25,19-25,7,executive/managerial,90212
5740,Male,25,19-25,1,academic/educator,60613
5741,Male,50,46-55,13,retired,60622
5742,Female,25,19-25,12,programmer,20850
5743,Female,35,26-35,0,other,55442
5744,Female,25,19-25,4,college/grad student,66044
5745,Female,18,Under18,4,college/grad student,90024
5746,Male,18,Under18,15,scientist,94061
5747,Male,25,19-25,0,other,03755
5748,Male,25,19-25,0,other,92155
5749,Male,25,19-25,2,artist,94117
5750,Male,18,Under18,1,academic/educator,04101
5751,Female,1,Under18,0,other,14167
5752,Female,56,56+,0,other,14850
5753,Male,18,Under18,17,technician/engineer,78758
5754,Female,18,Under18,1,academic/educator,60640
5755,Female,35,26-35,2,artist,78744
5756,Female,1,Under18,10,K-12 student,98110
5757,Male,1,Under18,10,K-12 student,05667
5758,Female,50,46-55,1,academic/educator,29642
5759,Female,25,19-25,1,academic/educator,08904
5760,Male,18,Under18,12,programmer,10549
5761,Male,25,19-25,20,writer,90048
5762,Female,35,26-35,6,doctor/health care,55125
5763,Female,25,19-25,1,academic/educator,08904
5764,Female,50,46-55,12,programmer,77098
5765,Male,25,19-25,11,lawyer,44515
5766,Male,56,56+,14,sales/marketing,96744
5767,Male,25,19-25,2,artist,75287
5768,Female,1,Under18,7,executive/managerial,20852
5769,Male,45,36-45,14,sales/marketing,05602
5770,Male,25,19-25,0,other,80231
5771,Male,25,19-25,7,executive/managerial,95616
5772,Male,35,26-35,7,executive/managerial,16365
5773,Male,25,19-25,6,doctor/health care,89123
5774,Male,18,Under18,4,college/grad student,94118
5775,Male,25,19-25,11,lawyer,10024
5776,Male,18,Under18,12,programmer,97205
5777,Male,1,Under18,0,other,05667
5778,Male,35,26-35,12,programmer,85257
5779,Male,25,19-25,5,customer service,10011
5780,Male,18,Under18,17,technician/engineer,92886
5781,Male,25,19-25,2,artist,11106
5782,Female,35,26-35,0,other,55459
5783,Female,45,36-45,1,academic/educator,92106
5784,Male,18,Under18,10,K-12 student,56137
5785,Female,25,19-25,7,executive/managerial,60607
5786,Male,25,19-25,6,doctor/health care,53211
5787,Male,25,19-25,20,writer,90802
5788,Male,25,19-25,0,other,92646
5789,Male,25,19-25,17,technician/engineer,91107
5790,Female,35,26-35,0,other,55303
5791,Male,18,Under18,4,college/grad student,44074
5792,Male,25,19-25,17,technician/engineer,43201
5793,Male,25,19-25,2,artist,91602
5794,Male,35,26-35,17,technician/engineer,53703
5795,Male,25,19-25,1,academic/educator,92688
5796,Female,25,19-25,7,executive/managerial,10003
5797,Male,25,19-25,7,executive/managerial,78757
5798,Male,35,26-35,0,other,80027
5799,Male,25,19-25,5,customer service,80916
5800,Male,35,26-35,18,tradesman/craftsman,90804
5801,Male,25,19-25,16,self-employed,04103
5802,Female,25,19-25,0,other,98105
5803,Male,1,Under18,10,K-12 student,01597
5804,Female,35,26-35,7,executive/managerial,94306
5805,Female,25,19-25,0,other,90802
5806,Female,50,46-55,1,academic/educator,08826
5807,Male,35,26-35,7,executive/managerial,01940
5808,Female,25,19-25,7,executive/managerial,37206
5809,Male,25,19-25,7,executive/managerial,37206
5810,Male,50,46-55,16,self-employed,95070
5811,Male,18,Under18,4,college/grad student,60202
5812,Female,25,19-25,7,executive/managerial,92120
5813,Male,25,19-25,7,executive/managerial,94117
5814,Male,25,19-25,0,other,91403
5815,Male,25,19-25,20,writer,90048
5816,Male,25,19-25,0,other,70119
5817,Male,25,19-25,17,technician/engineer,33028
5818,Male,25,19-25,4,college/grad student,92821
5819,Male,50,46-55,6,doctor/health care,70808
5820,Male,45,36-45,0,other,43615
5821,Male,25,19-25,15,scientist,02139
5822,Female,35,26-35,4,college/grad student,78212
5823,Male,25,19-25,12,programmer,02144
5824,Male,18,Under18,12,programmer,18052
5825,Female,25,19-25,4,college/grad student,43201
5826,Male,18,Under18,4,college/grad student,60201
5827,Male,25,19-25,2,artist,55118
5828,Male,25,19-25,17,technician/engineer,90048
5829,Female,25,19-25,4,college/grad student,78223
5830,Female,18,Under18,4,college/grad student,78209
5831,Male,25,19-25,1,academic/educator,92120
5832,Female,25,19-25,0,other,78240
5833,Female,35,26-35,0,other,78253
5834,Male,56,56+,16,self-employed,92106
5835,Female,35,26-35,0,other,55406
5836,Male,25,19-25,0,other,91604
5837,Male,25,19-25,7,executive/managerial,60607
5838,Female,45,36-45,7,executive/managerial,02038
5839,Male,25,19-25,1,academic/educator,27106
5840,Female,1,Under18,0,other,44260
5841,Female,35,26-35,7,executive/managerial,10024
5842,Male,25,19-25,4,college/grad student,43201
5843,Male,35,26-35,1,academic/educator,83301
5844,Female,1,Under18,10,K-12 student,02131
5845,Female,25,19-25,3,clerical/admin,79411
5846,Male,45,36-45,16,self-employed,78204
5847,Female,18,Under18,4,college/grad student,02464
5848,Male,50,46-55,20,writer,20009
5849,Male,35,26-35,17,technician/engineer,97124
5850,Female,25,19-25,7,executive/managerial,78230
5851,Female,18,Under18,20,writer,55410
5852,Female,25,19-25,1,academic/educator,94044
5853,Male,50,46-55,19,unemployed,13903
5854,Male,45,36-45,7,executive/managerial,33135
5855,Male,50,46-55,7,executive/managerial,19462
5856,Female,25,19-25,7,executive/managerial,78232
5857,Female,45,36-45,2,artist,43229
5858,Male,25,19-25,4,college/grad student,01002
5859,Male,25,19-25,7,executive/managerial,89117
5860,Female,25,19-25,4,college/grad student,91428
5861,Female,50,46-55,1,academic/educator,98499
5862,Female,25,19-25,9,homemaker,76120
5863,Female,25,19-25,14,sales/marketing,89511
5864,Female,50,46-55,1,academic/educator,28043
5865,Male,25,19-25,17,technician/engineer,95926
5866,Female,25,19-25,6,doctor/health care,06114
5867,Female,45,36-45,3,clerical/admin,91306
5868,Male,35,26-35,14,sales/marketing,85331
5869,Female,25,19-25,7,executive/managerial,19103
5870,Male,25,19-25,14,sales/marketing,98109
5871,Female,25,19-25,4,college/grad student,01002
5872,Male,25,19-25,17,technician/engineer,61265
5873,Male,18,Under18,12,programmer,10021
5874,Male,25,19-25,4,college/grad student,01002
5875,Male,25,19-25,4,college/grad student,19103
5876,Male,50,46-55,7,executive/managerial,30066
5877,Male,18,Under18,12,programmer,02138
5878,Female,25,19-25,0,other,60640
5879,Male,35,26-35,7,executive/managerial,02135
5880,Male,25,19-25,1,academic/educator,08904
5881,Male,35,26-35,17,technician/engineer,30303
5882,Male,35,26-35,7,executive/managerial,60510
5883,Female,18,Under18,0,other,02138
5884,Male,18,Under18,4,college/grad student,20057
5885,Male,25,19-25,1,academic/educator,96930
5886,Male,25,19-25,20,writer,02139
5887,Female,35,26-35,20,writer,61821
5888,Male,25,19-25,20,writer,64114
5889,Male,50,46-55,20,writer,06033
5890,Male,35,26-35,20,writer,77008
5891,Male,18,Under18,4,college/grad student,55404
5892,Male,45,36-45,2,artist,10920
5893,Male,25,19-25,7,executive/managerial,02139
5894,Male,35,26-35,0,other,70748
5895,Male,25,19-25,1,academic/educator,43026
5896,Male,25,19-25,0,other,60657
5897,Male,25,19-25,20,writer,02152
5898,Female,18,Under18,0,other,02143
5899,Male,35,26-35,17,technician/engineer,30024
5900,Male,25,19-25,7,executive/managerial,60628
5901,Female,35,26-35,7,executive/managerial,92075
5902,Male,50,46-55,16,self-employed,77079
5903,Male,25,19-25,11,lawyer,06851
5904,Female,45,36-45,12,programmer,954025
5905,Female,35,26-35,20,writer,78006
5906,Female,18,Under18,4,college/grad student,19803
5907,Male,25,19-25,2,artist,11217
5908,Male,25,19-25,4,college/grad student,19711
5909,Male,18,Under18,20,writer,91330
5910,Female,45,36-45,20,writer,10033
5911,Female,25,19-25,17,technician/engineer,80301
5912,Male,25,19-25,1,academic/educator,77064
5913,Female,18,Under18,0,other,47901
5914,Male,35,26-35,2,artist,91344
5915,Male,18,Under18,4,college/grad student,58102
5916,Male,50,46-55,20,writer,48230
5917,Female,50,46-55,1,academic/educator,94550
5918,Male,25,19-25,12,programmer,55105
5919,Male,18,Under18,0,other,47933
5920,Female,25,19-25,1,academic/educator,05401
5921,Male,25,19-25,6,doctor/health care,15146
5922,Male,56,56+,3,clerical/admin,94561
5923,Male,25,19-25,7,executive/managerial,05401
5924,Male,35,26-35,0,other,55417
5925,Female,25,19-25,0,other,90035-4444
5926,Female,50,46-55,7,executive/managerial,65712
5927,Male,35,26-35,14,sales/marketing,10003
5928,Male,45,36-45,1,academic/educator,14760
5929,Female,35,26-35,0,other,33607
5930,Female,35,26-35,17,technician/engineer,78681
5931,Female,18,Under18,7,executive/managerial,94111
5932,Male,18,Under18,14,sales/marketing,90038
5933,Male,25,19-25,2,artist,98227
5934,Male,25,19-25,14,sales/marketing,77075
5935,Male,18,Under18,0,other,35115
5936,Male,18,Under18,4,college/grad student,37130
5937,Male,25,19-25,12,programmer,60622
5938,Male,25,19-25,1,academic/educator,35401
5939,Female,45,36-45,15,scientist,77040
5940,Male,50,46-55,12,programmer,03062
5941,Female,25,19-25,0,other,60640
5942,Male,45,36-45,1,academic/educator,01867
5943,Female,45,36-45,1,academic/educator,19806
5944,Female,18,Under18,10,K-12 student,27606
5945,Female,35,26-35,2,artist,35229
5946,Female,56,56+,1,academic/educator,55406
5947,Female,45,36-45,16,self-employed,97215
5948,Male,56,56+,13,retired,12124
5949,Male,18,Under18,17,technician/engineer,47901
5950,Male,25,19-25,4,college/grad student,19713
5951,Male,18,Under18,4,college/grad student,77005
5952,Female,45,36-45,1,academic/educator,78231
5953,Male,1,Under18,10,K-12 student,21030
5954,Male,45,36-45,11,lawyer,70802
5955,Female,25,19-25,7,executive/managerial,34952
5956,Female,18,Under18,4,college/grad student,02142
5957,Male,18,Under18,20,writer,02038
5958,Male,45,36-45,14,sales/marketing,94301
5959,Female,18,Under18,4,college/grad student,14850
5960,Female,45,36-45,0,other,70460
5961,Female,45,36-45,0,other,78757
5962,Male,35,26-35,7,executive/managerial,80221
5963,Male,25,19-25,15,scientist,02140
5964,Male,18,Under18,5,customer service,97202
5965,Male,25,19-25,17,technician/engineer,77449
5966,Female,35,26-35,9,homemaker,10021
5967,Male,50,46-55,16,self-employed,73069-5429
5968,Male,56,56+,7,executive/managerial,98103
5969,Male,45,36-45,13,retired,77706
5970,Male,35,26-35,11,lawyer,55438
5971,Male,35,26-35,7,executive/managerial,49504
5972,Female,25,19-25,20,writer,55428
5973,Male,1,Under18,10,K-12 student,54701
5974,Female,25,19-25,1,academic/educator,32303
5975,Male,25,19-25,14,sales/marketing,55104
5976,Female,25,19-25,1,academic/educator,26542
5977,Male,35,26-35,1,academic/educator,90012
5978,Male,35,26-35,1,academic/educator,49307
5979,Male,25,19-25,1,academic/educator,43214
5980,Male,56,56+,1,academic/educator,42503
5981,Male,35,26-35,7,executive/managerial,01776
5982,Male,35,26-35,1,academic/educator,56082
5983,Male,25,19-25,3,clerical/admin,29208
5984,Male,25,19-25,1,academic/educator,60657
5985,Female,18,Under18,4,college/grad student,78705-5221
5986,Female,56,56+,1,academic/educator,01060
5987,Male,25,19-25,16,self-employed,10003
5988,Male,25,19-25,15,scientist,94022
5989,Female,1,Under18,10,K-12 student,74114
5990,Female,25,19-25,20,writer,90046
5991,Female,35,26-35,20,writer,94025
5992,Female,18,Under18,4,college/grad student,21046
5993,Female,50,46-55,20,writer,50010
5994,Male,35,26-35,1,academic/educator,32501
5995,Female,35,26-35,1,academic/educator,14618
5996,Female,25,19-25,0,other,87114
5997,Female,25,19-25,7,executive/managerial,10016
5998,Male,18,Under18,4,college/grad student,61820
5999,Female,25,19-25,1,academic/educator,55455
6000,Male,45,36-45,17,technician/engineer,30075
6001,Female,25,19-25,7,executive/managerial,94117
6002,Male,50,46-55,0,other,43231
6003,Female,45,36-45,17,technician/engineer,78722
6004,Female,25,19-25,15,scientist,28401
6005,Female,25,19-25,5,customer service,28401
6006,Female,1,Under18,0,other,01036
6007,Male,35,26-35,17,technician/engineer,80537
6008,Male,18,Under18,4,college/grad student,78705
6009,Female,25,19-25,12,programmer,60540
6010,Male,35,26-35,0,other,79606
6011,Male,35,26-35,15,scientist,80538
6012,Male,35,26-35,15,scientist,02871
6013,Female,25,19-25,20,writer,32301
6014,Male,45,36-45,1,academic/educator,80634
6015,Female,25,19-25,9,homemaker,80013
6016,Male,45,36-45,1,academic/educator,37209
6017,Female,35,26-35,7,executive/managerial,21117
6018,Male,35,26-35,1,academic/educator,48906
6019,Male,25,19-25,0,other,10024
6020,Male,50,46-55,16,self-employed,10023
6021,Male,25,19-25,12,programmer,08876
6022,Male,25,19-25,17,technician/engineer,57006
6023,Male,25,19-25,0,other,43213
6024,Male,25,19-25,12,programmer,53705
6025,Female,25,19-25,1,academic/educator,32607
6026,Male,35,26-35,6,doctor/health care,11210
6027,Male,18,Under18,4,college/grad student,20742
6028,Male,18,Under18,4,college/grad student,94133
6029,Female,25,19-25,1,academic/educator,23185
6030,Male,25,19-25,17,technician/engineer,32618
6031,Female,18,Under18,0,other,45123
6032,Male,45,36-45,7,executive/managerial,55108
6033,Male,50,46-55,13,retired,78232
6034,Male,25,19-25,14,sales/marketing,94117
6035,Female,25,19-25,1,academic/educator,78734
6036,Female,25,19-25,15,scientist,32603
6037,Female,45,36-45,1,academic/educator,76006
6038,Female,56,56+,1,academic/educator,14706
6039,Female,45,36-45,0,other,01060
6040,Male,25,19-25,6,doctor/health care,11106
